"ANYESCALA","TERMINALCODI","VAIXELLBANDERACODI","ETD","VAIXELLNOM","CALAT_METRES","MANEGA_METRES","MESINFO","TERMINALNOM","ETAHORA","ETAUTC","ETADIA","ETDUTC","VAIXELLTIPUS","ETDHORA","PORTDESTICODI","MOLLCODI","MMSI","IMO","PORTORIGENCODI","ESCALAESTAT","ESLORA_METRES","PORTORIGENNOM","PORTDESTINOM","ESTOPERATIUID","MOLLMODULS","ESCALANUM","ETDDIA","ETA","VAIXELLBANDERANOM","CONSIGNATARI","CALLSIGN"
"2025","0010","MT","2026-01-04 18:57:00","HISTRIA NARVI","11,11","","https://www.marinetraffic.com/en/ais/details/ships/mmsi:256945000","EXOLUM CORPORATION, SA","07:14","2026-01-03 06:14:00","2026-01-03","2026-01-04 17:57:00","Tancs","18:57","ITPFX","24C","256945000","9800829","GRAGT","Finalitzada","180","Agio Theodoroi","Porto Foxi (Sarroch)","F","2-5","80628-1","2026-01-04","2026-01-03 07:14:00","Malta","ALFASHIP MARITIME SERVICES SL ","9HA6033"
"2025","0010","PT","2026-01-02 02:50:00","TINERFE","9,2","","https://www.marinetraffic.com/en/ais/details/ships/mmsi:255831000","EXOLUM CORPORATION, SA","03:50","2026-01-01 02:50:00","2026-01-01","2026-01-02 01:50:00","Tancs","02:50","ESCAS","24C","255831000","9498107","ESIBZ","Finalitzada","144,06","Ibiza","Castellon de la Plana","F","2-5","80467-1","2026-01-02","2026-01-01 03:50:00","Portugal","TRANSPORTES CONSIGNACION MARITIMAS SA","CQVB"
"2025","0010","PT","2026-01-06 05:20:00","TINERFE","9,2","","https://www.marinetraffic.com/en/ais/details/ships/mmsi:255831000","EXOLUM CORPORATION, SA","21:07","2026-01-04 20:07:00","2026-01-04","2026-01-06 04:20:00","Tancs","05:20","ESALG","24C","255831000","9498107","ESCAS","Finalitzada","144,06","Castellon de la Plana","Algeciras","F","2-5","80592-1","2026-01-06","2026-01-04 21:07:00","Portugal","TRANSPORTES CONSIGNACION MARITIMAS SA","CQVB"
"2025","0014","LV","2026-01-02 14:36:00","MOONRAY","3,7","","https://www.marinetraffic.com/en/ais/details/ships/mmsi:275488000","COMA Y RIBAS SL","19:36","2026-01-01 18:36:00","2026-01-01","2026-01-02 13:36:00","Càrrega (Lo-Lo)","14:36","FRFOS","23A","275488000","9234410","FRFOS","Finalitzada","88","Fos-sur-Mer","Fos-sur-Mer","F","2-4","80623-1","2026-01-02","2026-01-01 19:36:00","Letònia","TRANSITAINER SA","YLOU"
"2025","0014","LV","2026-01-09 16:24:00","MOONRAY","3,7","","https://www.marinetraffic.com/en/ais/details/ships/mmsi:275488000","COMA Y RIBAS SL","20:58","2026-01-08 19:58:00","2026-01-08","2026-01-09 15:24:00","Càrrega (Lo-Lo)","16:24","FRFOS","23A","275488000","9234410","FRFOS","Finalitzada","88","Fos-sur-Mer","Fos-sur-Mer","F","3-4","80624-1","2026-01-09","2026-01-08 20:58:00","Letònia","TRANSITAINER SA","YLOU"
"2025","0050","IT","2026-01-01 08:03:00","MARBELLA","7,06","","https://www.marinetraffic.com/en/ais/details/ships/mmsi:247386700","TRAFICO DE MERCANCIAS SA","11:49","2025-12-24 10:49:00","2025-12-24","2026-01-01 07:03:00","Càrrega (Lo-Lo)","08:03","ITSVN","26A","247386700","9406958","ESSAG","Finalitzada","108","Sagunto","Savona","F","18-20","80549-1","2026-01-01","2025-12-24 11:49:00","Itàlia","ERSHIP SA","IBSR"
"2025","172133","MH","2026-01-06 21:24:00","SINCERITY DIVA","14,59","32,24","https://www.marinetraffic.com/en/ais/details/ships/mmsi:538011505","ELIAN BARCELONA SL","09:04","2025-12-25 08:04:00","2025-12-25","2026-01-06 20:24:00","Granelers","21:24","GIGIB","26A","538011505","1016135","BRITA","Finalitzada","229","Itacoatiara","Gibraltar","F","8-12","80469-1","2026-01-06","2025-12-25 09:04:00","Illes Marshall","H JOSE M  MASIQUES SA","V7A3053"
"2025","199896","HK","2026-01-25 13:00:00","BOCHEM LONDON","9,78","","https://www.marinetraffic.com/en/ais/details/ships/mmsi:477636500","MILADERTO SL","03:29","2026-01-23 02:29:00","2026-01-23","2026-01-25 12:00:00","Tancs","13:00","ESALG","32C","477636500","9743849","ITGOA","Finalitzada","145","Genoa","Algeciras","F","1","80417-1","2026-01-25","2026-01-23 03:29:00","Hong Kong","INCHCAPE SHIPPING SERVICIOS ESPAÑA SA","VRQF6"
"2025","199896","LR","2026-01-02 04:09:00","CAPRI","13,15","32,2","https://www.marinetraffic.com/en/ais/details/ships/mmsi:636025443","MILADERTO SL","12:58","2025-12-31 11:58:00","2025-12-31","2026-01-02 03:09:00","Tancs","04:09","GIGIB","34B","636025443","9528392","ESALG","Finalitzada","183","Algeciras","Gibraltar","F","1","80461-1","2026-01-02","2025-12-31 12:58:00","Libèria","ALFASHIP MARITIME SERVICES SL ","5LXM2"
"2025","199896","LR","2026-01-03 17:53:00","JARNAIN","15,35","","https://www.marinetraffic.com/en/ais/details/ships/mmsi:636020896","MILADERTO SL","06:03","2026-01-02 05:03:00","2026-01-02","2026-01-03 16:53:00","Petroliers","17:53","ITMLZ","34B","636020896","9823546","EGSBA","Finalitzada","249,82","Sidi Barrani","Milazzo","F","1","80585-2","2026-01-03","2026-01-02 06:03:00","Libèria","ALFASHIP MARITIME SERVICES SL ","5LBG2"
"2025","2252","MT","2026-01-03 15:58:00","BELLIS THERESA","8,79","23","https://www.marinetraffic.com/en/ais/details/ships/mmsi:248604000","RECEPTORA DE LIQUIDOS SA","11:13","2025-12-31 10:13:00","2025-12-31","2026-01-03 14:58:00","Tancs","15:58","FRLAV","32C","248604000","9192375","ESLPA","Finalitzada","136,14","Las Palmas","Lavera","F","1","80615-1","2026-01-03","2025-12-31 11:13:00","Malta","IBERICA MARITIMA BARCELONA SA","9HA4718"
"2025","2252","MT","2026-01-09 09:00:00","KAPTAN VEYSEL VARDAL","6,76","","https://www.marinetraffic.com/en/ais/details/ships/mmsi:256752000","RECEPTORA DE LIQUIDOS SA","09:13","2026-01-08 08:13:00","2026-01-08","2026-01-09 08:00:00","Tancs","09:00","ZZZZZ","32E","256752000","9362140","FRMRS","Finalitzada","119,1","Marseille","Desconegut","F","1","80677-1","2026-01-09","2026-01-08 09:13:00","Malta","ALFASHIP MARITIME SERVICES SL ","9HA5960"
"2025","2256","BZ","2026-01-07 23:50:00","SWEET JUDI","10,8","","https://www.marinetraffic.com/en/ais/details/ships/mmsi:312574000","ERGRANSA SA","16:47","2025-12-30 15:47:00","2025-12-30","2026-01-07 22:50:00","Granelers","23:50","FRURO","22B","312574000","9502843","TNBIZ","Finalitzada","179,9","Bizerte","Rouen","F","1-5","80610-1","2026-01-07","2025-12-30 16:47:00","Belize","ALFASHIP MARITIME SERVICES SL ","V3PL6"
"2025","2256","CY","2026-01-14 10:02:00","AMMOXOSTOS","14,5","32,26","https://www.marinetraffic.com/en/ais/details/ships/mmsi:209893000","ERGRANSA SA","18:06","2026-01-08 17:06:00","2026-01-08","2026-01-14 09:02:00","Granelers","10:02","ZZZZZ","22B","209893000","9961427","PTLIS","Finalitzada","229","Lisboa","Desconegut","F","1-5","80675-1","2026-01-14","2026-01-08 18:06:00","Xipre","ALFASHIP MARITIME SERVICES SL ","5BJJ6"
"2025","2256","PA","2026-01-13 19:27:00","SAKIZAYA KALON","14,52","32,26","https://www.marinetraffic.com/en/ais/details/ships/mmsi:373254000","ERGRANSA SA","16:57","2026-01-08 15:57:00","2026-01-08","2026-01-13 18:27:00","Granelers","19:27","ZZZZZ","22C","373254000","9749908","ESTAR","Finalitzada","228,99","Tarragona","Desconegut","F","4-8","80503-1","2026-01-13","2026-01-08 16:57:00","Panamà","ALFASHIP MARITIME SERVICES SL ","3FEC3"
"2025","2256","PA","2026-01-23 07:23:00","SAKIZAYA KALON","14,52","32,26","https://www.marinetraffic.com/en/ais/details/ships/mmsi:373254000","ERGRANSA SA","11:13","2026-01-14 10:13:00","2026-01-14","2026-01-23 06:23:00","Granelers","07:23","ZZZZZ","22B","373254000","9749908","ESTAR","Finalitzada","228,99","Tarragona","Desconegut","F","1-5","80503-3","2026-01-23","2026-01-14 11:13:00","Panamà","ALFASHIP MARITIME SERVICES SL ","3FEC3"
"2025","2396","GR","2026-01-02 19:56:00","NEPTUNE ODYSSEY","8","","https://www.marinetraffic.com/en/ais/details/ships/mmsi:241954000","SETRAM","16:27","2025-12-31 15:27:00","2025-12-31","2026-01-02 18:56:00","Car-carrier","19:56","ESVLC","30C","241954000","9440095","FRSET","Finalitzada","169,59","Sete","Valencia","F","1-4","80445-1","2026-01-02","2025-12-31 16:27:00","Grècia","NEPTUNE BARCELONA SA","SVDZ9"
"2025","2398","NL","2026-01-03 01:45:00","NJORD","6","20,6","https://www.marinetraffic.com/en/ais/details/ships/mmsi:245872000","TERMINAL PORT NOU SA","13:20","2026-01-02 12:20:00","2026-01-02","2026-01-03 00:45:00","Portacontenidors","01:45","ESALC","30A","245872000","9349227","ESALC","Finalitzada","141,58","Alicante","Alicante","F","2-5","80659-1","2026-01-03","2026-01-02 13:20:00","Països Baixos","EUROPEAN FORWARDING SL","PDHA"
"2025","2398","NL","2026-01-07 14:36:00","ENDURANCE","7,1","","https://www.marinetraffic.com/en/ais/details/ships/mmsi:244357000","TERMINAL PORT NOU SA","07:39","2026-01-07 06:39:00","2026-01-07","2026-01-07 13:36:00","Portacontenidors","14:36","ESALC","29A","244357000","9312200","ESACE","Finalitzada","134,58","Arrecife de Lanzarote","Alicante","F","18-21","80616-1","2026-01-07","2026-01-07 07:39:00","Països Baixos","EUROPEAN FORWARDING SL","PBKO"
"2025","2398","NL","2026-01-09 21:10:00","ENDURANCE","7,1","","https://www.marinetraffic.com/en/ais/details/ships/mmsi:244357000","TERMINAL PORT NOU SA","12:43","2026-01-09 11:43:00","2026-01-09","2026-01-09 20:10:00","Portacontenidors","21:10","ESALC","30A","244357000","9312200","ESACE","Finalitzada","134,58","Arrecife de Lanzarote","Alicante","F","2-5","80616-3","2026-01-09","2026-01-09 12:43:00","Països Baixos","EUROPEAN FORWARDING SL","PBKO"
"2025","2398","NL","2026-01-17 03:16:00","NJORD","7,3","","https://www.marinetraffic.com/en/ais/details/ships/mmsi:245872000","TERMINAL PORT NOU SA","13:31","2026-01-16 12:31:00","2026-01-16","2026-01-17 02:16:00","Portacontenidors","03:16","ESALC","30A","245872000","9349227","ESALC","Finalitzada","141,58","Alicante","Alicante","F","2-5","80564-1","2026-01-17","2026-01-16 13:31:00","Països Baixos","EUROPEAN FORWARDING SL","PDHA"
"2025","2398","NL","2026-01-17 11:36:00","NJORD","7,3","","https://www.marinetraffic.com/en/ais/details/ships/mmsi:245872000","TERMINAL PORT NOU SA","03:17","2026-01-17 02:17:00","2026-01-17","2026-01-17 10:36:00","Portacontenidors","11:36","ESALC","29A","245872000","9349227","ESALC","Finalitzada","141,58","Alicante","Alicante","F","18-21","80564-2","2026-01-17","2026-01-17 03:17:00","Països Baixos","EUROPEAN FORWARDING SL","PDHA"
"2025","2398","NL","2026-01-28 22:35:00","NJORD","7,3","","https://www.marinetraffic.com/en/ais/details/ships/mmsi:245872000","TERMINAL PORT NOU SA","12:58","2026-01-28 11:58:00","2026-01-28","2026-01-28 21:35:00","Portacontenidors","22:35","ESALC","29A","245872000","9349227","ESALC","Finalitzada","141,58","Alicante","Alicante","F","18-21","80554-1","2026-01-28","2026-01-28 12:58:00","Països Baixos","EUROPEAN FORWARDING SL","PDHA"
"2025","2398","PT","2026-01-01 17:53:00","LOLA B","7,33","","https://www.marinetraffic.com/en/ais/details/ships/mmsi:255806261","TERMINAL PORT NOU SA","11:44","2025-12-31 10:44:00","2025-12-31","2026-01-01 16:53:00","Portacontenidors","17:53","ESVLC","29A","255806261","9353723","ESALC","Finalitzada","154,85","Alicante","Valencia","F","18-21","80121-1","2026-01-01","2025-12-31 11:44:00","Portugal","BOLUDA LINES SA","CQAS3"
"2025","2398","PT","2026-01-02 12:37:00","LOLA B","7,33","","https://www.marinetraffic.com/en/ais/details/ships/mmsi:255806261","TERMINAL PORT NOU SA","17:54","2026-01-01 16:54:00","2026-01-01","2026-01-02 11:37:00","Portacontenidors","12:37","ESVLC","30A","255806261","9353723","ESALC","Finalitzada","154,85","Alicante","Valencia","F","2-5","80121-2","2026-01-02","2026-01-01 17:54:00","Portugal","BOLUDA LINES SA","CQAS3"
"2025","2398","PT","2026-01-02 22:23:00","SANTUCA B","7,46","","https://www.marinetraffic.com/en/ais/details/ships/mmsi:255805627","TERMINAL PORT NOU SA","05:37","2026-01-02 04:37:00","2026-01-02","2026-01-02 21:23:00","Portacontenidors","22:23","ESVLC","29A","255805627","9287687","ESALC","Finalitzada","137,5","Alicante","Valencia","F","18-21","80376-1","2026-01-02","2026-01-02 05:37:00","Portugal","BOLUDA LINES SA","CQFZ"
"2025","2398","PT","2026-01-09 20:12:00","CARLOTA B","6,8","","https://www.marinetraffic.com/en/ais/details/ships/mmsi:255805878","TERMINAL PORT NOU SA","05:56","2026-01-08 04:56:00","2026-01-08","2026-01-09 19:12:00","Portacontenidors","20:12","ESALC","29A","255805878","9404065","ESALC","Finalitzada","141","Alicante","Alicante","F","18-21","80479-1","2026-01-09","2026-01-08 05:56:00","Portugal","BOLUDA LINES SA","CQZY"
"2025","2398","PT","2026-01-17 03:07:00","LOLA B","7,33","","https://www.marinetraffic.com/en/ais/details/ships/mmsi:255806261","TERMINAL PORT NOU SA","14:30","2026-01-15 13:30:00","2026-01-15","2026-01-17 02:07:00","Portacontenidors","03:07","ESVLC","29A","255806261","9353723","ESALC","Finalitzada","154,85","Alicante","Valencia","F","18-21","80121-4","2026-01-17","2026-01-15 14:30:00","Portugal","BOLUDA LINES SA","CQAS3"
"2025","2398","TN","2026-01-14 16:31:00","ELYSSA","7,4","","https://www.marinetraffic.com/en/ais/details/ships/mmsi:672704000","TERMINAL PORT NOU SA","07:08","2026-01-14 06:08:00","2026-01-14","2026-01-14 15:31:00","Ro-Ro","16:31","FRMRS","30A","672704000","9208007","ESSAG","Finalitzada","193","Sagunto","Marseille","F","3-7","80599-1","2026-01-14","2026-01-14 07:08:00","Tunísia","ROMEU Y CIA SA","TSNB"
"2025","2398","TN","2026-02-03 21:23:00","ULYSSE","6,02","","https://www.marinetraffic.com/en/ais/details/ships/mmsi:672248000","TERMINAL PORT NOU SA","10:51","2026-02-03 09:51:00","2026-02-03","2026-02-03 20:23:00","Ro-Ro","21:23","TNTUN","30A","672248000","9142459","TNRDS","Finalitzada","161,5","Rades/Tunis","Tunis","F","4-7","80485-1","2026-02-03","2026-02-03 10:51:00","Tunísia","ROMEU Y CIA SA","TSMU"
"2025","2398","TN","2026-03-05 15:12:00","AMILCAR","7,4","","https://www.marinetraffic.com/en/ais/details/ships/mmsi:672747000","TERMINAL PORT NOU SA","21:19","2026-03-04 20:19:00","2026-03-04","2026-03-05 14:12:00","Ro-Ro","15:12","TNRDS","30A","672747000","9207998","TNRDS","Finalitzada","193","Rades/Tunis","Rades/Tunis","F","3-7","80630-1","2026-03-05","2026-03-04 21:19:00","Tunísia","ROMEU Y CIA SA","TSNA"
"2025","6037","LR","2026-01-03 17:53:00","JARNAIN","15,35","","https://www.marinetraffic.com/en/ais/details/ships/mmsi:636020896","DECAL ESPAÑA SA","06:03","2026-01-02 05:03:00","2026-01-02","2026-01-03 16:53:00","Petroliers","17:53","ITMLZ","34B","636020896","9823546","EGSBA","Finalitzada","249,82","Sidi Barrani","Milazzo","F","1","80585-2","2026-01-03","2026-01-02 06:03:00","Libèria","ALFASHIP MARITIME SERVICES SL ","5LBG2"
"2025","6037","MT","2026-01-02 21:34:00","VALSESIA","11,32","27,4","https://www.marinetraffic.com/en/ais/details/ships/mmsi:215063000","DECAL ESPAÑA SA","02:42","2025-12-31 01:42:00","2025-12-31","2026-01-02 20:34:00","Tancs","21:34","FRFOS","32A","215063000","9385178","ITTAR","Finalitzada","184,32","Taranto","Fos-sur-Mer","F","1","80587-1","2026-01-02","2025-12-31 02:42:00","Malta","ITALMAR 3000 SL","9HA4940"
"2025","6154","GR","2026-01-02 19:56:00","NEPTUNE ODYSSEY","8","","https://www.marinetraffic.com/en/ais/details/ships/mmsi:241954000","AUTOTERMINAL SA","16:27","2025-12-31 15:27:00","2025-12-31","2026-01-02 18:56:00","Car-carrier","19:56","ESVLC","30C","241954000","9440095","FRSET","Finalitzada","169,59","Sete","Valencia","F","1-4","80445-1","2026-01-02","2025-12-31 16:27:00","Grècia","NEPTUNE BARCELONA SA","SVDZ9"
"2025","6154","JP","2026-01-03 13:50:00","TETHYS HIGHWAY","10,08","38","https://www.marinetraffic.com/en/ais/details/ships/mmsi:431476000","AUTOTERMINAL SA","04:46","2026-01-03 03:46:00","2026-01-03","2026-01-03 12:50:00","Car-carrier","13:50","GBBRS","30C","431476000","1046051","GIGIB","Finalitzada","199,96","Gibraltar","Bristol","F","1-5","80433-1","2026-01-03","2026-01-03 04:46:00","Japó","BERGE MARITIMA SL","7KRP"
"2025","6154","LR","2026-01-18 08:39:00","LAKE ANNECY","10","38","https://www.marinetraffic.com/en/ais/details/ships/mmsi:636021537","AUTOTERMINAL SA","09:13","2026-01-17 08:13:00","2026-01-17","2026-01-18 07:39:00","Car-carrier","08:39","SGSIN","30C","636021537","9946063","BEZEE","Finalitzada","199,9","Zeebrugge","Singapore","F","1-5","78839-1","2026-01-18","2026-01-17 09:13:00","Libèria","TRANSPORTES CONSIGNACION MARITIMAS SA","5LEK6"
"2025","6154","MH","2026-01-18 05:05:00","UGR ZAKHER","10","38","https://www.marinetraffic.com/en/ais/details/ships/mmsi:538011753","AUTOTERMINAL SA","06:24","2026-01-17 05:24:00","2026-01-17","2026-01-18 04:05:00","Car-carrier","05:05","EGSUZ","31A","538011753","9980411","LYMRA","Finalitzada","199,9","Misurata","El Suweis (= Suez)","F","2-6","80631-1","2026-01-18","2026-01-17 06:24:00","Illes Marshall","NOATUM MARITIME SPAIN SAU","V7A3410"
"2025","6154","MT","2026-01-05 13:53:00","NEPTUNE KOPER","8,41","","https://www.marinetraffic.com/en/ais/details/ships/mmsi:215940000","AUTOTERMINAL SA","03:56","2026-01-05 02:56:00","2026-01-05","2026-01-05 12:53:00","Ro-Ro","13:53","ESVLC","30C","215940000","9279812","FRSET","Finalitzada","196,4","Sete","Valencia","F","1-5","80583-1","2026-01-05","2026-01-05 03:56:00","Malta","NEPTUNE BARCELONA SA","9HA5382"
"2025","6154","PA","2026-01-15 21:44:00","AQUARIUS ACE","8,52","","https://www.marinetraffic.com/en/ais/details/ships/mmsi:354123000","AUTOTERMINAL SA","12:02","2026-01-15 11:02:00","2026-01-15","2026-01-15 20:44:00","Car-carrier","21:44","ITLIV","31A","354123000","9150339","GBTYN","Finalitzada","174,98","Tyne","Livorno","F","2-6","80518-1","2026-01-15","2026-01-15 12:02:00","Panamà","TRANSPORTES CONSIGNACION MARITIMAS SA","3FHB8"
"2025","6154","PA","2026-01-18 20:53:00","CAELUM ACE","9,98","38","https://www.marinetraffic.com/en/ais/details/ships/mmsi:352005345","AUTOTERMINAL SA","06:49","2026-01-18 05:49:00","2026-01-18","2026-01-18 19:53:00","Car-carrier","20:53","SIKOP","31A","352005345","1026324","GBBRS","Finalitzada","199,95","Bristol","Koper","F","2-6","79797-1","2026-01-18","2026-01-18 06:49:00","Panamà","TRANSPORTES CONSIGNACION MARITIMAS SA","3E8633"
"2025","6212","AG","2026-01-07 11:02:00","SYNETOS","8,8","","https://www.marinetraffic.com/en/ais/details/ships/mmsi:304978000","TERMINAL CATALUNYA SA","18:54","2026-01-06 17:54:00","2026-01-06","2026-01-07 10:02:00","Portacontenidors","11:02","DZALG","36A","304978000","9347774","DZDJE","Finalitzada","139,15","Djen-Djen","Alger (Algiers)","F","27-29","80603-1","2026-01-07","2026-01-06 18:54:00","Antigua i Barbuda","CMA CGM IBERICA SAU","V2CB8"
"2025","6212","AG","2026-01-22 20:50:00","LANGENESS","9,7","28,4","https://www.marinetraffic.com/en/ais/details/ships/mmsi:305540000","TERMINAL CATALUNYA SA","12:14","2026-01-22 11:14:00","2026-01-22","2026-01-22 19:50:00","Portacontenidors","20:50","ESVLC","36A","305540000","9944778","ESALC","Finalitzada","171,99","Alicante","Valencia","F","21-24","78602-1","2026-01-22","2026-01-22 12:14:00","Antigua i Barbuda","OCEAN NETWORK EXPRESS SPAIN SA","V2HR6"
"2025","6212","AG","2026-02-18 15:42:00","LANGENESS","9,7","","https://www.marinetraffic.com/en/ais/details/ships/mmsi:305540000","TERMINAL CATALUNYA SA","07:23","2026-02-18 06:23:00","2026-02-18","2026-02-18 14:42:00","Portacontenidors","15:42","ESVLC","36A","305540000","9944778","TRALI","Finalitzada","171,99","Aliaga","Valencia","F","21-24","80533-1","2026-02-18","2026-02-18 07:23:00","Antigua i Barbuda","OCEAN NETWORK EXPRESS SPAIN SA","V2HR6"
"2025","6212","BE","2026-01-04 20:05:00","A LA MARINE","9,5","","https://www.marinetraffic.com/en/ais/details/ships/mmsi:205795000","TERMINAL CATALUNYA SA","12:07","2026-01-04 11:07:00","2026-01-04","2026-01-04 19:05:00","Portacontenidors","20:05","MACAS","36A","205795000","9386524","PTSET","Finalitzada","170,06","Setubal","Casablanca","F","27-30","79675-1","2026-01-04","2026-01-04 12:07:00","Bèlgica","CMA CGM IBERICA SAU","ONKP"
"2025","6212","BS","2026-01-21 07:12:00","FELIXSTOWE","12,63","","https://www.marinetraffic.com/en/ais/details/ships/mmsi:311001345","TERMINAL CATALUNYA SA","22:01","2026-01-19 21:01:00","2026-01-19","2026-01-21 06:12:00","Portacontenidors","07:12","EGDAM","36A","311001345","9227039","ESVLC","Finalitzada","259,8","Valencia","Damietta","F","12-18","80314-1","2026-01-21","2026-01-19 22:01:00","Bahames","A PEREZ Y CIA SL","C6GT4"
"2025","6212","BS","2026-02-04 10:01:00","CMA CGM BUTTERFLY","16,4","","https://www.marinetraffic.com/en/ais/details/ships/mmsi:311001416","TERMINAL CATALUNYA SA","13:06","2026-02-03 12:06:00","2026-02-03","2026-02-04 09:01:00","Portacontenidors","10:01","EGPSD","36A","311001416","9365790","ESVLC","Finalitzada","349,99","Valencia","Port Said","F","12-19","79669-1","2026-02-04","2026-02-03 13:06:00","Bahames","CMA CGM IBERICA SAU","C6HB6"
"2025","6212","CY","2026-01-10 09:17:00","ONEGO MISTRAL","6,45","","https://www.marinetraffic.com/en/ais/details/ships/mmsi:210203000","TERMINAL CATALUNYA SA","01:24","2026-01-10 00:24:00","2026-01-10","2026-01-10 08:17:00","Càrrega (Lo-Lo)","09:17","MACAS","36A","210203000","9371919","MACAS","Finalitzada","117","Casablanca","Casablanca","F","26-29","80569-1","2026-01-10","2026-01-10 01:24:00","Xipre","NOATUM MARITIME SPAIN SAU","C4VE2"
"2025","6212","CY","2026-01-10 19:14:00","WEC VAN GOGH","8,7","22,5","https://www.marinetraffic.com/en/ais/details/ships/mmsi:212641000","TERMINAL CATALUNYA SA","10:13","2026-01-10 09:13:00","2026-01-10","2026-01-10 18:14:00","Portacontenidors","19:14","ESVLC","36A","212641000","9246566","ESAGP","Finalitzada","134,44","Malaga","Valencia","F","26-29","80436-1","2026-01-10","2026-01-10 10:13:00","Xipre","WEC LINES ESPAÑA SLU","C4TK2"
"2025","6212","CY","2026-01-12 06:20:00","WEC MAJORELLE","6,69","","https://www.marinetraffic.com/en/ais/details/ships/mmsi:210312000","TERMINAL CATALUNYA SA","22:29","2026-01-11 21:29:00","2026-01-11","2026-01-12 05:20:00","Portacontenidors","06:20","ESVLC","36A","210312000","9134153","ESVLC","Finalitzada","121,83","Valencia","Valencia","F","20-22","80152-2","2026-01-12","2026-01-11 22:29:00","Xipre","A PEREZ Y CIA SL","5BSJ3"
"2025","6212","CY","2026-01-12 22:58:00","FALKENBERG","6,45","","https://www.marinetraffic.com/en/ais/details/ships/mmsi:210724000","TERMINAL CATALUNYA SA","08:40","2026-01-12 07:40:00","2026-01-12","2026-01-12 21:58:00","Càrrega (Lo-Lo)","22:58","MACAS","36A","210724000","9520508","MACAS","Finalitzada","117","Casablanca","Casablanca","F","20-22","80589-1","2026-01-12","2026-01-12 08:40:00","Xipre","NOATUM MARITIME SPAIN SAU","5BKT2"
"2025","6212","CY","2026-01-16 16:45:00","AMERICA","15","","https://www.marinetraffic.com/en/ais/details/ships/mmsi:209550000","TERMINAL CATALUNYA SA","01:37","2026-01-16 00:37:00","2026-01-16","2026-01-16 15:45:00","Portacontenidors","16:45","ITGIT","36A","209550000","9285990","BSFPO","Finalitzada","334","Freeport, Grand Bahama","Gioia Tauro","F","23-30","80602-1","2026-01-16","2026-01-16 01:37:00","Xipre","MEDITERRANEAN SHIPPING COM ESPAÑA SLU","P3XP9"
"2025","6212","CY","2026-01-19 12:53:00","MSC EVEREST VIII","14,5","","https://www.marinetraffic.com/en/ais/details/ships/mmsi:210644000","TERMINAL CATALUNYA SA","13:29","2026-01-18 12:29:00","2026-01-18","2026-01-19 11:53:00","Portacontenidors","12:53","ESVLC","36A","210644000","9286231","ITGOA","Finalitzada","334","Genoa","Valencia","F","23-30","80634-1","2026-01-19","2026-01-18 13:29:00","Xipre","MEDITERRANEAN SHIPPING COM ESPAÑA SLU","5BWU6"
"2025","6212","DZ","2026-01-11 07:54:00","CIRTA","9,5","","https://www.marinetraffic.com/en/ais/details/ships/mmsi:605086060","TERMINAL CATALUNYA SA","21:15","2026-01-10 20:15:00","2026-01-10","2026-01-11 06:54:00","Portacontenidors","07:54","ESVLC","36A","605086060","9845051","ITSPE","Finalitzada","171,9","La Spezia","Valencia","F","26-29","78802-1","2026-01-11","2026-01-10 21:15:00","Algèria","TRANSPORTES CONSIGNACION MARITIMAS SA","7THF"
"2025","6212","DZ","2026-02-05 17:01:00","DJANET","9,5","","https://www.marinetraffic.com/en/ais/details/ships/mmsi:605086090","TERMINAL CATALUNYA SA","08:44","2026-02-05 07:44:00","2026-02-05","2026-02-05 16:01:00","Portacontenidors","17:01","ESVLC","36A","605086090","9845063","FRMRS","Finalitzada","171,9","Marseille","Valencia","F","23-26","80201-1","2026-02-05","2026-02-05 08:44:00","Algèria","TRANSPORTES CONSIGNACION MARITIMAS SA","7THR"
"2025","6212","DZ","2026-02-12 00:56:00","CIRTA","9,5","","https://www.marinetraffic.com/en/ais/details/ships/mmsi:605086060","TERMINAL CATALUNYA SA","16:07","2026-02-11 15:07:00","2026-02-11","2026-02-11 23:56:00","Portacontenidors","00:56","ESVLC","36A","605086060","9845051","ITSPE","Finalitzada","171,9","La Spezia","Valencia","F","17-20","80629-1","2026-02-12","2026-02-11 16:07:00","Algèria","TRANSPORTES CONSIGNACION MARITIMAS SA","7THF"
"2025","6212","GB","2026-01-23 11:32:00","ZEAL LUMOS","16","","https://www.marinetraffic.com/en/ais/details/ships/mmsi:232031320","TERMINAL CATALUNYA SA","14:00","2026-01-21 13:00:00","2026-01-21","2026-01-23 10:32:00","Portacontenidors","11:32","ITGOA","36A","232031320","9864241","ESVLC","Finalitzada","366","Valencia","Genoa","F","3-10","80171-1","2026-01-23","2026-01-21 14:00:00","Regne Unit","OCEAN NETWORK EXPRESS SPAIN SA","MIIH2"
"2025","6212","GB","2026-02-25 15:54:00","ZEPHYR LUMOS","16","","https://www.marinetraffic.com/en/ais/details/ships/mmsi:232030743","TERMINAL CATALUNYA SA","18:02","2026-02-24 17:02:00","2026-02-24","2026-02-25 14:54:00","Portacontenidors","15:54","ITGOA","36A","232030743","9864227","ESVLC","Finalitzada","366","Valencia","Genoa","F","12-19","80176-1","2026-02-25","2026-02-24 18:02:00","Regne Unit","OCEAN NETWORK EXPRESS SPAIN SA","MIFV2"
"2025","6212","HK","2026-01-11 18:23:00","MAERSK NARMADA","11,4","","https://www.marinetraffic.com/en/ais/details/ships/mmsi:477552700","TERMINAL CATALUNYA SA","09:17","2026-01-11 08:17:00","2026-01-11","2026-01-11 17:23:00","Portacontenidors","18:23","MACAS","36A","477552700","9356098","ESVLC","Finalitzada","210,54","Valencia","Casablanca","F","25-29","80168-1","2026-01-11","2026-01-11 09:17:00","Hong Kong","NOATUM MARITIME SPAIN SAU","VRKZ6"
"2025","6212","HK","2026-02-19 21:43:00","ONE FREEDOM","16","","https://www.marinetraffic.com/en/ais/details/ships/mmsi:563290500","TERMINAL CATALUNYA SA","10:23","2026-02-18 09:23:00","2026-02-18","2026-02-19 20:43:00","Portacontenidors","21:43","ITGOA","36A","563290500","9934357","ESVLC","Finalitzada","365,93","Valencia","Genoa","F","3-10","80175-1","2026-02-19","2026-02-18 10:23:00","Hong Kong","OCEAN NETWORK EXPRESS SPAIN SA","9V7351"
"2025","6212","HK","2026-02-21 22:52:00","ONE FORTUNE","16","51","https://www.marinetraffic.com/en/ais/details/ships/mmsi:477945300","TERMINAL CATALUNYA SA","10:44","2026-02-20 09:44:00","2026-02-20","2026-02-21 21:52:00","Portacontenidors","22:52","SGSIN","36A","477945300","9944819","FRFOS","Finalitzada","366","Fos-sur-Mer","Singapore","F","3-10","80172-1","2026-02-21","2026-02-20 10:44:00","Hong Kong","OCEAN NETWORK EXPRESS SPAIN SA","VRVD2"
"2025","6212","IT","2026-01-22 11:01:00","JOLLY VERDE","13,5","","https://www.marinetraffic.com/en/ais/details/ships/mmsi:247484800","TERMINAL CATALUNYA SA","00:42","2026-01-21 23:42:00","2026-01-22","2026-01-22 10:01:00","Portacontenidors","11:01","FRFOS","36A","247484800","9320441","ESCAS","Finalitzada","282,96","Castellon de la Plana","Fos-sur-Mer","F","19-25","80053-1","2026-01-22","2026-01-22 00:42:00","Itàlia","BERGE MARITIMA SL","IBLO"
"2025","6212","IT","2026-02-04 06:00:00","JOLLY BIANCO","13,5","","https://www.marinetraffic.com/en/ais/details/ships/mmsi:247488400","TERMINAL CATALUNYA SA","21:02","2026-02-03 20:02:00","2026-02-03","2026-02-04 05:00:00","Portacontenidors","06:00","FRFOS","36A","247488400","9320427","ESCAS","Finalitzada","282,97","Castellon de la Plana","Fos-sur-Mer","F","24-30","80544-1","2026-02-04","2026-02-03 21:02:00","Itàlia","BERGE MARITIMA SL","IBMS"
"2025","6212","LR","2026-01-03 09:29:00","MSC HORTENSE","15,5","45,6","https://www.marinetraffic.com/en/ais/details/ships/mmsi:636025507","TERMINAL CATALUNYA SA","18:30","2026-01-01 17:30:00","2026-01-01","2026-01-03 08:29:00","Portacontenidors","09:29","ITLIV","36A","636025507","9978951","ESVLC","Finalitzada","335","Valencia","Livorno","F","4-10","80282-1","2026-01-03","2026-01-01 18:30:00","Libèria","MEDITERRANEAN SHIPPING COM ESPAÑA SLU","5LXU5"
"2025","6212","LR","2026-01-04 12:43:00","AGIOS DIMITRIOS","14,5","","https://www.marinetraffic.com/en/ais/details/ships/mmsi:636015975","TERMINAL CATALUNYA SA","00:46","2026-01-03 23:46:00","2026-01-04","2026-01-04 11:43:00","Portacontenidors","12:43","ESVLC","36A","636015975","9349605","ITGOA","Finalitzada","299,28","Genoa","Valencia","F","20-26","80307-1","2026-01-04","2026-01-04 00:46:00","Libèria","MEDITERRANEAN SHIPPING COM ESPAÑA SLU","D5DU8"
"2025","6212","LR","2026-01-05 02:38:00","CONTSHIP PEP II","11,35","","https://www.marinetraffic.com/en/ais/details/ships/mmsi:636025274","TERMINAL CATALUNYA SA","17:39","2026-01-04 16:39:00","2026-01-04","2026-01-05 01:38:00","Portacontenidors","02:38","GRPIR","36A","636025274","9470961","ESALG","Finalitzada","189,49","Algeciras","Piraeus","F","20-24","80093-1","2026-01-05","2026-01-04 17:39:00","Libèria","COSCO SHIPPING LINES SPAIN SA","A8TA6"
"2025","6212","LR","2026-01-05 22:49:00","MSC YUXIN","9,7","","https://www.marinetraffic.com/en/ais/details/ships/mmsi:636023314","TERMINAL CATALUNYA SA","21:47","2026-01-04 20:47:00","2026-01-04","2026-01-05 21:49:00","Portacontenidors","22:49","DZSKI","36A","636023314","9966946","DZALG","Finalitzada","171,86","Alger (Algiers)","Skikda (ex Philippeville)","F","26-29","80558-1","2026-01-05","2026-01-04 21:47:00","Libèria","MEDITERRANEAN SHIPPING COM ESPAÑA SLU","5LNC4"
"2025","6212","LR","2026-01-06 23:59:00","MSC MICHEL CAPPELLINI","18,86","61,3","https://www.marinetraffic.com/en/ais/details/ships/mmsi:636022604","TERMINAL CATALUNYA SA","10:42","2026-01-04 09:42:00","2026-01-04","2026-01-06 22:59:00","Portacontenidors","23:59","ITGIT","36A","636022604","9929431","ESVLC","Finalitzada","399,93","Valencia","Gioia Tauro","F","3-10","80306-1","2026-01-06","2026-01-04 10:42:00","Libèria","MEDITERRANEAN SHIPPING COM ESPAÑA SLU","5LJP6"
"2025","6212","LR","2026-01-08 18:28:00","CONTSHIP GIN","9,5","","https://www.marinetraffic.com/en/ais/details/ships/mmsi:636019163","TERMINAL CATALUNYA SA","05:16","2026-01-08 04:16:00","2026-01-08","2026-01-08 17:28:00","Portacontenidors","18:28","MTMLA","36A","636019163","9517434","DZSKI","Finalitzada","161,23","Skikda (ex Philippeville)","Malta (Valetta)","F","26-29","80553-1","2026-01-08","2026-01-08 05:16:00","Libèria","CMA CGM IBERICA SAU","D5TF9"
"2025","6212","LR","2026-01-09 02:45:00","MSC EMILIE","10,9","","https://www.marinetraffic.com/en/ais/details/ships/mmsi:636020695","TERMINAL CATALUNYA SA","01:43","2026-01-08 00:43:00","2026-01-08","2026-01-09 01:45:00","Portacontenidors","02:45","DZALG","36A","636020695","9334832","DZBJA","Finalitzada","176,96","Bejaia (ex Bougie)","Alger (Algiers)","F","21-24","80504-1","2026-01-09","2026-01-08 01:43:00","Libèria","MEDITERRANEAN SHIPPING COM ESPAÑA SLU","A8IU3"
"2025","6212","LR","2026-01-09 08:57:00","SEATRADE COLOMBIA","9,7","","https://www.marinetraffic.com/en/ais/details/ships/mmsi:636093323","TERMINAL CATALUNYA SA","21:52","2026-01-06 20:52:00","2026-01-06","2026-01-09 07:57:00","Portacontenidors","08:57","ESVLC","90A","636093323","9976238","TRYAR","Finalitzada","172","Yarimca","Valencia","F","","80450-2","2026-01-09","2026-01-06 21:52:00","Libèria","UNIVERSAL MARITIMA SL","5LSP3"
"2025","6212","LR","2026-01-09 14:22:00","VENTO DI GRECALE","9,7","","https://www.marinetraffic.com/en/ais/details/ships/mmsi:636023407","TERMINAL CATALUNYA SA","08:04","2026-01-09 07:04:00","2026-01-09","2026-01-09 13:22:00","Portacontenidors","14:22","FRMWR","36A","636023407","9985045","PTSET","Finalitzada","171,9","Setubal","Marseillan                         ","F","16-19","79982-1","2026-01-09","2026-01-09 08:04:00","Libèria","INSIGNIA SHIPPING SAU","5LNO6"
"2025","6212","LR","2026-01-09 16:08:00","SEATRADE COLOMBIA","9,7","","https://www.marinetraffic.com/en/ais/details/ships/mmsi:636093323","TERMINAL CATALUNYA SA","08:58","2026-01-09 07:58:00","2026-01-09","2026-01-09 15:08:00","Portacontenidors","16:08","ESVLC","36A","636093323","9976238","TRYAR","Finalitzada","172","Yarimca","Valencia","F","12-15","80450-3","2026-01-09","2026-01-09 08:58:00","Libèria","UNIVERSAL MARITIMA SL","5LSP3"
"2025","6212","LR","2026-01-09 21:49:00","MSC JIANI","9,7","","https://www.marinetraffic.com/en/ais/details/ships/mmsi:636023100","TERMINAL CATALUNYA SA","03:49","2026-01-09 02:49:00","2026-01-09","2026-01-09 20:49:00","Portacontenidors","21:49","DZBJA","36A","636023100","9966934","DZALG","Finalitzada","172","Alger (Algiers)","Bejaia (ex Bougie)","F","21-24","80618-1","2026-01-09","2026-01-09 03:49:00","Libèria","MEDITERRANEAN SHIPPING COM ESPAÑA SLU","5LLY4"
"2025","6212","LR","2026-01-10 08:28:00","CONTSHIP SKY","8,5","","https://www.marinetraffic.com/en/ais/details/ships/mmsi:636024753","TERMINAL CATALUNYA SA","23:18","2026-01-09 22:18:00","2026-01-09","2026-01-10 07:28:00","Càrrega (Lo-Lo)","08:28","FRMRS","36A","636024753","9403449","DZMOS","Finalitzada","147,74","Mostaganem","Marseille","F","21-24","80448-1","2026-01-10","2026-01-09 23:18:00","Libèria","CMA CGM IBERICA SAU","5LUC6"
"2025","6212","LR","2026-01-11 01:20:00","MSC ALIYA","16","48,2","https://www.marinetraffic.com/en/ais/details/ships/mmsi:636019215","TERMINAL CATALUNYA SA","16:52","2026-01-08 15:52:00","2026-01-08","2026-01-11 00:20:00","Portacontenidors","01:20","ITGIT","36A","636019215","9842097","EGPSW","Finalitzada","365,86","Port Said West","Gioia Tauro","F","3-10","80478-1","2026-01-11","2026-01-08 16:52:00","Libèria","MEDITERRANEAN SHIPPING COM ESPAÑA SLU","D5TM4"
"2025","6212","LR","2026-01-11 21:28:00","MSC RADIANT III","11,4","","https://www.marinetraffic.com/en/ais/details/ships/mmsi:636016943","TERMINAL CATALUNYA SA","11:27","2026-01-10 10:27:00","2026-01-10","2026-01-11 20:28:00","Portacontenidors","21:28","ESCAS","36A","636016943","9235402","ITSPE","Finalitzada","208","La Spezia","Castellon de la Plana","F","20-24","80338-1","2026-01-11","2026-01-10 11:27:00","Libèria","MEDITERRANEAN SHIPPING COM ESPAÑA SLU","A8HA7"
"2025","6212","LR","2026-01-12 05:10:00","MSC SAVANNAH","18,88","51","https://www.marinetraffic.com/en/ais/details/ships/mmsi:636025328","TERMINAL CATALUNYA SA","04:40","2026-01-11 03:40:00","2026-01-11","2026-01-12 04:10:00","Portacontenidors","05:10","ESVLC","36A","636025328","9987342","ITGIT","Finalitzada","366","Gioia Tauro","Valencia","F","12-19","80505-1","2026-01-12","2026-01-11 04:40:00","Libèria","MEDITERRANEAN SHIPPING COM ESPAÑA SLU","5LWW8"
"2025","6212","LR","2026-01-12 19:34:00","ZIM CHINA","12,62","","https://www.marinetraffic.com/en/ais/details/ships/mmsi:636021739","TERMINAL CATALUNYA SA","07:26","2026-01-12 06:26:00","2026-01-12","2026-01-12 18:34:00","Portacontenidors","19:34","EGDAM","36A","636021739","9389382","ESVLC","Finalitzada","261,4","Valencia","Damietta","F","13-18","80313-1","2026-01-12","2026-01-12 07:26:00","Libèria","A PEREZ Y CIA SL","5LFL9"
"2025","6212","LR","2026-01-13 22:41:00","BELITAKI","9,94","","https://www.marinetraffic.com/en/ais/details/ships/mmsi:636018081","TERMINAL CATALUNYA SA","14:01","2026-01-13 13:01:00","2026-01-13","2026-01-13 21:41:00","Portacontenidors","22:41","MACAS","36A","636018081","9152923","LYMRA","Finalitzada","179,23","Misurata","Casablanca","F","26-30","80424-1","2026-01-13","2026-01-13 14:01:00","Libèria","CMA CGM IBERICA SAU","D5OC2"
"2025","6212","LR","2026-01-14 02:54:00","MSC SALERNO","17","51","https://www.marinetraffic.com/en/ais/details/ships/mmsi:636025635","TERMINAL CATALUNYA SA","06:09","2026-01-11 05:09:00","2026-01-11","2026-01-14 01:54:00","Portacontenidors","02:54","ITGIT","36A","636025635","9968322","ESVLC","Finalitzada","365,97","Valencia","Gioia Tauro","F","3-10","80520-1","2026-01-14","2026-01-11 06:09:00","Libèria","MEDITERRANEAN SHIPPING COM ESPAÑA SLU","5LYK5"
"2025","6212","LR","2026-01-14 19:16:00","PANDA 006","14,52","42,8","https://www.marinetraffic.com/en/ais/details/ships/mmsi:636015872","TERMINAL CATALUNYA SA","12:12","2026-01-13 11:12:00","2026-01-13","2026-01-14 18:16:00","Portacontenidors","19:16","SIKOP","36A","636015872","9677026","MYPKG","Finalitzada","270,07","Port Kelang","Koper","F","19-24","80506-1","2026-01-14","2026-01-13 12:12:00","Libèria","MARTICO SL","D5DG4"
"2025","6212","LR","2026-01-16 02:26:00","MSC ISCHIA","17","","https://www.marinetraffic.com/en/ais/details/ships/mmsi:636025682","TERMINAL CATALUNYA SA","04:41","2026-01-15 03:41:00","2026-01-15","2026-01-16 01:26:00","Portacontenidors","02:26","ITGIT","36A","636025682","9963633","FRFOS","Finalitzada","367,5","Fos-sur-Mer","Gioia Tauro","F","12-19","80546-1","2026-01-16","2026-01-15 04:41:00","Libèria","MEDITERRANEAN SHIPPING COM ESPAÑA SLU","5LYQ6"
"2025","6212","LR","2026-01-17 01:22:00","MSC WASHINGTON","17,02","","https://www.marinetraffic.com/en/ais/details/ships/mmsi:636021365","TERMINAL CATALUNYA SA","05:16","2026-01-16 04:16:00","2026-01-16","2026-01-17 00:22:00","Portacontenidors","01:22","ESVLC","36A","636021365","9908047","ITSPE","Finalitzada","335","La Spezia","Valencia","F","12-18","80600-1","2026-01-17","2026-01-16 05:16:00","Libèria","MEDITERRANEAN SHIPPING COM ESPAÑA SLU","5LDP4"
"2025","6212","LR","2026-01-17 16:04:00","VENTO DI MAESTRALE","9,7","","https://www.marinetraffic.com/en/ais/details/ships/mmsi:636023406","TERMINAL CATALUNYA SA","07:37","2026-01-17 06:37:00","2026-01-17","2026-01-17 15:04:00","Portacontenidors","16:04","MACAS","36A","636023406","9985021","ITSPE","Finalitzada","171,9","La Spezia","Casablanca","F","23-26","80114-1","2026-01-17","2026-01-17 07:37:00","Libèria","INSIGNIA SHIPPING SAU","5LNO5"
"2025","6212","LR","2026-01-19 23:00:00","CARMEL I","12,6","","https://www.marinetraffic.com/en/ais/details/ships/mmsi:636019061","TERMINAL CATALUNYA SA","08:03","2026-01-19 07:03:00","2026-01-19","2026-01-19 22:00:00","Portacontenidors","23:00","ESVLC","36A","636019061","9395927","ITLIV","Finalitzada","258,89","Livorno","Valencia","F","5-10","80315-1","2026-01-19","2026-01-19 08:03:00","Libèria","A PEREZ Y CIA SL","A8TX8"
"2025","6212","LR","2026-01-21 17:47:00","VENTO DI LEVANTE","9,7","","https://www.marinetraffic.com/en/ais/details/ships/mmsi:636023127","TERMINAL CATALUNYA SA","05:29","2026-01-21 04:29:00","2026-01-21","2026-01-21 16:47:00","Portacontenidors","17:47","FRMWR","36A","636023127","9683489","PTSET","Finalitzada","171,9","Setubal","Marseillan                         ","F","26-29","80112-1","2026-01-21","2026-01-21 05:29:00","Libèria","INSIGNIA SHIPPING SAU","5LMC5"
"2025","6212","LR","2026-01-22 13:00:00","COPIAPO","15","","https://www.marinetraffic.com/en/ais/details/ships/mmsi:636092775","TERMINAL CATALUNYA SA","11:46","2026-01-21 10:46:00","2026-01-21","2026-01-22 12:00:00","Portacontenidors","13:00","ITLIV","36A","636092775","9687526","ESVLC","Finalitzada","299,9","Valencia","Livorno","F","12-18","80595-1","2026-01-22","2026-01-21 11:46:00","Libèria","HAPAG LLOYD SPAIN SL","D5HE7"
"2025","6212","LR","2026-01-24 16:31:00","YM TOTALITY","14","","https://www.marinetraffic.com/en/ais/details/ships/mmsi:636019984","TERMINAL CATALUNYA SA","13:06","2026-01-23 12:06:00","2026-01-23","2026-01-24 15:31:00","Portacontenidors","16:31","SGSIN","36A","636019984","9860922","FRFOS","Finalitzada","332","Fos-sur-Mer","Singapore","F","2-9","80101-1","2026-01-24","2026-01-23 13:06:00","Libèria","YANG MING (SPAIN) SL","D5XC5"
"2025","6212","LR","2026-01-27 23:51:00","MSC IVORY COAST","15,8","45,6","https://www.marinetraffic.com/en/ais/details/ships/mmsi:636024506","TERMINAL CATALUNYA SA","16:00","2026-01-26 15:00:00","2026-01-26","2026-01-27 22:51:00","Portacontenidors","23:51","ESVLC","36A","636024506","9974474","EGPSW","Finalitzada","260","Port Said West","Valencia","F","19-24","80335-1","2026-01-27","2026-01-26 16:00:00","Libèria","MEDITERRANEAN SHIPPING COM ESPAÑA SLU","5LSY3"
"2025","6212","LR","2026-01-28 20:28:00","MSC GHANA","15,5","45,6","https://www.marinetraffic.com/en/ais/details/ships/mmsi:636025251","TERMINAL CATALUNYA SA","23:00","2026-01-27 22:00:00","2026-01-27","2026-01-28 19:28:00","Portacontenidors","20:28","ITLIV","36A","636025251","9974503","EGPSW","Finalitzada","260","Port Said West","Livorno","F","12-17","80547-1","2026-01-28","2026-01-27 23:00:00","Libèria","MEDITERRANEAN SHIPPING COM ESPAÑA SLU","5LWN6"
"2025","6212","LR","2026-03-05 08:47:00","CONTSHIP LUV","8,51","","https://www.marinetraffic.com/en/ais/details/ships/mmsi:636024683","TERMINAL CATALUNYA SA","17:52","2026-03-04 16:52:00","2026-03-04","2026-03-05 07:47:00","Portacontenidors","08:47","DZDJE","36A","636024683","9406934","FRFOS","Finalitzada","147,87","Fos-sur-Mer","Djen-Djen","F","20-23","79764-1","2026-03-05","2026-03-04 17:52:00","Libèria","CMA CGM IBERICA SAU","5LTU7"
"2025","6212","LT","2026-01-07 22:54:00","KANTATA","8,51","23,25","https://www.marinetraffic.com/en/ais/details/ships/mmsi:277549000","TERMINAL CATALUNYA SA","04:20","2026-01-07 03:20:00","2026-01-07","2026-01-07 21:54:00","Portacontenidors","22:54","DZORN","36A","277549000","9327580","DZORN","Finalitzada","147,84","Oran","Oran","F","21-24","80679-1","2026-01-07","2026-01-07 04:20:00","Lituània","MEDITERRANEAN SHIPPING COM ESPAÑA SLU","LYBD"
"2025","6212","MT","2026-01-02 15:35:00","CMA CGM HARMONY","15","","https://www.marinetraffic.com/en/ais/details/ships/mmsi:256849000","TERMINAL CATALUNYA SA","13:53","2025-12-31 12:53:00","2025-12-31","2026-01-02 14:35:00","Portacontenidors","15:35","MAPTM","36A","256849000","9952828","FRMRS","Finalitzada","272,3","Marseille","Tanger Med","F","12-18","79411-1","2026-01-02","2025-12-31 13:53:00","Malta","CMA CGM IBERICA SAU","9HA5997"
"2025","6212","MT","2026-01-04 03:07:00","CMA CGM UNITY","16","51","https://www.marinetraffic.com/en/ais/details/ships/mmsi:229389000","TERMINAL CATALUNYA SA","17:23","2026-01-02 16:23:00","2026-01-02","2026-01-04 02:07:00","Portacontenidors","03:07","FRFOS","36A","229389000","9897767","ESVLC","Finalitzada","366","Valencia","Fos-sur-Mer","F","12-19","78145-1","2026-01-04","2026-01-02 17:23:00","Malta","CMA CGM IBERICA SAU","9HA5479"
"2025","6212","MT","2026-01-04 14:52:00","GREENVILLE","15,72","","https://www.marinetraffic.com/en/ais/details/ships/mmsi:256843000","TERMINAL CATALUNYA SA","04:37","2026-01-04 03:37:00","2026-01-04","2026-01-04 13:52:00","Portacontenidors","14:52","ESVLC","36A","256843000","9970014","ITSPE","Finalitzada","272","La Spezia","Valencia","F","12-19","80340-1","2026-01-04","2026-01-04 04:37:00","Malta","MEDITERRANEAN SHIPPING COM ESPAÑA SLU","9HA5994"
"2025","6212","MT","2026-01-05 11:23:00","CMA CGM URAL","15,2","","https://www.marinetraffic.com/en/ais/details/ships/mmsi:256163000","TERMINAL CATALUNYA SA","16:32","2026-01-04 15:32:00","2026-01-04","2026-01-05 10:23:00","Portacontenidors","11:23","LBBEY","36A","256163000","9705079","ESVLC","Finalitzada","299,95","Valencia","Beirut","F","12-19","79434-1","2026-01-05","2026-01-04 16:32:00","Malta","CMA CGM IBERICA SAU","9HA3845"
"2025","6212","MT","2026-01-06 06:38:00","CMA CGM WISDOM","15","","https://www.marinetraffic.com/en/ais/details/ships/mmsi:256852000","TERMINAL CATALUNYA SA","12:50","2026-01-05 11:50:00","2026-01-05","2026-01-06 05:38:00","Portacontenidors","06:38","ESVLC","36A","256852000","9952830","ITLIV","Finalitzada","272,3","Livorno","Valencia","F","12-19","79676-1","2026-01-06","2026-01-05 12:50:00","Malta","CMA CGM IBERICA SAU","9HA5999"
"2025","6212","MT","2026-01-06 17:19:00","VERA A","8,25","22,6","https://www.marinetraffic.com/en/ais/details/ships/mmsi:256579000","TERMINAL CATALUNYA SA","23:36","2026-01-05 22:36:00","2026-01-05","2026-01-06 16:19:00","Portacontenidors","17:19","TRIZM","36A","256579000","9372585","DZAZW","Finalitzada","141,5","Arzew","Izmir (Smyrna)","F","26-29","80577-1","2026-01-06","2026-01-05 23:36:00","Malta","CMA CGM IBERICA SAU","9HA2885"
"2025","6212","MT","2026-01-07 20:33:00","CMA CGM GRACE BAY","16","51","https://www.marinetraffic.com/en/ais/details/ships/mmsi:256611000","TERMINAL CATALUNYA SA","08:47","2026-01-06 07:47:00","2026-01-06","2026-01-07 19:33:00","Portacontenidors","20:33","ITLIV","36A","256611000","9938145","ESVLC","Finalitzada","366","Valencia","Livorno","F","12-19","78146-1","2026-01-07","2026-01-06 08:47:00","Malta","CMA CGM IBERICA SAU","9HA5903"
"2025","6212","MT","2026-01-09 05:20:00","MSC AMALFI","14,5","48,2","https://www.marinetraffic.com/en/ais/details/ships/mmsi:229626000","TERMINAL CATALUNYA SA","22:17","2026-01-07 21:17:00","2026-01-07","2026-01-09 04:20:00","Portacontenidors","05:20","ITLIV","36A","229626000","9605279","ESVLC","Finalitzada","299,91","Valencia","Livorno","F","12-18","80453-1","2026-01-09","2026-01-07 22:17:00","Malta","MEDITERRANEAN SHIPPING COM ESPAÑA SLU","9HA3462"
"2025","6212","MT","2026-01-13 10:44:00","CMA CGM IMAGINATION","15","","https://www.marinetraffic.com/en/ais/details/ships/mmsi:256745000","TERMINAL CATALUNYA SA","00:44","2026-01-12 23:44:00","2026-01-13","2026-01-13 09:44:00","Portacontenidors","10:44","ESVLC","36A","256745000","9948231","FRMRS","Finalitzada","272,3","Marseille","Valencia","F","19-25","79677-1","2026-01-13","2026-01-13 00:44:00","Malta","CMA CGM IBERICA SAU","9HA5955"
"2025","6212","MT","2026-01-13 14:03:00","CAPE SOUNIO","10","","https://www.marinetraffic.com/en/ais/details/ships/mmsi:248089000","TERMINAL CATALUNYA SA","21:08","2026-01-12 20:08:00","2026-01-12","2026-01-13 13:03:00","Portacontenidors","14:03","ESVLC","36A","248089000","9727625","ITSPE","Finalitzada","330,03","La Spezia","Valencia","F","12-18","80521-1","2026-01-13","2026-01-12 21:08:00","Malta","MEDITERRANEAN SHIPPING COM ESPAÑA SLU","9HA4509"
"2025","6212","MT","2026-01-19 00:42:00","CMA CGM IGUACU","16","51","https://www.marinetraffic.com/en/ais/details/ships/mmsi:215966000","TERMINAL CATALUNYA SA","03:15","2026-01-17 02:15:00","2026-01-17","2026-01-18 23:42:00","Portacontenidors","00:42","FRFOS","36A","215966000","9859131","ESVLC","Finalitzada","366","Valencia","Fos-sur-Mer","F","11-18","78147-1","2026-01-19","2026-01-17 03:15:00","Malta","CMA CGM IBERICA SAU","9HA5398"
"2025","6212","MT","2026-01-19 19:39:00","VALUE","15","","https://www.marinetraffic.com/en/ais/details/ships/mmsi:229467000","TERMINAL CATALUNYA SA","02:19","2026-01-19 01:19:00","2026-01-19","2026-01-19 18:39:00","Portacontenidors","19:39","ESVLC","36A","229467000","9628166","ITSPE","Finalitzada","299,95","La Spezia","Valencia","F","12-18","80637-1","2026-01-19","2026-01-19 02:19:00","Malta","MEDITERRANEAN SHIPPING COM ESPAÑA SLU","9HA3355"
"2025","6212","MT","2026-01-21 10:06:00","CMA CGM EXCELLENCE","15","","https://www.marinetraffic.com/en/ais/details/ships/mmsi:256482000","TERMINAL CATALUNYA SA","00:44","2026-01-19 23:44:00","2026-01-20","2026-01-21 09:06:00","Portacontenidors","10:06","ESVLC","36A","256482000","9948217","FRMRS","Finalitzada","272,3","Marseille","Valencia","F","5-10","80604-1","2026-01-21","2026-01-20 00:44:00","Malta","CMA CGM IBERICA SAU","9HA5857"
"2025","6212","MT","2026-01-26 01:30:00","CMA CGM SCANDOLA","16","","https://www.marinetraffic.com/en/ais/details/ships/mmsi:215839000","TERMINAL CATALUNYA SA","06:30","2026-01-24 05:30:00","2026-01-24","2026-01-26 00:30:00","Portacontenidors","01:30","FRFOS","36A","215839000","9859129","ESVLC","Finalitzada","366","Valencia","Fos-sur-Mer","F","11-18","80607-1","2026-01-26","2026-01-24 06:30:00","Malta","CMA CGM IBERICA SAU","9HA5325"
"2025","6212","PA","2026-01-03 06:38:00","MSC MADELEINE","17,5","","https://www.marinetraffic.com/en/ais/details/ships/mmsi:353728000","TERMINAL CATALUNYA SA","07:00","2025-12-31 06:00:00","2025-12-31","2026-01-03 05:38:00","Portacontenidors","06:38","ESVLC","36A","353728000","9305702","ITSPE","Finalitzada","348,51","La Spezia","Valencia","F","22-29","80136-1","2026-01-03","2025-12-31 07:00:00","Panamà","MEDITERRANEAN SHIPPING COM ESPAÑA SLU","3EFR7"
"2025","6212","PA","2026-01-07 02:58:00","MSC JORDAN III","13,39","","https://www.marinetraffic.com/en/ais/details/ships/mmsi:355194000","TERMINAL CATALUNYA SA","04:13","2026-01-05 03:13:00","2026-01-05","2026-01-07 01:58:00","Portacontenidors","02:58","MACAS","36A","355194000","8918980","MACAS","Finalitzada","237","Casablanca","Casablanca","F","20-25","80331-1","2026-01-07","2026-01-05 04:13:00","Panamà","MEDITERRANEAN SHIPPING COM ESPAÑA SLU","HPMK"
"2025","6212","PA","2026-01-08 14:43:00","MSC TOMOKO","15","","https://www.marinetraffic.com/en/ais/details/ships/mmsi:354315000","TERMINAL CATALUNYA SA","01:18","2026-01-07 00:18:00","2026-01-07","2026-01-08 13:43:00","Portacontenidors","14:43","PTSIE","36A","354315000","9309461","BSFPO","Finalitzada","331,99","Freeport, Grand Bahama","Sines","F","4-10","80341-1","2026-01-08","2026-01-07 01:18:00","Panamà","MEDITERRANEAN SHIPPING COM ESPAÑA SLU","3EEQ7"
"2025","6212","PA","2026-01-19 04:37:00","MSC MELATILDE","17,5","51,2","https://www.marinetraffic.com/en/ais/details/ships/mmsi:357240000","TERMINAL CATALUNYA SA","00:23","2026-01-16 23:23:00","2026-01-17","2026-01-19 03:37:00","Portacontenidors","04:37","ITGIT","36A","357240000","9404675","ESVLC","Finalitzada","365,58","Valencia","Gioia Tauro","F","2-9","80613-1","2026-01-19","2026-01-17 00:23:00","Panamà","MEDITERRANEAN SHIPPING COM ESPAÑA SLU","3FYE4"
"2025","6212","PA","2026-01-24 04:55:00","MSC JORDAN III","13,39","","https://www.marinetraffic.com/en/ais/details/ships/mmsi:355194000","TERMINAL CATALUNYA SA","07:08","2026-01-23 06:08:00","2026-01-23","2026-01-24 03:55:00","Portacontenidors","04:55","ESVLC","36A","355194000","8918980","ESCAS","Finalitzada","237","Castellon de la Plana","Valencia","F","12-16","80339-1","2026-01-24","2026-01-23 07:08:00","Panamà","MEDITERRANEAN SHIPPING COM ESPAÑA SLU","HPMK"
"2025","6212","PT","2026-01-04 00:40:00","JADRANA","13","37,3","https://www.marinetraffic.com/en/ais/details/ships/mmsi:255805572","TERMINAL CATALUNYA SA","09:44","2026-01-03 08:44:00","2026-01-03","2026-01-03 23:40:00","Portacontenidors","00:40","SIKOP","36A","255805572","9619385","MYLPK","Finalitzada","255","Northport/Pt Klang                 ","Koper","F","20-25","79699-1","2026-01-04","2026-01-03 09:44:00","Portugal","MARTICO SL","CQIW"
"2025","6212","PT","2026-01-04 01:17:00","WEC JAN STEEN","8,71","22,5","https://www.marinetraffic.com/en/ais/details/ships/mmsi:255806280","TERMINAL CATALUNYA SA","08:29","2026-01-03 07:29:00","2026-01-03","2026-01-04 00:17:00","Portacontenidors","01:17","ESVLC","36A","255806280","9354416","ESVLC","Finalitzada","134,44","Valencia","Valencia","F","27-29","80435-1","2026-01-04","2026-01-03 08:29:00","Portugal","WEC LINES ESPAÑA SLU","CQAU6"
"2025","6212","PT","2026-01-04 09:02:00","MSC LEANDRA V","13,45","","https://www.marinetraffic.com/en/ais/details/ships/mmsi:255803590","TERMINAL CATALUNYA SA","11:30","2026-01-03 10:30:00","2026-01-03","2026-01-04 08:02:00","Portacontenidors","09:02","ESVLC","36A","255803590","9313943","FRFOS","Finalitzada","294","Fos-sur-Mer","Valencia","F","4-10","80336-1","2026-01-04","2026-01-03 11:30:00","Portugal","MEDITERRANEAN SHIPPING COM ESPAÑA SLU","CQRE"
"2025","6212","PT","2026-01-04 10:58:00","KATHARINA","11,75","","https://www.marinetraffic.com/en/ais/details/ships/mmsi:255806525","TERMINAL CATALUNYA SA","02:16","2026-01-04 01:16:00","2026-01-04","2026-01-04 09:58:00","Portacontenidors","10:58","ESSAG","36A","255806525","9584865","ESSAG","Finalitzada","151,72","Sagunto","Sagunto","F","27-30","80543-1","2026-01-04","2026-01-04 02:16:00","Portugal","SOLUCIONES INTEGRALES MARITIMAS SLU","CQEZ2"
"2025","6212","PT","2026-01-08 03:25:00","PANDA 004","9,6","26,9","https://www.marinetraffic.com/en/ais/details/ships/mmsi:255915663","TERMINAL CATALUNYA SA","11:55","2026-01-07 10:55:00","2026-01-07","2026-01-08 02:25:00","Portacontenidors","03:25","NLMOE","36A","255915663","9968906","ESCAD","Finalitzada","169,95","Cadiz","Moerdijk","F","26-29","80365-1","2026-01-08","2026-01-07 11:55:00","Portugal","MARTICO SL","CQ2121"
"2025","6212","PT","2026-01-09 23:49:00","HELENA","11,75","","https://www.marinetraffic.com/en/ais/details/ships/mmsi:255806505","TERMINAL CATALUNYA SA","08:27","2026-01-09 07:27:00","2026-01-09","2026-01-09 22:49:00","Portacontenidors","23:49","ESSAG","36A","255806505","9584487","ESSAG","Finalitzada","151,72","Sagunto","Sagunto","F","26-29","80571-1","2026-01-09","2026-01-09 08:27:00","Portugal","SOLUCIONES INTEGRALES MARITIMAS SLU","CQEW6"
"2025","6212","PT","2026-01-14 05:51:00","MSC DUBAI VII","14,02","","https://www.marinetraffic.com/en/ais/details/ships/mmsi:255975000","TERMINAL CATALUNYA SA","15:43","2026-01-13 14:43:00","2026-01-13","2026-01-14 04:51:00","Portacontenidors","05:51","ITGIT","36A","255975000","9444285","ITGOA","Finalitzada","295,18","Genoa","Gioia Tauro","F","12-18","80560-1","2026-01-14","2026-01-13 15:43:00","Portugal","MEDITERRANEAN SHIPPING COM ESPAÑA SLU","CRXG5"
"2025","6212","PT","2026-01-15 03:08:00","MSC DOMITILLE","14,5","","https://www.marinetraffic.com/en/ais/details/ships/mmsi:255806507","TERMINAL CATALUNYA SA","07:52","2026-01-14 06:52:00","2026-01-14","2026-01-15 02:08:00","Portacontenidors","03:08","ITLIV","36A","255806507","9720201","ESVLC","Finalitzada","299,82","Valencia","Livorno","F","12-18","80633-1","2026-01-15","2026-01-14 07:52:00","Portugal","MEDITERRANEAN SHIPPING COM ESPAÑA SLU","CQEW8"
"2025","6212","PT","2026-01-15 19:06:00","CARLA","7,29","","https://www.marinetraffic.com/en/ais/details/ships/mmsi:255805984","TERMINAL CATALUNYA SA","12:29","2026-01-15 11:29:00","2026-01-15","2026-01-15 18:06:00","Portacontenidors","19:06","ESVLC","36A","255805984","9319868","MTMLA","Finalitzada","139,88","Malta (Valetta)","Valencia","F","20-22","79561-1","2026-01-15","2026-01-15 12:29:00","Portugal","A PEREZ Y CIA SL","CQIK4"
"2025","6212","PT","2026-01-17 06:45:00","WEC JAN STEEN","8,71","","https://www.marinetraffic.com/en/ais/details/ships/mmsi:255806280","TERMINAL CATALUNYA SA","19:00","2026-01-16 18:00:00","2026-01-16","2026-01-17 05:45:00","Portacontenidors","06:45","ESVLC","36A","255806280","9354416","ESVLC","Finalitzada","134,44","Valencia","Valencia","F","23-26","80437-1","2026-01-17","2026-01-16 19:00:00","Portugal","WEC LINES ESPAÑA SLU","CQAU6"
"2025","6212","PT","2026-01-17 20:59:00","PANDA 003","9,6","","https://www.marinetraffic.com/en/ais/details/ships/mmsi:255915662","TERMINAL CATALUNYA SA","21:49","2026-01-16 20:49:00","2026-01-16","2026-01-17 19:59:00","Portacontenidors","20:59","NLMOE","36A","255915662","9968891","MACAS","Finalitzada","169,95","Casablanca","Moerdijk","F","19-22","80507-1","2026-01-17","2026-01-16 21:49:00","Portugal","MARTICO SL","CQ2120"
"2025","6212","PT","2026-01-24 18:43:00","PANDA 004","9,6","","https://www.marinetraffic.com/en/ais/details/ships/mmsi:255915663","TERMINAL CATALUNYA SA","08:02","2026-01-24 07:02:00","2026-01-24","2026-01-24 17:43:00","Portacontenidors","18:43","NLMOE","36A","255915663","9968906","MACAS","Finalitzada","169,95","Casablanca","Moerdijk","F","26-30","80508-1","2026-01-24","2026-01-24 08:02:00","Portugal","MARTICO SL","CQ2121"
"2025","6212","PT","2026-01-26 02:19:00","LIBERTAS-H","7,75","","https://www.marinetraffic.com/en/ais/details/ships/mmsi:255805480","TERMINAL CATALUNYA SA","18:57","2026-01-25 17:57:00","2026-01-25","2026-01-26 01:19:00","Càrrega (Lo-Lo)","02:19","DZALG","36A","255805480","9388388","ITGOA","Finalitzada","126,85","Genoa","Alger (Algiers)","F","27-29","80484-1","2026-01-26","2026-01-25 18:57:00","Portugal","BERGE MARITIMA SL","CQJB"
"2025","6212","PT","2026-01-28 21:28:00","K-OCEAN","6,69","18,2","https://www.marinetraffic.com/en/ais/details/ships/mmsi:255805996","TERMINAL CATALUNYA SA","09:37","2026-01-28 08:37:00","2026-01-28","2026-01-28 20:28:00","Portacontenidors","21:28","ESVLC","36A","255805996","9143972","ESALG","Finalitzada","121,76","Algeciras","Valencia","F","19-21","80608-1","2026-01-28","2026-01-28 09:37:00","Portugal","A PEREZ Y CIA SL","CQIL8"
"2025","6212","PT","2026-01-31 21:04:00","PANDA 005","9,6","","https://www.marinetraffic.com/en/ais/details/ships/mmsi:255915666","TERMINAL CATALUNYA SA","01:10","2026-01-31 00:10:00","2026-01-31","2026-01-31 20:04:00","Portacontenidors","21:04","NLMOE","36A","255915666","9981063","MACAS","Finalitzada","169,95","Casablanca","Moerdijk","F","22-25","80510-1","2026-01-31","2026-01-31 01:10:00","Portugal","MARTICO SL","CQ2124"
"2025","6212","PT","2026-02-03 05:30:00","PANDA 005","9,6","","https://www.marinetraffic.com/en/ais/details/ships/mmsi:255915666","TERMINAL CATALUNYA SA","21:05","2026-01-31 20:05:00","2026-01-31","2026-02-03 04:30:00","Portacontenidors","05:30","NLMOE","90A","255915666","9981063","MACAS","Finalitzada","169,95","Casablanca","Moerdijk","F","","80510-3","2026-02-03","2026-01-31 21:05:00","Portugal","MARTICO SL","CQ2124"
"2025","6212","PT","2026-02-03 06:14:00","PANDA 007","9,6","","https://www.marinetraffic.com/en/ais/details/ships/mmsi:255915786","TERMINAL CATALUNYA SA","12:43","2026-02-02 11:43:00","2026-02-02","2026-02-03 05:14:00","Portacontenidors","06:14","SIKOP","36A","255915786","9280598","MYLPK","Finalitzada","277,28","Northport/Pt Klang                 ","Koper","F","24-30","80509-1","2026-02-03","2026-02-02 12:43:00","Portugal","MARTICO SL","CQ2244"
"2025","6212","PT","2026-02-03 18:42:00","PANDA 005","9,6","","https://www.marinetraffic.com/en/ais/details/ships/mmsi:255915666","TERMINAL CATALUNYA SA","05:31","2026-02-03 04:31:00","2026-02-03","2026-02-03 17:42:00","Portacontenidors","18:42","NLMOE","36A","255915666","9981063","MACAS","Finalitzada","169,95","Casablanca","Moerdijk","F","20-23","80510-4","2026-02-03","2026-02-03 05:31:00","Portugal","MARTICO SL","CQ2124"
"2025","6212","SG","2026-01-09 06:47:00","MIMMI SCHULTE","10,5","","https://www.marinetraffic.com/en/ais/details/ships/mmsi:563024600","TERMINAL CATALUNYA SA","20:12","2026-01-08 19:12:00","2026-01-08","2026-01-09 05:47:00","Portacontenidors","06:47","GRPIR","36A","563024600","9743473","ESALG","Finalitzada","188,85","Algeciras","Piraeus","F","25-29","79960-1","2026-01-09","2026-01-08 20:12:00","Singapur","ORIENT OVERSEAS CONTAINER LINE SPAIN SL","9V3435"
"2025","6212","SG","2026-01-16 08:44:00","ONE FOREVER","16","51","https://www.marinetraffic.com/en/ais/details/ships/mmsi:563296500","TERMINAL CATALUNYA SA","18:19","2026-01-14 17:19:00","2026-01-14","2026-01-16 07:44:00","Portacontenidors","08:44","ITGOA","36A","563296500","9944807","ESVLC","Finalitzada","365,93","Valencia","Genoa","F","3-10","80169-1","2026-01-16","2026-01-14 18:19:00","Singapur","OCEAN NETWORK EXPRESS SPAIN SA","9V2596"
"2025","6212","SG","2026-01-16 22:21:00","X-PRESS NETRAVATI","10","","https://www.marinetraffic.com/en/ais/details/ships/mmsi:563139800","TERMINAL CATALUNYA SA","10:12","2026-01-16 09:12:00","2026-01-16","2026-01-16 21:21:00","Portacontenidors","22:21","ESVLC","36A","563139800","9348194","ITGOA","Finalitzada","182,5","Genoa","Valencia","F","6-9","80619-1","2026-01-16","2026-01-16 10:12:00","Singapur","A PEREZ Y CIA SL","9V2420"
"2025","6212","SG","2026-03-09 23:03:00","ONE FANTASTIC","17","","https://www.marinetraffic.com/en/ais/details/ships/mmsi:563297400","TERMINAL CATALUNYA SA","10:50","2026-03-08 09:50:00","2026-03-08","2026-03-09 22:03:00","Portacontenidors","23:03","ITGOA","36A","563297400","9936381","ESVLC","Finalitzada","366,03","Valencia","Genoa","F","3-10","80177-1","2026-03-09","2026-03-08 10:50:00","Singapur","OCEAN NETWORK EXPRESS SPAIN SA","9V2931"
"2025","6693","MT","2026-01-07 14:21:00","W NORTH","7,11","","https://www.marinetraffic.com/en/ais/details/ships/mmsi:256585000","BUNGE IBERICA SA","21:27","2026-01-06 20:27:00","2026-01-06","2026-01-07 13:21:00","Tancs","14:21","ITRAN","23A","256585000","9272735","FRBES","Finalitzada","118,14","Brest","Ravenna","F","1-3","80678-1","2026-01-07","2026-01-06 21:27:00","Malta","ALFASHIP MARITIME SERVICES SL ","9HA5891"
"2025","6995","GR","2026-01-08 04:12:00","KRITI RUBY","12,5","","https://www.marinetraffic.com/en/ais/details/ships/mmsi:240941000","MEROIL SA","17:35","2026-01-03 16:35:00","2026-01-03","2026-01-08 03:12:00","Tancs","04:12","NGLOS","32C","240941000","9391282","ITPFX","Finalitzada","183,09","Porto Foxi (Sarroch)","Lagos","F","1","80609-1","2026-01-08","2026-01-03 17:35:00","Grècia","ALFASHIP MARITIME SERVICES SL ","SVAB7"
"2025","6995","HK","2026-01-04 09:35:00","GOLDEN DAISY","9","36","https://www.marinetraffic.com/en/ais/details/ships/mmsi:477745100","MEROIL SA","08:13","2026-01-01 07:13:00","2026-01-01","2026-01-04 08:35:00","Tancs","09:35","ESALG","32G","477745100","9878008","BEANR","Finalitzada","155","Anvers","Algeciras","F","1","80621-1","2026-01-04","2026-01-01 08:13:00","Hong Kong","ERHARDT SHIPPING SERVICES SL","VRUI3"
"2025","6995","MT","2026-01-02 14:35:00","HITRA","6,34","","https://www.marinetraffic.com/en/ais/details/ships/mmsi:249421000","MEROIL SA","12:08","2025-12-31 11:08:00","2025-12-31","2026-01-02 13:35:00","Tancs","14:35","ZZZZZ","32F","249421000","9413652","ITNAP","Finalitzada","107,6","Napoli","Desconegut","F","1","80578-1","2026-01-02","2025-12-31 12:08:00","Malta","ALFASHIP MARITIME SERVICES SL ","9HRO9"
"2025","6995","MT","2026-01-06 12:45:00","SEDAT BASAK","6,7","16,6","https://www.marinetraffic.com/en/ais/details/ships/mmsi:249276000","MEROIL SA","13:51","2026-01-04 12:51:00","2026-01-04","2026-01-06 11:45:00","Tancs","12:45","ITNAP","32F","249276000","9981257","ITVSO","Finalitzada","99,99","Vasto","Napoli","F","1","80620-1","2026-01-06","2026-01-04 13:51:00","Malta","ALFASHIP MARITIME SERVICES SL ","9HA6204"
"2025","6995","MT","2026-01-14 05:29:00","SPECTRUM","9,81","","https://www.marinetraffic.com/en/ais/details/ships/mmsi:215675000","MEROIL SA","20:55","2026-01-12 19:55:00","2026-01-12","2026-01-14 04:29:00","Tancs","05:29","GIGIB","32G","215675000","9535412","ESTAR","Finalitzada","138,5","Tarragona","Gibraltar","F","1","80636-1","2026-01-14","2026-01-12 20:55:00","Malta","NEXT MARITIME SL","9HA5242"
"2025","6995","SE","2026-01-09 02:51:00","FURE VEN","9,36","22,8","https://www.marinetraffic.com/en/ais/details/ships/mmsi:265062000","MEROIL SA","14:01","2026-01-06 13:01:00","2026-01-06","2026-01-09 01:51:00","Tancs","02:51","ZZZZZ","32F","265062000","9983102","ESTAR","Finalitzada","149,9","Tarragona","Desconegut","F","1","80588-1","2026-01-09","2026-01-06 14:01:00","Suècia","ALFASHIP MARITIME SERVICES SL ","SBED"
"2025","7083","AG","2026-01-24 02:20:00","LANGENESS","9,7","28,4","https://www.marinetraffic.com/en/ais/details/ships/mmsi:305540000","APM TERMINALS BARCELONA, S.L.U.","21:29","2026-01-23 20:29:00","2026-01-23","2026-01-24 01:20:00","Portacontenidors","02:20","ESVLC","24A","305540000","9944778","ESALC","Finalitzada","171,99","Alicante","Valencia","F","2-6","78602-2","2026-01-24","2026-01-23 21:29:00","Antigua i Barbuda","OCEAN NETWORK EXPRESS SPAIN SA","V2HR6"
"2025","7083","CY","2026-01-03 16:23:00","EINSTEIN","8","","https://www.marinetraffic.com/en/ais/details/ships/mmsi:210101000","APM TERMINALS BARCELONA, S.L.U.","06:59","2026-01-03 05:59:00","2026-01-03","2026-01-03 15:23:00","Portacontenidors","16:23","ESALC","24A","210101000","9483346","ESCAS","Finalitzada","151,72","Castellon de la Plana","Alicante","F","2-5","79962-1","2026-01-03","2026-01-03 06:59:00","Xipre","BERGE MARITIMA SL","5BQC5"
"2025","7083","CY","2026-01-10 21:43:00","WEC MAJORELLE","6,69","","https://www.marinetraffic.com/en/ais/details/ships/mmsi:210312000","APM TERMINALS BARCELONA, S.L.U.","10:24","2026-01-10 09:24:00","2026-01-10","2026-01-10 20:43:00","Portacontenidors","21:43","ESVLC","24A","210312000","9134153","ESVLC","Finalitzada","121,83","Valencia","Valencia","F","3-5","80152-1","2026-01-10","2026-01-10 10:24:00","Xipre","A PEREZ Y CIA SL","5BSJ3"
"2025","7083","CY","2026-01-16 15:58:00","EINSTEIN","8","","https://www.marinetraffic.com/en/ais/details/ships/mmsi:210101000","APM TERMINALS BARCELONA, S.L.U.","05:44","2026-01-16 04:44:00","2026-01-16","2026-01-16 14:58:00","Portacontenidors","15:58","ESCAS","24A","210101000","9483346","ESALC","Finalitzada","151,72","Alicante","Castellon de la Plana","F","2-5","80550-1","2026-01-16","2026-01-16 05:44:00","Xipre","BERGE MARITIMA SL","5BQC5"
"2025","7083","CY","2026-02-18 11:07:00","HYUNDAI HONGKONG","14,02","40","https://www.marinetraffic.com/en/ais/details/ships/mmsi:212348000","APM TERMINALS BARCELONA, S.L.U.","00:48","2026-02-17 23:48:00","2026-02-18","2026-02-18 10:07:00","Portacontenidors","11:07","ITGOA","24B","212348000","9305661","ESVLC","Finalitzada","303,83","Valencia","Genoa","F","14-20","80444-1","2026-02-18","2026-02-18 00:48:00","Xipre","MARITIME AGENCY HMM SPAIN SL","5BZL3"
"2025","7083","DK","2026-01-04 05:35:00","ANTONIA MAERSK","18","53,5","https://www.marinetraffic.com/en/ais/details/ships/mmsi:219614000","APM TERMINALS BARCELONA, S.L.U.","23:44","2026-01-02 22:44:00","2026-01-02","2026-01-04 04:35:00","Portacontenidors","05:35","ITSPE","24B","219614000","9948762","ESVLC","Finalitzada","350,59","Valencia","La Spezia","F","13-20","80476-1","2026-01-04","2026-01-02 23:44:00","Dinamarca","NOATUM MARITIME SPAIN SAU","OZHV2"
"2025","7083","DK","2026-01-16 02:49:00","AXEL MAERSK","17","","https://www.marinetraffic.com/en/ais/details/ships/mmsi:219700000","APM TERMINALS BARCELONA, S.L.U.","17:49","2026-01-14 16:49:00","2026-01-14","2026-01-16 01:49:00","Portacontenidors","02:49","ITSPE","24B","219700000","9961831","ESVLC","Finalitzada","350,59","Valencia","La Spezia","F","13-20","80548-1","2026-01-16","2026-01-14 17:49:00","Dinamarca","NOATUM MARITIME SPAIN SAU","OZKT2"
"2025","7083","IM","2026-01-08 15:10:00","SPIRIT OF SINGAPORE","12,4","","https://www.marinetraffic.com/en/ais/details/ships/mmsi:232013524","APM TERMINALS BARCELONA, S.L.U.","01:20","2026-01-08 00:20:00","2026-01-08","2026-01-08 14:10:00","Portacontenidors","15:10","MAPTM","24B","232013524","9362396","MACAS","Finalitzada","254,06","Casablanca","Tanger Med","F","2-7","79157-1","2026-01-08","2026-01-08 01:20:00","Illa de Man","HAPAG LLOYD SPAIN SL","MCMB7"
"2025","7083","KR","2026-02-04 05:26:00","HMM PROMISE","16","","https://www.marinetraffic.com/en/ais/details/ships/mmsi:440112000","APM TERMINALS BARCELONA, S.L.U.","07:50","2026-02-03 06:50:00","2026-02-03","2026-02-04 04:26:00","Portacontenidors","05:26","ESALG","24B","440112000","9742168","GRPIR","Finalitzada","329,99","Piraeus","Algeciras","F","13-20","79009-1","2026-02-04","2026-02-03 07:50:00","Corea del Sud","MARITIME AGENCY HMM SPAIN SL","D7EV"
"2025","7083","LR","2026-01-02 19:53:00","ZIM ASIA","12,6","","https://www.marinetraffic.com/en/ais/details/ships/mmsi:636021664","APM TERMINALS BARCELONA, S.L.U.","05:18","2026-01-02 04:18:00","2026-01-02","2026-01-02 18:53:00","Portacontenidors","19:53","ESVLC","24B","636021664","9464716","ITGOA","Finalitzada","260","Genoa","Valencia","F","14-20","79692-1","2026-01-02","2026-01-02 05:18:00","Libèria","A PEREZ Y CIA SL","5LFB9"
"2025","7083","LR","2026-01-05 17:51:00","ZIM PACIFIC","12,5","","https://www.marinetraffic.com/en/ais/details/ships/mmsi:636021362","APM TERMINALS BARCELONA, S.L.U.","06:06","2026-01-05 05:06:00","2026-01-05","2026-01-05 16:51:00","Portacontenidors","17:51","EGDAM","24B","636021362","9440837","ESVLC","Finalitzada","262","Valencia","Damietta","F","2-7","79530-1","2026-01-05","2026-01-05 06:06:00","Libèria","A PEREZ Y CIA SL","5LDO9"
"2025","7083","LR","2026-01-06 21:51:00","SEATRADE COLOMBIA","9,7","","https://www.marinetraffic.com/en/ais/details/ships/mmsi:636093323","APM TERMINALS BARCELONA, S.L.U.","15:38","2026-01-06 14:38:00","2026-01-06","2026-01-06 20:51:00","Portacontenidors","21:51","ESVLC","24A","636093323","9976238","TRYAR","Finalitzada","172","Yarimca","Valencia","F","2-5","80450-1","2026-01-06","2026-01-06 15:38:00","Libèria","UNIVERSAL MARITIMA SL","5LSP3"
"2025","7083","LR","2026-01-06 23:03:00","SAN DIEGO","14,5","42,8","https://www.marinetraffic.com/en/ais/details/ships/mmsi:636014221","APM TERMINALS BARCELONA, S.L.U.","12:11","2026-01-06 11:11:00","2026-01-06","2026-01-06 22:03:00","Portacontenidors","23:03","ITGOA","24B","636014221","9398412","ESVLC","Finalitzada","334","Valencia","Genoa","F","13-20","80344-1","2026-01-06","2026-01-06 12:11:00","Libèria","A PEREZ Y CIA SL","A8SI7"
"2025","7083","LR","2026-01-10 04:00:00","SPARTEL TRADER","11,02","","https://www.marinetraffic.com/en/ais/details/ships/mmsi:636021056","APM TERMINALS BARCELONA, S.L.U.","06:52","2026-01-09 05:52:00","2026-01-09","2026-01-10 03:00:00","Portacontenidors","04:00","TRIZT","24B","636021056","9243203","MAPTM","Finalitzada","243,35","Tanger Med","Izmit","F","2-7","79617-1","2026-01-10","2026-01-09 06:52:00","Libèria","HAPAG LLOYD SPAIN SL","5LCA6"
"2025","7083","LR","2026-01-10 09:03:00","CHENNAI EXPRESS","14","","https://www.marinetraffic.com/en/ais/details/ships/mmsi:636092930","APM TERMINALS BARCELONA, S.L.U.","11:35","2026-01-09 10:35:00","2026-01-09","2026-01-10 08:03:00","Portacontenidors","09:03","ESVLC","24B","636092930","9306158","ITGOA","Finalitzada","304,1","Genoa","Valencia","F","14-20","80389-1","2026-01-10","2026-01-09 11:35:00","Libèria","HAPAG LLOYD SPAIN SL","D5VH7"
"2025","7083","LR","2026-01-10 15:05:00","ODYSSEUS","12","","https://www.marinetraffic.com/en/ais/details/ships/mmsi:636016770","APM TERMINALS BARCELONA, S.L.U.","05:34","2026-01-10 04:34:00","2026-01-10","2026-01-10 14:05:00","Portacontenidors","15:05","DOCAU","24B","636016770","9315824","ITLIV","Finalitzada","222,14","Livorno","Caucedo","F","2-7","80153-1","2026-01-10","2026-01-10 05:34:00","Libèria","HAPAG LLOYD SPAIN SL","A8KC9"
"2025","7083","LR","2026-01-23 17:47:00","PAGE","12,5","","https://www.marinetraffic.com/en/ais/details/ships/mmsi:636024805","APM TERMINALS BARCELONA, S.L.U.","00:46","2026-01-22 23:46:00","2026-01-23","2026-01-23 16:47:00","Portacontenidors","17:47","TRIZT","24B","636024805","9215660","MAPTM","Finalitzada","257,34","Tanger Med","Izmit","F","2-7","80593-1","2026-01-23","2026-01-23 00:46:00","Libèria","HAPAG LLOYD SPAIN SL","5LUJ5"
"2025","7083","LR","2026-01-30 08:28:00","CHACABUCO","14","","https://www.marinetraffic.com/en/ais/details/ships/mmsi:636092679","APM TERMINALS BARCELONA, S.L.U.","12:41","2026-01-29 11:41:00","2026-01-29","2026-01-30 07:28:00","Portacontenidors","08:28","ESVLC","24B","636092679","9295957","ITGOA","Finalitzada","275,8","Genoa","Valencia","F","13-18","80317-1","2026-01-30","2026-01-29 12:41:00","Libèria","HAPAG LLOYD SPAIN SL","A8JM7"
"2025","7083","LR","2026-02-17 19:37:00","SPARTEL TRADER","11,02","","https://www.marinetraffic.com/en/ais/details/ships/mmsi:636021056","APM TERMINALS BARCELONA, S.L.U.","06:10","2026-02-16 05:10:00","2026-02-16","2026-02-17 18:37:00","Portacontenidors","19:37","MAPTM","24B","636021056","9243203","MACAS","Finalitzada","243,35","Casablanca","Tanger Med","F","2-7","80596-1","2026-02-17","2026-02-16 06:10:00","Libèria","HAPAG LLOYD SPAIN SL","5LCA6"
"2025","7083","MH","2026-01-11 16:14:00","ELISABETH P","11,55","","https://www.marinetraffic.com/en/ais/details/ships/mmsi:538009388","APM TERMINALS BARCELONA, S.L.U.","00:18","2026-01-10 23:18:00","2026-01-11","2026-01-11 15:14:00","Portacontenidors","16:14","GRPIR","24B","538009388","9320142","ESVLC","Finalitzada","215,32","Valencia","Piraeus","F","14-18","80590-1","2026-01-11","2026-01-11 00:18:00","Illes Marshall","NOATUM MARITIME SPAIN SAU","V7A4670"
"2025","7083","MH","2026-01-16 16:18:00","SHEKOU STAR","12,6","","https://www.marinetraffic.com/en/ais/details/ships/mmsi:538010796","APM TERMINALS BARCELONA, S.L.U.","01:58","2026-01-16 00:58:00","2026-01-16","2026-01-16 15:18:00","Portacontenidors","16:18","MAPTM","24B","538010796","9322322","MACAS","Finalitzada","260,01","Casablanca","Tanger Med","F","2-7","80155-1","2026-01-16","2026-01-16 01:58:00","Illes Marshall","HAPAG LLOYD SPAIN SL","V7A7442"
"2025","7083","MH","2026-01-17 06:59:00","NICARAGUA EXPRESS","14,5","","https://www.marinetraffic.com/en/ais/details/ships/mmsi:538004912","APM TERMINALS BARCELONA, S.L.U.","13:00","2026-01-16 12:00:00","2026-01-16","2026-01-17 05:59:00","Portacontenidors","06:59","ESVLC","24B","538004912","9635676","ITGOA","Finalitzada","270,07","Genoa","Valencia","F","13-19","80388-1","2026-01-17","2026-01-16 13:00:00","Illes Marshall","HAPAG LLOYD SPAIN SL","V7ZT8"
"2025","7083","MH","2026-01-25 04:55:00","PANAMA EXPRESS","14,5","","https://www.marinetraffic.com/en/ais/details/ships/mmsi:538004913","APM TERMINALS BARCELONA, S.L.U.","06:07","2026-01-24 05:07:00","2026-01-24","2026-01-25 03:55:00","Portacontenidors","04:55","ESVLC","24B","538004913","9641223","ITGOA","Finalitzada","270,07","Genoa","Valencia","F","14-20","80250-1","2026-01-25","2026-01-24 06:07:00","Illes Marshall","HAPAG LLOYD SPAIN SL","V7ZT9"
"2025","7083","MH","2026-01-29 02:42:00","VANCOUVER STAR","12,63","","https://www.marinetraffic.com/en/ais/details/ships/mmsi:538010794","APM TERMINALS BARCELONA, S.L.U.","14:25","2026-01-28 13:25:00","2026-01-28","2026-01-29 01:42:00","Portacontenidors","02:42","NGTIN","24B","538010794","9322334","MAPTM","Finalitzada","260,62","Tanger Med","Tincan/Lagos","F","15-20","80594-1","2026-01-29","2026-01-28 14:25:00","Illes Marshall","HAPAG LLOYD SPAIN SL","V7A7438"
"2025","7083","MT","2026-01-01 02:52:00","REMAH","9,7","28,4","https://www.marinetraffic.com/en/ais/details/ships/mmsi:249433000","APM TERMINALS BARCELONA, S.L.U.","06:02","2025-12-31 05:02:00","2025-12-31","2026-01-01 01:52:00","Portacontenidors","02:52","ESVLC","24A","249433000","9947720","TRYAR","Finalitzada","171,99","Yarimca","Valencia","F","2-5","79622-2","2026-01-01","2025-12-31 06:02:00","Malta","UNIVERSAL MARITIMA SL","9HA6259"
"2025","7083","MT","2026-01-09 03:20:00","MARGUERITE A","10","","https://www.marinetraffic.com/en/ais/details/ships/mmsi:215416000","APM TERMINALS BARCELONA, S.L.U.","02:11","2026-01-08 01:11:00","2026-01-08","2026-01-09 02:20:00","Portacontenidors","03:20","FRFOS","24A","215416000","9305893","ESVLC","Finalitzada","184","Valencia","Fos-sur-Mer","F","2-6","80151-1","2026-01-09","2026-01-08 02:11:00","Malta","ARKAS SPAIN SA","9HA5101"
"2025","7083","MT","2026-01-11 12:20:00","TEOMAN A","11,55","","https://www.marinetraffic.com/en/ais/details/ships/mmsi:215179000","APM TERMINALS BARCELONA, S.L.U.","19:25","2026-01-10 18:25:00","2026-01-10","2026-01-11 11:20:00","Portacontenidors","12:20","FRFOS","24B","215179000","9226504","ESVLC","Finalitzada","199,95","Valencia","Fos-sur-Mer","F","3-7","80163-1","2026-01-11","2026-01-10 19:25:00","Malta","ARKAS SPAIN SA","9HA4997"
"2025","7083","MT","2026-01-17 07:56:00","GEMLIK EXPRESS","11","","https://www.marinetraffic.com/en/ais/details/ships/mmsi:256703000","APM TERMINALS BARCELONA, S.L.U.","20:01","2026-01-16 19:01:00","2026-01-16","2026-01-17 06:56:00","Portacontenidors","07:56","DOCAU","24B","256703000","9751107","ITLIV","Finalitzada","185,97","Livorno","Caucedo","F","3-6","80385-1","2026-01-17","2026-01-16 20:01:00","Malta","HAPAG LLOYD SPAIN SL","9HA5942"
"2025","7083","PT","2026-01-03 11:22:00","CAPE SCOTT","11,5","32,2","https://www.marinetraffic.com/en/ais/details/ships/mmsi:255916278","APM TERMINALS BARCELONA, S.L.U.","00:42","2026-01-02 23:42:00","2026-01-03","2026-01-03 10:22:00","Portacontenidors","11:22","DOCAU","24B","255916278","9950117","ITLIV","Finalitzada","188,8","Livorno","Caucedo","F","3-7","80180-1","2026-01-03","2026-01-03 00:42:00","Portugal","HAPAG LLOYD SPAIN SL","CQ2707"
"2025","7083","PT","2026-01-09 03:34:00","JOANNA BORCHARD","9,5","","https://www.marinetraffic.com/en/ais/details/ships/mmsi:255915591","APM TERMINALS BARCELONA, S.L.U.","18:11","2026-01-08 17:11:00","2026-01-08","2026-01-09 02:34:00","Portacontenidors","03:34","ESCAS","24B","255915591","1016563","FRMRS","Finalitzada","150,08","Marseille","Castellon de la Plana","F","3-6","80357-1","2026-01-09","2026-01-08 18:11:00","Portugal","NOATUM MARITIME SPAIN SAU","CQ2049"
"2025","7083","PT","2026-01-09 10:03:00","AS CARELIA","12","","https://www.marinetraffic.com/en/ais/details/ships/mmsi:255806092","APM TERMINALS BARCELONA, S.L.U.","02:22","2026-01-09 01:22:00","2026-01-09","2026-01-09 09:03:00","Portacontenidors","10:03","MAPTM","24B","255806092","9309409","ITGOA","Finalitzada","222,14","Genoa","Tanger Med","F","14-19","79639-1","2026-01-09","2026-01-09 02:22:00","Portugal","HAPAG LLOYD SPAIN SL","CQIX2"
"2025","7083","PT","2026-01-15 23:55:00","OSAKA","12,5","","https://www.marinetraffic.com/en/ais/details/ships/mmsi:255805764","APM TERMINALS BARCELONA, S.L.U.","07:06","2026-01-15 06:06:00","2026-01-15","2026-01-15 22:55:00","Portacontenidors","23:55","TRIZT","24B","255805764","9670834","MAPTM","Finalitzada","227,97","Tanger Med","Izmit","F","3-7","79604-1","2026-01-15","2026-01-15 07:06:00","Portugal","HAPAG LLOYD SPAIN SL","CQCN"
"2025","7083","PT","2026-01-16 03:22:00","CARLA","7,29","","https://www.marinetraffic.com/en/ais/details/ships/mmsi:255805984","APM TERMINALS BARCELONA, S.L.U.","23:49","2026-01-15 22:49:00","2026-01-15","2026-01-16 02:22:00","Portacontenidors","03:22","ESVLC","24A","255805984","9319868","MTMLA","Finalitzada","139,88","Malta (Valetta)","Valencia","F","2-5","79561-2","2026-01-16","2026-01-15 23:49:00","Portugal","A PEREZ Y CIA SL","CQIK4"
"2025","7083","PT","2026-01-17 04:43:00","JUDITH BORCHARD","9,5","","https://www.marinetraffic.com/en/ais/details/ships/mmsi:255915590","APM TERMINALS BARCELONA, S.L.U.","20:00","2026-01-16 19:00:00","2026-01-16","2026-01-17 03:43:00","Portacontenidors","04:43","ESCAS","24A","255915590","1016575","FRMRS","Finalitzada","150,08","Marseille","Castellon de la Plana","F","2-5","80552-1","2026-01-17","2026-01-16 20:00:00","Portugal","NOATUM MARITIME SPAIN SAU","CQ2048"
"2025","7083","PT","2026-01-20 01:05:00","LODUR","13,4","32,24","https://www.marinetraffic.com/en/ais/details/ships/mmsi:255916596","APM TERMINALS BARCELONA, S.L.U.","06:11","2026-01-19 05:11:00","2026-01-19","2026-01-20 00:05:00","Portacontenidors","01:05","GRPIR","24B","255916596","9219381","ESCAS","Finalitzada","220,31","Castellon de la Plana","Piraeus","F","3-7","80622-1","2026-01-20","2026-01-19 06:11:00","Portugal","CMA CGM IBERICA SAU","CQ2845"
"2025","7083","PT","2026-01-25 03:14:00","CAPE SPENCER","11,5","","https://www.marinetraffic.com/en/ais/details/ships/mmsi:255916274","APM TERMINALS BARCELONA, S.L.U.","03:37","2026-01-24 02:37:00","2026-01-24","2026-01-25 02:14:00","Portacontenidors","03:14","DOCAU","24A","255916274","9950129","ITLIV","Finalitzada","188,8","Livorno","Caucedo","F","2-6","80249-1","2026-01-25","2026-01-24 03:37:00","Portugal","HAPAG LLOYD SPAIN SL","CQ2703"
"2025","7083","PT","2026-01-28 11:01:00","RACHEL BORCHARD","9,5","27","https://www.marinetraffic.com/en/ais/details/ships/mmsi:255915592","APM TERMINALS BARCELONA, S.L.U.","17:45","2026-01-27 16:45:00","2026-01-27","2026-01-28 10:01:00","Portacontenidors","11:01","ESCAS","24A","255915592","1016587","FRMRS","Finalitzada","150","Marseille","Castellon de la Plana","F","2-5","80676-1","2026-01-28","2026-01-27 17:45:00","Portugal","NOATUM MARITIME SPAIN SAU","CQ2050"
"2025","7083","PT","2026-01-29 12:31:00","K-OCEAN","6,69","18,2","https://www.marinetraffic.com/en/ais/details/ships/mmsi:255805996","APM TERMINALS BARCELONA, S.L.U.","06:51","2026-01-29 05:51:00","2026-01-29","2026-01-29 11:31:00","Portacontenidors","12:31","ESVLC","24A","255805996","9143972","ESALG","Finalitzada","121,76","Algeciras","Valencia","F","2-5","80608-2","2026-01-29","2026-01-29 06:51:00","Portugal","A PEREZ Y CIA SL","CQIL8"
"2025","7083","SG","2026-01-06 06:59:00","ESTELLE MAERSK","17","","https://www.marinetraffic.com/en/ais/details/ships/mmsi:563255100","APM TERMINALS BARCELONA, S.L.U.","06:51","2026-01-05 05:51:00","2026-01-05","2026-01-06 05:59:00","Portacontenidors","06:59","SGSIN","24B","563255100","9321495","ESVLC","Finalitzada","398,9","Valencia","Singapore","F","12-20","80617-1","2026-01-06","2026-01-05 06:51:00","Singapur","NOATUM MARITIME SPAIN SAU","9VCY4"
"2025","7083","SG","2026-01-09 00:05:00","EVELYN MAERSK","17","","https://www.marinetraffic.com/en/ais/details/ships/mmsi:563255200","APM TERMINALS BARCELONA, S.L.U.","16:52","2026-01-07 15:52:00","2026-01-07","2026-01-08 23:05:00","Portacontenidors","00:05","ITSPE","24B","563255200","9321512","ESVLC","Finalitzada","398,9","Valencia","La Spezia","F","12-20","80480-1","2026-01-09","2026-01-07 16:52:00","Singapur","NOATUM MARITIME SPAIN SAU","9VCY5"
"2025","7083","SG","2026-02-02 20:44:00","SEASPAN BREEZE","15,5","","https://www.marinetraffic.com/en/ais/details/ships/mmsi:563279500","APM TERMINALS BARCELONA, S.L.U.","06:27","2026-02-02 05:27:00","2026-02-02","2026-02-02 19:44:00","Portacontenidors","20:44","ITGOA","24B","563279500","9685358","ESVLC","Finalitzada","336,95","Valencia","Genoa","F","13-20","80440-1","2026-02-02","2026-02-02 06:27:00","Singapur","MARITIME AGENCY HMM SPAIN SL","9VMX2"
"2025","7259","HK","2026-01-25 13:00:00","BOCHEM LONDON","9,78","","https://www.marinetraffic.com/en/ais/details/ships/mmsi:477636500","TEPSA IBERIA SLU","03:29","2026-01-23 02:29:00","2026-01-23","2026-01-25 12:00:00","Tancs","13:00","ESALG","32C","477636500","9743849","ITGOA","Finalitzada","145","Genoa","Algeciras","F","1","80417-1","2026-01-25","2026-01-23 03:29:00","Hong Kong","INCHCAPE SHIPPING SERVICIOS ESPAÑA SA","VRQF6"
"2025","7259","MT","2026-01-07 04:33:00","W WEST","7,61","","https://www.marinetraffic.com/en/ais/details/ships/mmsi:256996000","TEPSA IBERIA SLU","17:38","2026-01-05 16:38:00","2026-01-05","2026-01-07 03:33:00","Tancs","04:33","ESCAR","32E","256996000","9383651","GBEAM","Finalitzada","101,39","Eastham","Cartagena","F","1","80681-1","2026-01-07","2026-01-05 17:38:00","Malta","IBERICA MARITIMA BARCELONA SA","9HHO9"
"2025","7259","PA","2026-01-11 12:35:00","TRANS SEA","8,81","","https://www.marinetraffic.com/en/ais/details/ships/mmsi:352003080","TEPSA IBERIA SLU","16:42","2026-01-10 15:42:00","2026-01-10","2026-01-11 11:35:00","Tancs","12:35","FRFOS","32D","352003080","9956927","BEANR","Finalitzada","126","Anvers","Fos-sur-Mer","F","1","80680-1","2026-01-11","2026-01-10 16:42:00","Panamà","IBERICA MARITIMA BARCELONA SA","3E5967"
"2025","7259","PT","2026-01-02 11:32:00","AMALIE ESSBERGER","7,36","","https://www.marinetraffic.com/en/ais/details/ships/mmsi:255805370","TEPSA IBERIA SLU","07:33","2026-01-01 06:33:00","2026-01-01","2026-01-02 10:32:00","Tancs","11:32","FRLAV","32E","255805370","9314777","ESTAR","Finalitzada","118,14","Tarragona","Lavera","F","1","80625-1","2026-01-02","2026-01-01 07:33:00","Portugal","IBERICA MARITIMA BARCELONA SA","CQLV"
"2025","7585","PT","2026-01-04 10:16:00","JADRANA","13","37,3","https://www.marinetraffic.com/en/ais/details/ships/mmsi:255805572","MANIPULADORA DE MERCANCIAS SL","00:41","2026-01-03 23:41:00","2026-01-04","2026-01-04 09:16:00","Portacontenidors","10:16","SIKOP","29A","255805572","9619385","MYLPK","Finalitzada","255","Northport/Pt Klang                 ","Koper","F","4-12","79699-2","2026-01-04","2026-01-04 00:41:00","Portugal","MARTICO SL","CQIW"
"2025","7585","PT","2026-01-15 14:29:00","LOLA B","7,33","","https://www.marinetraffic.com/en/ais/details/ships/mmsi:255806261","MANIPULADORA DE MERCANCIAS SL","12:38","2026-01-02 11:38:00","2026-01-02","2026-01-15 13:29:00","Portacontenidors","14:29","ESVLC","29A","255806261","9353723","ESALC","Finalitzada","154,85","Alicante","Valencia","F","13-16","80121-3","2026-01-15","2026-01-02 12:38:00","Portugal","BOLUDA LINES SA","CQAS3"
"2025","7946","BS","2026-01-05 16:29:00","ALDEBARAN","10,5","","https://www.marinetraffic.com/en/ais/details/ships/mmsi:311000232","TRADEBE PORT SERVICES SL","15:21","2026-01-02 14:21:00","2026-01-02","2026-01-05 15:29:00","Tancs","16:29","SYBAN","32E","311000232","9723007","ESSCT","Finalitzada","183","Santa Cruz de Tenerife","Baniyas","F","1","80586-1","2026-01-05","2026-01-02 15:21:00","Bahames","ALFASHIP MARITIME SERVICES SL ","C6BD5"
"2025","7946","DK","2026-01-10 11:13:00","JETTE THERESA","8,51","19,2","https://www.marinetraffic.com/en/ais/details/ships/mmsi:220624000","TRADEBE PORT SERVICES SL","05:49","2026-01-08 04:49:00","2026-01-08","2026-01-10 10:13:00","Tancs","11:13","ESHUV","32C","220624000","9406582","FRLAV","Finalitzada","129,6","Lavera","Huelva","F","1","80638-1","2026-01-10","2026-01-08 05:49:00","Dinamarca","IBERICA MARITIMA BARCELONA SA","OWBH2"
"2025","7946","DK","2026-01-12 16:29:00","TORM SUBLIME","13,3","32","https://www.marinetraffic.com/en/ais/details/ships/mmsi:219274000","TRADEBE PORT SERVICES SL","05:18","2026-01-09 04:18:00","2026-01-09","2026-01-12 15:29:00","Tancs","16:29","ZZZZZ","32G","219274000","9854789","INBOM","Finalitzada","183,06","Mumbai (ex Bombay)","Desconegut","F","1","80639-1","2026-01-12","2026-01-09 05:18:00","Dinamarca","ALFASHIP MARITIME SERVICES SL ","OYAJ2"
"2025","7946","GR","2026-01-08 04:12:00","KRITI RUBY","12,5","","https://www.marinetraffic.com/en/ais/details/ships/mmsi:240941000","TRADEBE PORT SERVICES SL","17:35","2026-01-03 16:35:00","2026-01-03","2026-01-08 03:12:00","Tancs","04:12","NGLOS","32C","240941000","9391282","ITPFX","Finalitzada","183,09","Porto Foxi (Sarroch)","Lagos","F","1","80609-1","2026-01-08","2026-01-03 17:35:00","Grècia","ALFASHIP MARITIME SERVICES SL ","SVAB7"
"2025","7946","MH","2026-01-14 10:55:00","ELANDRA BALTIC","13","32,2","https://www.marinetraffic.com/en/ais/details/ships/mmsi:538004371","TRADEBE PORT SERVICES SL","19:40","2026-01-12 18:40:00","2026-01-12","2026-01-14 09:55:00","Tancs","10:55","GIGIB","34B","538004371","9482562","DZAZW","Finalitzada","183,29","Arzew","Gibraltar","F","1","80542-1","2026-01-14","2026-01-12 19:40:00","Illes Marshall","ALFASHIP MARITIME SERVICES SL ","V7WR2"
"2025","7946","SE","2026-01-09 02:51:00","FURE VEN","9,36","22,8","https://www.marinetraffic.com/en/ais/details/ships/mmsi:265062000","TRADEBE PORT SERVICES SL","14:01","2026-01-06 13:01:00","2026-01-06","2026-01-09 01:51:00","Tancs","02:51","ZZZZZ","32F","265062000","9983102","ESTAR","Finalitzada","149,9","Tarragona","Desconegut","F","1","80588-1","2026-01-09","2026-01-06 14:01:00","Suècia","ALFASHIP MARITIME SERVICES SL ","SBED"
"2025","8156","CY","2026-01-01 13:36:00","GOLDEN BRIDGE","6,92","24,8","https://www.marinetraffic.com/en/ais/details/ships/mmsi:209410000","GRIMALDI TERMINAL BARCELONA SL","06:11","2026-01-01 05:11:00","2026-01-01","2026-01-01 12:36:00","Transbordadors","13:36","ESMAH","90A","209410000","8902345","ESMAH","Finalitzada","186,5","Mahon Menorca","Mahon Menorca","F","","80566-3","2026-01-01","2026-01-01 06:11:00","Xipre","TRANSCOMA BALEARES SA","5BCJ5"
"2025","8156","ES","2026-01-09 13:30:00","SUAR VIGO","6,01","","https://www.marinetraffic.com/en/ais/details/ships/mmsi:224499000","GRIMALDI TERMINAL BARCELONA SL","00:25","2026-01-08 23:25:00","2026-01-09","2026-01-09 12:30:00","Car-carrier","13:30","ESLPA","20A","224499000","9250000","ESLPA","Finalitzada","149,38","Las Palmas","Las Palmas","F","3-6","80454-1","2026-01-09","2026-01-09 00:25:00","Espanya","VAPORES SUARDIAZ MEDITERRANEO SA","ECDY"
"2025","8156","ES","2026-01-16 14:05:00","SUAR VIGO","6,01","","https://www.marinetraffic.com/en/ais/details/ships/mmsi:224499000","GRIMALDI TERMINAL BARCELONA SL","23:38","2026-01-15 22:38:00","2026-01-15","2026-01-16 13:05:00","Car-carrier","14:05","ESLPA","20A","224499000","9250000","ESSCT","Finalitzada","149,38","Santa Cruz de Tenerife","Las Palmas","F","3-6","80455-1","2026-01-16","2026-01-15 23:38:00","Espanya","VAPORES SUARDIAZ MEDITERRANEO SA","ECDY"
"2025","8156","ES","2026-01-23 08:41:00","SUAR VIGO","6,01","","https://www.marinetraffic.com/en/ais/details/ships/mmsi:224499000","GRIMALDI TERMINAL BARCELONA SL","00:50","2026-01-22 23:50:00","2026-01-23","2026-01-23 07:41:00","Car-carrier","08:41","ESLPA","20A","224499000","9250000","ESSCT","Finalitzada","149,38","Santa Cruz de Tenerife","Las Palmas","F","3-6","80456-1","2026-01-23","2026-01-23 00:50:00","Espanya","VAPORES SUARDIAZ MEDITERRANEO SA","ECDY"
"2025","8156","ES","2026-01-30 13:31:00","SUAR VIGO","6,01","","https://www.marinetraffic.com/en/ais/details/ships/mmsi:224499000","GRIMALDI TERMINAL BARCELONA SL","23:41","2026-01-29 22:41:00","2026-01-29","2026-01-30 12:31:00","Car-carrier","13:31","ESLPA","20A","224499000","9250000","ESSCT","Finalitzada","149,38","Santa Cruz de Tenerife","Las Palmas","F","3-6","80457-1","2026-01-30","2026-01-29 23:41:00","Espanya","VAPORES SUARDIAZ MEDITERRANEO SA","ECDY"
"2025","8156","IT","2026-01-04 13:59:00","ECO ADRIATICA","7,2","34","https://www.marinetraffic.com/en/ais/details/ships/mmsi:247384100","GRIMALDI TERMINAL BARCELONA SL","07:12","2026-01-04 06:12:00","2026-01-04","2026-01-04 12:59:00","Ro-Ro","13:59","ESVLC","21A","247384100","9859600","ITLIV","Finalitzada","238","Livorno","Valencia","F","1-5","80482-1","2026-01-04","2026-01-04 07:12:00","Itàlia","GRIMALDI LOGISTICA ESPAÑA SL","ICIZ"
"2025","8156","IT","2026-01-08 15:33:00","ECO ADRIATICA","7,2","34","https://www.marinetraffic.com/en/ais/details/ships/mmsi:247384100","GRIMALDI TERMINAL BARCELONA SL","08:00","2026-01-08 07:00:00","2026-01-08","2026-01-08 14:33:00","Ro-Ro","15:33","ITSVN","20D","247384100","9859600","ESVLC","Finalitzada","238","Valencia","Savona","F","2-6","80647-1","2026-01-08","2026-01-08 08:00:00","Itàlia","GRIMALDI LOGISTICA ESPAÑA SL","ICIZ"
"2025","8156","IT","2026-01-09 14:19:00","ECO SAVONA","7,2","34","https://www.marinetraffic.com/en/ais/details/ships/mmsi:247383600","GRIMALDI TERMINAL BARCELONA SL","08:47","2026-01-09 07:47:00","2026-01-09","2026-01-09 13:19:00","Ro-Ro","14:19","ESVLC","20D","247383600","9859569","ITSVN","Finalitzada","238","Savona","Valencia","F","2-6","80651-1","2026-01-09","2026-01-09 08:47:00","Itàlia","GRIMALDI LOGISTICA ESPAÑA SL","IBZM"
"2025","8156","IT","2026-01-11 02:02:00","ECO SAVONA","7,2","34","https://www.marinetraffic.com/en/ais/details/ships/mmsi:247383600","GRIMALDI TERMINAL BARCELONA SL","21:19","2026-01-10 20:19:00","2026-01-10","2026-01-11 01:02:00","Ro-Ro","02:02","ITSVN","20A","247383600","9859569","ESVLC","Finalitzada","238","Valencia","Savona","F","2-6","80652-1","2026-01-11","2026-01-10 21:19:00","Itàlia","GRIMALDI LOGISTICA ESPAÑA SL","IBZM"
"2025","8156","IT","2026-01-12 11:36:00","ECO ADRIATICA","7,2","34","https://www.marinetraffic.com/en/ais/details/ships/mmsi:247384100","GRIMALDI TERMINAL BARCELONA SL","08:01","2026-01-12 07:01:00","2026-01-12","2026-01-12 10:36:00","Ro-Ro","11:36","ESVLC","20D","247384100","9859600","ITLIV","Finalitzada","238","Livorno","Valencia","F","2-6","80648-1","2026-01-12","2026-01-12 08:01:00","Itàlia","GRIMALDI LOGISTICA ESPAÑA SL","ICIZ"
"2025","8192","BS","2026-01-01 10:34:00","LOBITO","12,75","","https://www.marinetraffic.com/en/ais/details/ships/mmsi:311038700","ENAGAS TRANSPORTE SAU","09:24","2025-12-31 08:24:00","2025-12-31","2026-01-01 09:34:00","Petroliers","10:34","ZZZZZ","33C","311038700","9490961","CVMIN","Finalitzada","285,36","Mindelo","Desconegut","F","1","80556-1","2026-01-01","2025-12-31 09:24:00","Bahames","ERHARDT SHIPPING SERVICES SL","C6YZ3"
"2025","8192","FR","2026-01-05 10:39:00","RAVENNA KNUTSEN","8,42","","https://www.marinetraffic.com/en/ais/details/ships/mmsi:228440900","ENAGAS TRANSPORTE SAU","05:13","2026-01-04 04:13:00","2026-01-04","2026-01-05 09:39:00","Petroliers","10:39","ITRAN","32H","228440900","9874040","ESCAR","Finalitzada","180,04","Cartagena","Ravenna","F","1","80632-1","2026-01-05","2026-01-04 05:13:00","França","IBERICA MARITIMA BARCELONA SA","FMVF"
"2025","A","BS","2026-01-10 18:25:00","SILVER MUSE","7","27","https://www.marinetraffic.com/en/ais/details/ships/mmsi:311000637","ADOSSAT/TERMINAL A","07:56","2026-01-10 06:56:00","2026-01-10","2026-01-10 17:25:00","Passatge","18:25","FRMRS","01D","311000637","9784350","ESAGP","Finalitzada","213","Malaga","Marseille","F","32-36","79618-1","2026-01-10","2026-01-10 07:56:00","Bahames","INTERCRUISES PORT OPERATIONS SPAIN SLU","C6DC5"
"2025","A","BS","2026-01-24 18:50:00","SILVER MUSE","7","27","https://www.marinetraffic.com/en/ais/details/ships/mmsi:311000637","ADOSSAT/TERMINAL A","06:54","2026-01-24 05:54:00","2026-01-24","2026-01-24 17:50:00","Passatge","18:50","ESPMI","01D","311000637","9784350","ESVLC","Finalitzada","213","Valencia","Palma de Mallorca","F","32-36","79619-1","2026-01-24","2026-01-24 06:54:00","Bahames","INTERCRUISES PORT OPERATIONS SPAIN SLU","C6DC5"
"2025","A","BS","2026-03-09 16:27:00","STAR LEGEND","5,4","","https://www.marinetraffic.com/en/ais/details/ships/mmsi:311085000","ADOSSAT/TERMINAL A","06:45","2026-03-08 05:45:00","2026-03-08","2026-03-09 15:27:00","Passatge","16:27","FRNCE","01D","311085000","9008598","ESPMI","Finalitzada","159","Palma de Mallorca","Nice","F","32-35","79356-1","2026-03-09","2026-03-08 06:45:00","Bahames","BALEARES CONSIGNATARIOS SLU","C6FR6"
"2025","A","NO","2026-01-17 18:20:00","VIKING SATURN","6,65","","https://www.marinetraffic.com/en/ais/details/ships/mmsi:258024000","ADOSSAT/TERMINAL A","07:51","2026-01-16 06:51:00","2026-01-16","2026-01-17 17:20:00","Passatge","18:20","FRMRS","01D","258024000","9845922","FRMRS","Finalitzada","228","Marseille","Marseille","F","32-36","79160-1","2026-01-17","2026-01-16 07:51:00","Noruega","A PEREZ Y CIA SL","LARM8"
"2025","A","NO","2026-01-20 17:43:00","VIKING NEPTUNE","6,45","","https://www.marinetraffic.com/en/ais/details/ships/mmsi:257850000","ADOSSAT/TERMINAL A","07:39","2026-01-18 06:39:00","2026-01-18","2026-01-20 16:43:00","Passatge","17:43","ESCAR","01D","257850000","9845910","FRMRS","Finalitzada","228","Marseille","Cartagena","F","32-36","79167-1","2026-01-20","2026-01-18 07:39:00","Noruega","A PEREZ Y CIA SL","LAOZ8"
"2025","A","NO","2026-02-04 20:32:00","VIKING VESTA","6,45","","https://www.marinetraffic.com/en/ais/details/ships/mmsi:257944000","ADOSSAT/TERMINAL A","05:55","2026-02-03 04:55:00","2026-02-03","2026-02-04 19:32:00","Passatge","20:32","FRSET","01D","257944000","9852444","ESAGP","Finalitzada","240","Malaga","Sete","F","31-36","79170-1","2026-02-04","2026-02-03 05:55:00","Noruega","A PEREZ Y CIA SL","LAUR8"
"2025","A","PA","2026-01-02 19:17:00","MSC MAGNIFICA","7,85","","https://www.marinetraffic.com/en/ais/details/ships/mmsi:352594000","ADOSSAT/TERMINAL A","07:54","2026-01-02 06:54:00","2026-01-02","2026-01-02 18:17:00","Passatge","19:17","ITCVV","01D","352594000","9387085","ESVLC","Finalitzada","293,8","Valencia","Civitavecchia","F","31-37","79467-1","2026-01-02","2026-01-02 07:54:00","Panamà","MEDITERRANEAN SHIPPING COM ESPAÑA SLU","3FLO4"
"2025","B","BS","2026-02-28 18:03:00","AMBITION","7,6","","https://www.marinetraffic.com/en/ais/details/ships/mmsi:311001141","ADOSSAT/TERMINAL B","07:53","2026-02-28 06:53:00","2026-02-28","2026-02-28 17:03:00","Passatge","18:03","FRTLN","01D","311001141","9172777","FRMRS","Finalitzada","216","Marseille","Toulon","F","25-29","79172-1","2026-02-28","2026-02-28 07:53:00","Bahames","A PEREZ Y CIA SL","C6FL6"
"2025","B","GB","2026-03-14 17:09:00","SPIRIT OF ADVENTURE","7,6","","https://www.marinetraffic.com/en/ais/details/ships/mmsi:232026551","ADOSSAT/TERMINAL B","07:56","2026-03-14 06:56:00","2026-03-14","2026-03-14 16:09:00","Passatge","17:09","GIGIB","01D","232026551","9818084","ESPMI","Finalitzada","236","Palma de Mallorca","Gibraltar","F","25-29","80324-1","2026-03-14","2026-03-14 07:56:00","Regne Unit","A PEREZ Y CIA SL","MGWT8"
"2025","B","MT","2026-01-02 11:38:00","CELEBRITY INFINITY","8,3","","https://www.marinetraffic.com/en/ais/details/ships/mmsi:249048000","ADOSSAT/TERMINAL B","03:55","2026-01-02 02:55:00","2026-01-02","2026-01-02 10:38:00","Passatge","11:38","FRMRS","01D","249048000","9189421","ESAGP","Finalitzada","294","Malaga","Marseille","F","23-29","79146-1","2026-01-02","2026-01-02 03:55:00","Malta","BALEARES CONSIGNATARIOS SLU","9HJD9"
"2025","B","MT","2026-01-11 16:58:00","CELEBRITY INFINITY","8,3","","https://www.marinetraffic.com/en/ais/details/ships/mmsi:249048000","ADOSSAT/TERMINAL B","03:45","2026-01-11 02:45:00","2026-01-11","2026-01-11 15:58:00","Passatge","16:58","ESACE","01D","249048000","9189421","FRMRS","Finalitzada","294","Marseille","Arrecife de Lanzarote","F","23-29","79147-1","2026-01-11","2026-01-11 03:45:00","Malta","BALEARES CONSIGNATARIOS SLU","9HJD9"
"2025","B","MT","2026-01-21 16:55:00","CELEBRITY INFINITY","8,3","","https://www.marinetraffic.com/en/ais/details/ships/mmsi:249048000","ADOSSAT/TERMINAL B","03:45","2026-01-21 02:45:00","2026-01-21","2026-01-21 15:55:00","Passatge","16:55","ESACE","01D","249048000","9189421","ESCAD","Finalitzada","294","Cadiz","Arrecife de Lanzarote","F","23-29","79148-1","2026-01-21","2026-01-21 03:45:00","Malta","BALEARES CONSIGNATARIOS SLU","9HJD9"
"2025","B","MT","2026-02-03 16:49:00","CELEBRITY INFINITY","8,3","","https://www.marinetraffic.com/en/ais/details/ships/mmsi:249048000","ADOSSAT/TERMINAL B","03:50","2026-02-03 02:50:00","2026-02-03","2026-02-03 15:49:00","Passatge","16:49","ITMSN","01D","249048000","9189421","MATNG","Finalitzada","294","Tangier","Messina","F","23-29","79149-1","2026-02-03","2026-02-03 03:50:00","Malta","BALEARES CONSIGNATARIOS SLU","9HJD9"
"2025","B","NO","2026-01-05 18:07:00","VIKING STAR","6,6","","https://www.marinetraffic.com/en/ais/details/ships/mmsi:257903000","ADOSSAT/TERMINAL B","05:37","2026-01-03 04:37:00","2026-01-03","2026-01-05 17:07:00","Passatge","18:07","FRSET","01D","257903000","9650418","FRSET","Finalitzada","228,3","Sete","Sete","F","25-29","79158-1","2026-01-05","2026-01-03 05:37:00","Noruega","A PEREZ Y CIA SL","LAIW6"
"2025","B","NO","2026-01-10 17:19:00","VIKING VELA","6,45","","https://www.marinetraffic.com/en/ais/details/ships/mmsi:257526000","ADOSSAT/TERMINAL B","06:48","2026-01-09 05:48:00","2026-01-09","2026-01-10 16:19:00","Passatge","17:19","ESCAR","01D","257526000","9852432","FRSET","Finalitzada","240","Sete","Cartagena","F","24-29","79159-1","2026-01-10","2026-01-09 06:48:00","Noruega","A PEREZ Y CIA SL","LATY8"
"2025","B","NO","2026-01-19 18:34:00","VIKING VESTA","6,3","28,8","https://www.marinetraffic.com/en/ais/details/ships/mmsi:257944000","ADOSSAT/TERMINAL B","06:32","2026-01-17 05:32:00","2026-01-17","2026-01-19 17:34:00","Passatge","18:34","FRMRS","01D","257944000","9852444","FRMRS","Finalitzada","240","Marseille","Marseille","F","25-29","79161-1","2026-01-19","2026-01-17 06:32:00","Noruega","A PEREZ Y CIA SL","LAUR8"
"2025","B","NO","2026-02-01 16:51:00","VIKING SATURN","6,65","","https://www.marinetraffic.com/en/ais/details/ships/mmsi:258024000","ADOSSAT/TERMINAL B","05:37","2026-02-01 04:37:00","2026-02-01","2026-02-01 15:51:00","Passatge","16:51","MTMLA","01D","258024000","9845922","ESAGP","Finalitzada","228","Malaga","Malta (Valetta)","F","25-29","79168-1","2026-02-01","2026-02-01 05:37:00","Noruega","A PEREZ Y CIA SL","LARM8"
"2025","B","NO","2026-02-19 18:18:00","VIKING SATURN","6,65","","https://www.marinetraffic.com/en/ais/details/ships/mmsi:258024000","ADOSSAT/TERMINAL B","06:39","2026-02-18 05:39:00","2026-02-18","2026-02-19 17:18:00","Passatge","18:18","FRMRS","01D","258024000","9845922","FRSET","Finalitzada","228","Sete","Marseille","F","25-29","79171-1","2026-02-19","2026-02-18 06:39:00","Noruega","A PEREZ Y CIA SL","LARM8"
"2025","B","NO","2026-03-06 18:18:00","VIKING SATURN","6,65","","https://www.marinetraffic.com/en/ais/details/ships/mmsi:258024000","ADOSSAT/TERMINAL B","06:38","2026-03-06 05:38:00","2026-03-06","2026-03-06 17:18:00","Passatge","18:18","FRMRS","01D","258024000","9845922","ESAGP","Finalitzada","228","Malaga","Marseille","F","25-29","80321-1","2026-03-06","2026-03-06 06:38:00","Noruega","A PEREZ Y CIA SL","LARM8"
"2025","B","NO","2026-03-10 18:39:00","VIKING MARS","6,45","","https://www.marinetraffic.com/en/ais/details/ships/mmsi:257800000","ADOSSAT/TERMINAL B","23:05","2026-03-09 22:05:00","2026-03-09","2026-03-10 17:39:00","Passatge","18:39","FRSET","01D","257800000","9833187","PTFNC","Finalitzada","228","Funchal, Madeira","Sete","F","25-29","80322-2","2026-03-10","2026-03-09 23:05:00","Noruega","A PEREZ Y CIA SL","LACR8"
"2025","B","NO","2026-03-13 18:05:00","VIKING VESTA","6,67","28,8","https://www.marinetraffic.com/en/ais/details/ships/mmsi:257944000","ADOSSAT/TERMINAL B","06:42","2026-03-12 05:42:00","2026-03-12","2026-03-13 17:05:00","Passatge","18:05","FRMRS","01D","257944000","9852444","FRSET","Finalitzada","239,91","Sete","Marseille","F","25-29","80323-1","2026-03-13","2026-03-12 06:42:00","Noruega","A PEREZ Y CIA SL","LAUR8"
"2025","C","NO","2026-03-09 23:04:00","VIKING MARS","6,45","","https://www.marinetraffic.com/en/ais/details/ships/mmsi:257800000","ADOSSAT/TERMINAL C","06:42","2026-03-09 05:42:00","2026-03-09","2026-03-09 22:04:00","Passatge","23:04","FRSET","01D","257800000","9833187","PTFNC","Finalitzada","228","Funchal, Madeira","Sete","F","18-22","80322-1","2026-03-09","2026-03-09 06:42:00","Noruega","A PEREZ Y CIA SL","LACR8"
"2025","D","IT","2026-03-03 19:41:00","COSTA TOSCANA","8,8","","https://www.marinetraffic.com/en/ais/details/ships/mmsi:247431200","ADOSSAT/TERMINAL D","07:33","2026-03-03 06:33:00","2026-03-03","2026-03-03 18:41:00","Passatge","19:41","ESIBZ","01D","247431200","9781891","FRMRS","Finalitzada","337","Marseille","Ibiza","F","10-16","76917-1","2026-03-03","2026-03-03 07:33:00","Itàlia","NOATUM MARITIME SPAIN SAU","IBIM"
"2025","E","IT","2026-01-04 17:45:00","COSTA TOSCANA","8,8","","https://www.marinetraffic.com/en/ais/details/ships/mmsi:247431200","ADOSSAT/TERMINAL E","07:18","2026-01-04 06:18:00","2026-01-04","2026-01-04 16:45:00","Passatge","17:45","ESALC","01D","247431200","9781891","FRMRS","Finalitzada","337","Marseille","Alicante","F","2-8","76709-1","2026-01-04","2026-01-04 07:18:00","Itàlia","NOATUM MARITIME SPAIN SAU","IBIM"
"2025","E","IT","2026-01-05 18:43:00","COSTA SMERALDA","8,8","","https://www.marinetraffic.com/en/ais/details/ships/mmsi:247391900","ADOSSAT/TERMINAL E","08:39","2026-01-05 07:39:00","2026-01-05","2026-01-05 17:43:00","Passatge","18:43","TNLGN","01D","247391900","9781889","FRMRS","Finalitzada","337","Marseille","La Goulette Nord (Halqueloued)","F","2-8","79465-1","2026-01-05","2026-01-05 08:39:00","Itàlia","NOATUM MARITIME SPAIN SAU","IBCA"
"2025","E","IT","2026-01-12 18:12:00","COSTA SMERALDA","8,8","42","https://www.marinetraffic.com/en/ais/details/ships/mmsi:247391900","ADOSSAT/TERMINAL E","08:09","2026-01-12 07:09:00","2026-01-12","2026-01-12 17:12:00","Passatge","18:12","FRMRS","01D","247391900","9781889","ITSVN","Finalitzada","337","Savona","Marseille","F","2-8","79469-1","2026-01-12","2026-01-12 08:09:00","Itàlia","NOATUM MARITIME SPAIN SAU","IBCA"
"2025","E","IT","2026-01-16 17:41:00","COSTA TOSCANA","8,8","","https://www.marinetraffic.com/en/ais/details/ships/mmsi:247431200","ADOSSAT/TERMINAL E","06:56","2026-01-16 05:56:00","2026-01-16","2026-01-16 16:41:00","Passatge","17:41","ESALC","01D","247431200","9781891","FRMRS","Finalitzada","337","Marseille","Alicante","F","2-8","77097-1","2026-01-16","2026-01-16 06:56:00","Itàlia","NOATUM MARITIME SPAIN SAU","IBIM"
"2025","E","IT","2026-01-19 18:13:00","COSTA SMERALDA","8,8","42","https://www.marinetraffic.com/en/ais/details/ships/mmsi:247391900","ADOSSAT/TERMINAL E","08:31","2026-01-19 07:31:00","2026-01-19","2026-01-19 17:13:00","Passatge","18:13","TNLGN","01D","247391900","9781889","FRMRS","Finalitzada","337","Marseille","La Goulette Nord (Halqueloued)","F","2-8","79470-1","2026-01-19","2026-01-19 08:31:00","Itàlia","NOATUM MARITIME SPAIN SAU","IBCA"
"2025","E","IT","2026-01-26 18:26:00","COSTA SMERALDA","8,8","42","https://www.marinetraffic.com/en/ais/details/ships/mmsi:247391900","ADOSSAT/TERMINAL E","08:14","2026-01-26 07:14:00","2026-01-26","2026-01-26 17:26:00","Passatge","18:26","TNLGN","01D","247391900","9781889","FRMRS","Finalitzada","337","Marseille","La Goulette Nord (Halqueloued)","F","2-8","79472-1","2026-01-26","2026-01-26 08:14:00","Itàlia","NOATUM MARITIME SPAIN SAU","IBCA"
"2025","E","IT","2026-01-27 17:51:00","COSTA TOSCANA","8,8","","https://www.marinetraffic.com/en/ais/details/ships/mmsi:247431200","ADOSSAT/TERMINAL E","06:57","2026-01-27 05:57:00","2026-01-27","2026-01-27 16:51:00","Passatge","17:51","FRMRS","01D","247431200","9781891","FRMRS","Finalitzada","337","Marseille","Marseille","F","2-8","76787-1","2026-01-27","2026-01-27 06:57:00","Itàlia","NOATUM MARITIME SPAIN SAU","IBIM"
"2025","E","IT","2026-02-02 18:12:00","COSTA SMERALDA","8,8","42","https://www.marinetraffic.com/en/ais/details/ships/mmsi:247391900","ADOSSAT/TERMINAL E","08:11","2026-02-02 07:11:00","2026-02-02","2026-02-02 17:12:00","Passatge","18:12","TNLGN","01D","247391900","9781889","FRMRS","Finalitzada","337","Marseille","La Goulette Nord (Halqueloued)","F","2-8","79473-1","2026-02-02","2026-02-02 08:11:00","Itàlia","NOATUM MARITIME SPAIN SAU","IBCA"
"2025","E","IT","2026-02-09 18:16:00","COSTA SMERALDA","8,8","42","https://www.marinetraffic.com/en/ais/details/ships/mmsi:247391900","ADOSSAT/TERMINAL E","08:07","2026-02-09 07:07:00","2026-02-09","2026-02-09 17:16:00","Passatge","18:16","TNLGN","01D","247391900","9781889","FRMRS","Finalitzada","337","Marseille","La Goulette Nord (Halqueloued)","F","2-8","79475-1","2026-02-09","2026-02-09 08:07:00","Itàlia","NOATUM MARITIME SPAIN SAU","IBCA"
"2025","E","IT","2026-02-16 18:13:00","COSTA SMERALDA","8,8","42","https://www.marinetraffic.com/en/ais/details/ships/mmsi:247391900","ADOSSAT/TERMINAL E","08:14","2026-02-16 07:14:00","2026-02-16","2026-02-16 17:13:00","Passatge","18:13","TNLGN","01D","247391900","9781889","FRMRS","Finalitzada","337","Marseille","La Goulette Nord (Halqueloued)","F","2-8","79477-1","2026-02-16","2026-02-16 08:14:00","Itàlia","NOATUM MARITIME SPAIN SAU","IBCA"
"2025","E","IT","2026-02-18 22:36:00","COSTA TOSCANA","8,8","","https://www.marinetraffic.com/en/ais/details/ships/mmsi:247431200","ADOSSAT/TERMINAL E","10:16","2026-02-17 09:16:00","2026-02-17","2026-02-18 21:36:00","Passatge","22:36","ESPMI","01D","247431200","9781891","ITGOA","Finalitzada","337","Genoa","Palma de Mallorca","F","2-8","76969-1","2026-02-18","2026-02-17 10:16:00","Itàlia","NOATUM MARITIME SPAIN SAU","IBIM"
"2025","E","IT","2026-02-23 18:11:00","COSTA SMERALDA","8,8","42","https://www.marinetraffic.com/en/ais/details/ships/mmsi:247391900","ADOSSAT/TERMINAL E","08:14","2026-02-23 07:14:00","2026-02-23","2026-02-23 17:11:00","Passatge","18:11","TNLGN","01D","247391900","9781889","FRMRS","Finalitzada","337","Marseille","La Goulette Nord (Halqueloued)","F","2-8","79479-1","2026-02-23","2026-02-23 08:14:00","Itàlia","NOATUM MARITIME SPAIN SAU","IBCA"
"2025","E","IT","2026-03-02 18:46:00","COSTA SMERALDA","8,8","","https://www.marinetraffic.com/en/ais/details/ships/mmsi:247391900","ADOSSAT/TERMINAL E","08:10","2026-03-02 07:10:00","2026-03-02","2026-03-02 17:46:00","Passatge","18:46","TNLGN","01D","247391900","9781889","FRMRS","Finalitzada","337","Marseille","La Goulette Nord (Halqueloued)","F","2-8","79480-1","2026-03-02","2026-03-02 08:10:00","Itàlia","NOATUM MARITIME SPAIN SAU","IBCA"
"2025","E","IT","2026-03-08 18:10:00","COSTA TOSCANA","8,8","","https://www.marinetraffic.com/en/ais/details/ships/mmsi:247431200","ADOSSAT/TERMINAL E","08:02","2026-03-08 07:02:00","2026-03-08","2026-03-08 17:10:00","Passatge","18:10","ITCAG","01D","247431200","9781891","FRMRS","Finalitzada","337","Marseille","Cagliari","F","2-8","77098-1","2026-03-08","2026-03-08 08:02:00","Itàlia","NOATUM MARITIME SPAIN SAU","IBIM"
"2025","E","IT","2026-03-09 18:21:00","COSTA SMERALDA","8,8","","https://www.marinetraffic.com/en/ais/details/ships/mmsi:247391900","ADOSSAT/TERMINAL E","08:08","2026-03-09 07:08:00","2026-03-09","2026-03-09 17:21:00","Passatge","18:21","TNLGN","01D","247391900","9781889","FRMRS","Finalitzada","337","Marseille","La Goulette Nord (Halqueloued)","F","2-8","79481-1","2026-03-09","2026-03-09 08:08:00","Itàlia","NOATUM MARITIME SPAIN SAU","IBCA"
"2025","E","IT","2026-03-15 18:20:00","COSTA TOSCANA","8,8","","https://www.marinetraffic.com/en/ais/details/ships/mmsi:247431200","ADOSSAT/TERMINAL E","07:41","2026-03-15 06:41:00","2026-03-15","2026-03-15 17:20:00","Passatge","18:20","ITCAG","01D","247431200","9781891","FRMRS","Finalitzada","337","Marseille","Cagliari","F","2-8","76711-1","2026-03-15","2026-03-15 07:41:00","Itàlia","NOATUM MARITIME SPAIN SAU","IBIM"
"2025","E","IT","2026-03-16 18:22:00","COSTA SMERALDA","8,8","","https://www.marinetraffic.com/en/ais/details/ships/mmsi:247391900","ADOSSAT/TERMINAL E","08:16","2026-03-16 07:16:00","2026-03-16","2026-03-16 17:22:00","Passatge","18:22","TNLGN","01D","247391900","9781889","FRMRS","Finalitzada","337","Marseille","La Goulette Nord (Halqueloued)","F","2-8","79486-1","2026-03-16","2026-03-16 08:16:00","Itàlia","NOATUM MARITIME SPAIN SAU","IBCA"
"2025","E","IT","2026-03-17 18:26:00","AIDABELLA","7,3","","https://www.marinetraffic.com/en/ais/details/ships/mmsi:247229700","ADOSSAT/TERMINAL E","08:21","2026-03-17 07:21:00","2026-03-17","2026-03-17 17:26:00","Passatge","18:26","ESPMI","01D","247229700","9362542","FRMRS","Finalitzada","251,89","Marseille","Palma de Mallorca","F","3-7","79918-1","2026-03-17","2026-03-17 08:21:00","Itàlia","NOATUM MARITIME SPAIN SAU","ICGS"
"2025","E","PA","2026-03-03 16:47:00","CARNIVAL DREAM","8,2","","https://www.marinetraffic.com/en/ais/details/ships/mmsi:370490000","ADOSSAT/TERMINAL E","05:22","2026-03-03 04:22:00","2026-03-03","2026-03-03 15:47:00","Passatge","16:47","FRMRS","01D","370490000","9378474","ESALC","Finalitzada","305,47","Alicante","Marseille","F","2-7","80056-1","2026-03-03","2026-03-03 05:22:00","Panamà","BALEARES CONSIGNATARIOS SLU","A524"
"2025","F1","CY","2026-01-01 15:29:00","MARGARITA SALAS","3,15","28","https://www.marinetraffic.com/en/ais/details/ships/mmsi:210012000","TERMINAL F1","13:28","2025-12-31 12:28:00","2025-12-31","2026-01-01 14:29:00","Transbordadors","15:29","ESALD","01C","210012000","9969730","ESALD","Finalitzada","123,3","Alcudia","Alcudia","F","21-23","80214-1","2026-01-01","2025-12-31 13:28:00","Xipre","BALEARIA EUROLINEAS MARITIMAS SA ","5BJM6"
"2025","F1","ES","2026-01-01 21:32:00","ABEL MATUTES","6,3","26","https://www.marinetraffic.com/en/ais/details/ships/mmsi:224402000","TERMINAL F1","18:52","2025-12-31 17:52:00","2025-12-31","2026-01-01 20:32:00","Transbordadors","21:32","ESALD","01D","224402000","9441130","ESALD","Finalitzada","190","Alcudia","Alcudia","F","1-4","80234-1","2026-01-01","2025-12-31 18:52:00","Espanya","BALEARIA EUROLINEAS MARITIMAS SA ","ECPD"
"2025","F1","ES","2026-01-01 21:46:00","MARTIN I SOLER","5,7","25,6","https://www.marinetraffic.com/en/ais/details/ships/mmsi:224637000","TERMINAL F1","17:52","2025-12-31 16:52:00","2025-12-31","2026-01-01 20:46:00","Transbordadors","21:46","ESIBZ","01C","224637000","9390367","ESIBZ","Finalitzada","165","Ibiza","Ibiza","F","13-16","80222-1","2026-01-01","2025-12-31 17:52:00","Espanya","BALEARIA EUROLINEAS MARITIMAS SA ","EBZT"
"2025","F1","ES","2026-01-02 22:01:00","MARTIN I SOLER","5,7","25,6","https://www.marinetraffic.com/en/ais/details/ships/mmsi:224637000","TERMINAL F1","18:45","2026-01-02 17:45:00","2026-01-02","2026-01-02 21:01:00","Transbordadors","22:01","ESIBZ","01C","224637000","9390367","ESIBZ","Finalitzada","165","Ibiza","Ibiza","F","13-16","80221-1","2026-01-02","2026-01-02 18:45:00","Espanya","BALEARIA EUROLINEAS MARITIMAS SA ","EBZT"
"2025","F2","CY","2026-01-01 06:10:00","GOLDEN BRIDGE","6,92","24,8","https://www.marinetraffic.com/en/ais/details/ships/mmsi:209410000","TERMINAL F2","19:27","2025-12-31 18:27:00","2025-12-31","2026-01-01 05:10:00","Transbordadors","06:10","ESMAH","20D","209410000","8902345","ESMAH","Finalitzada","186,5","Mahon Menorca","Mahon Menorca","F","1-4","80566-1","2026-01-01","2025-12-31 19:27:00","Xipre","TRANSCOMA BALEARES SA","5BCJ5"
"2025","F2","CY","2026-01-01 21:53:00","GOLDEN BRIDGE","6,92","24,8","https://www.marinetraffic.com/en/ais/details/ships/mmsi:209410000","TERMINAL F2","13:37","2026-01-01 12:37:00","2026-01-01","2026-01-01 20:53:00","Transbordadors","21:53","ESMAH","20D","209410000","8902345","ESMAH","Finalitzada","186,5","Mahon Menorca","Mahon Menorca","F","1-4","80566-4","2026-01-01","2026-01-01 13:37:00","Xipre","TRANSCOMA BALEARES SA","5BCJ5"
"2025","F2","CY","2026-01-02 22:06:00","GOLDEN BRIDGE","6,92","","https://www.marinetraffic.com/en/ais/details/ships/mmsi:209410000","TERMINAL F2","18:41","2026-01-02 17:41:00","2026-01-02","2026-01-02 21:06:00","Transbordadors","22:06","ESIBZ","19B","209410000","8902345","ESMAH","Finalitzada","186,5","Mahon Menorca","Ibiza","F","1-4","80570-1","2026-01-02","2026-01-02 18:41:00","Xipre","TRANSCOMA BALEARES SA","5BCJ5"
"2025","F2","CY","2026-01-04 15:27:00","GUBAL TRADER","4,01","","https://www.marinetraffic.com/en/ais/details/ships/mmsi:210117000","TERMINAL F2","04:34","2026-01-01 03:34:00","2026-01-01","2026-01-04 14:27:00","Transbordadors","15:27","ESMAH","18C","210117000","7802794","ESMAH","Finalitzada","139","Mahon Menorca","Mahon Menorca","F","1-4","80531-1","2026-01-04","2026-01-01 04:34:00","Xipre","GRIMALDI LOGISTICA ESPAÑA SL","5BQV5"
"2025","F2","CY","2026-01-05 18:08:00","GUBAL TRADER","4,01","","https://www.marinetraffic.com/en/ais/details/ships/mmsi:210117000","TERMINAL F2","15:28","2026-01-04 14:28:00","2026-01-04","2026-01-05 17:08:00","Transbordadors","18:08","ESMAH","19A","210117000","7802794","ESMAH","Finalitzada","139","Mahon Menorca","Mahon Menorca","F","3-5","80531-2","2026-01-05","2026-01-04 15:28:00","Xipre","GRIMALDI LOGISTICA ESPAÑA SL","5BQV5"
"2025","F2","CY","2026-01-05 21:59:00","GOLDEN BRIDGE","6,92","","https://www.marinetraffic.com/en/ais/details/ships/mmsi:209410000","TERMINAL F2","06:47","2026-01-05 05:47:00","2026-01-05","2026-01-05 20:59:00","Transbordadors","21:59","ESIBZ","19B","209410000","8902345","ESIBZ","Finalitzada","186,5","Ibiza","Ibiza","F","1-4","80581-1","2026-01-05","2026-01-05 06:47:00","Xipre","TRANSCOMA BALEARES SA","5BCJ5"
"2025","F2","ES","2026-01-01 22:09:00","CIUDAD DE BARCELONA","6,7","","https://www.marinetraffic.com/en/ais/details/ships/mmsi:225416000","TERMINAL F2","18:55","2025-12-31 17:55:00","2025-12-31","2026-01-01 21:09:00","Transbordadors","22:09","ESIBZ","18C","225416000","9506289","ESIBZ","Finalitzada","176","Ibiza","Ibiza","F","6-9","80530-1","2026-01-01","2025-12-31 18:55:00","Espanya","GRIMALDI LOGISTICA ESPAÑA SL","EAIE"
"2025","F2","ES","2026-01-01 22:46:00","CIUDAD DE PALMA","6,71","25,6","https://www.marinetraffic.com/en/ais/details/ships/mmsi:224588000","TERMINAL F2","18:40","2025-12-31 17:40:00","2025-12-31","2026-01-01 21:46:00","Transbordadors","22:46","ESPMI","19B","224588000","9349772","ESPMI","Finalitzada","186","Palma de Mallorca","Palma de Mallorca","F","1-4","80529-1","2026-01-01","2025-12-31 18:40:00","Espanya","GRIMALDI LOGISTICA ESPAÑA SL","EAMS"
"2025","F2","ES","2026-01-02 22:28:00","CIUDAD DE BARCELONA","6,7","","https://www.marinetraffic.com/en/ais/details/ships/mmsi:225416000","TERMINAL F2","19:16","2026-01-02 18:16:00","2026-01-02","2026-01-02 21:28:00","Transbordadors","22:28","ESIBZ","18C","225416000","9506289","ESMAH","Finalitzada","176","Mahon Menorca","Ibiza","F","6-9","80534-1","2026-01-02","2026-01-02 19:16:00","Espanya","GRIMALDI LOGISTICA ESPAÑA SL","EAIE"
"2025","F2","ES","2026-01-02 23:18:00","CIUDAD DE PALMA","6,71","25,6","https://www.marinetraffic.com/en/ais/details/ships/mmsi:224588000","TERMINAL F2","18:50","2026-01-02 17:50:00","2026-01-02","2026-01-02 22:18:00","Transbordadors","23:18","ESPMI","19A","224588000","9349772","ESPMI","Finalitzada","186","Palma de Mallorca","Palma de Mallorca","F","2-5","80532-1","2026-01-02","2026-01-02 18:50:00","Espanya","GRIMALDI LOGISTICA ESPAÑA SL","EAMS"
"2025","F2","ES","2026-01-03 22:49:00","CIUDAD DE PALMA","6,71","","https://www.marinetraffic.com/en/ais/details/ships/mmsi:224588000","TERMINAL F2","19:27","2026-01-03 18:27:00","2026-01-03","2026-01-03 21:49:00","Transbordadors","22:49","ESPMI","19A","224588000","9349772","ESPMI","Finalitzada","186","Palma de Mallorca","Palma de Mallorca","F","2-5","80535-1","2026-01-03","2026-01-03 19:27:00","Espanya","GRIMALDI LOGISTICA ESPAÑA SL","EAMS"
"2025","F2","ES","2026-01-04 22:53:00","CIUDAD DE PALMA","6,71","","https://www.marinetraffic.com/en/ais/details/ships/mmsi:224588000","TERMINAL F2","19:25","2026-01-04 18:25:00","2026-01-04","2026-01-04 21:53:00","Transbordadors","22:53","ESPMI","19B","224588000","9349772","ESPMI","Finalitzada","186","Palma de Mallorca","Palma de Mallorca","F","1-4","80537-1","2026-01-04","2026-01-04 19:25:00","Espanya","GRIMALDI LOGISTICA ESPAÑA SL","EAMS"
"2025","F2","ES","2026-01-05 22:41:00","CIUDAD DE BARCELONA","6,7","","https://www.marinetraffic.com/en/ais/details/ships/mmsi:225416000","TERMINAL F2","06:57","2026-01-05 05:57:00","2026-01-05","2026-01-05 21:41:00","Transbordadors","22:41","ESMAH","18C","225416000","9506289","ESALD","Finalitzada","176","Alcudia","Mahon Menorca","F","6-9","80539-1","2026-01-05","2026-01-05 06:57:00","Espanya","GRIMALDI LOGISTICA ESPAÑA SL","EAIE"
"2025","F2","ES","2026-01-05 22:47:00","CIUDAD DE PALMA","6,71","","https://www.marinetraffic.com/en/ais/details/ships/mmsi:224588000","TERMINAL F2","19:03","2026-01-05 18:03:00","2026-01-05","2026-01-05 21:47:00","Transbordadors","22:47","ESPMI","19A","224588000","9349772","ESPMI","Finalitzada","186","Palma de Mallorca","Palma de Mallorca","F","2-5","80538-1","2026-01-05","2026-01-05 19:03:00","Espanya","GRIMALDI LOGISTICA ESPAÑA SL","EAMS"
"2025","F2","IT","2026-01-01 11:43:00","EXCELLENT","6,74","","https://www.marinetraffic.com/en/ais/details/ships/mmsi:247279000","TERMINAL F2","07:49","2026-01-01 06:49:00","2026-01-01","2026-01-01 10:43:00","Transbordadors","11:43","ITGOA","19A","247279000","9143441","MAPTM","Finalitzada","202,78","Tanger Med","Genoa","F","2-5","80567-1","2026-01-01","2026-01-01 07:49:00","Itàlia","TRANSCOMA BALEARES SA","IBBE"
"2025","F2","IT","2026-01-01 12:05:00","EXCELSIOR","6,9","","https://www.marinetraffic.com/en/ais/details/ships/mmsi:247351100","TERMINAL F2","07:40","2026-01-01 06:40:00","2026-01-01","2026-01-01 11:05:00","Transbordadors","12:05","MANDR","20D","247351100","9184419","FRSET","Finalitzada","202,78","Sete","Nador","F","1-5","80568-1","2026-01-01","2026-01-01 07:40:00","Itàlia","TRANSCOMA BALEARES SA","IBEX"
"2025","F2","IT","2026-01-02 21:45:00","GNV SEALAND","6,79","","https://www.marinetraffic.com/en/ais/details/ships/mmsi:247265800","TERMINAL F2","16:49","2025-12-31 15:49:00","2025-12-31","2026-01-02 20:45:00","Transbordadors","21:45","ESPMI","20A","247265800","9435454","ESPMI","Finalitzada","186,44","Palma de Mallorca","Palma de Mallorca","F","3-6","80565-1","2026-01-02","2025-12-31 16:49:00","Itàlia","TRANSCOMA BALEARES SA","IBDZ"
"2025","F2","IT","2026-01-03 21:29:00","GNV SEALAND","6,79","","https://www.marinetraffic.com/en/ais/details/ships/mmsi:247265800","TERMINAL F2","17:24","2026-01-03 16:24:00","2026-01-03","2026-01-03 20:29:00","Transbordadors","21:29","ESPMI","20D","247265800","9435454","ESPMI","Finalitzada","186,44","Palma de Mallorca","Palma de Mallorca","F","1-4","80572-1","2026-01-03","2026-01-03 17:24:00","Itàlia","TRANSCOMA BALEARES SA","IBDZ"
"2025","F2","IT","2026-01-04 01:44:00","EXCELSIOR","6,9","","https://www.marinetraffic.com/en/ais/details/ships/mmsi:247351100","TERMINAL F2","23:59","2026-01-03 22:59:00","2026-01-03","2026-01-04 00:44:00","Transbordadors","01:44","FRSET","20A","247351100","9184419","MANDR","Finalitzada","202,78","Nador","Sete","F","1-5","80573-1","2026-01-04","2026-01-03 23:59:00","Itàlia","TRANSCOMA BALEARES SA","IBEX"
"2025","F2","IT","2026-01-04 14:41:00","EXCELLENT","6,74","","https://www.marinetraffic.com/en/ais/details/ships/mmsi:247279000","TERMINAL F2","11:00","2026-01-04 10:00:00","2026-01-04","2026-01-04 13:41:00","Transbordadors","14:41","MAPTM","19A","247279000","9143441","ITGOA","Finalitzada","202,78","Genoa","Tanger Med","F","2-5","80575-1","2026-01-04","2026-01-04 11:00:00","Itàlia","TRANSCOMA BALEARES SA","IBBE"
"2025","F2","IT","2026-01-04 22:01:00","GNV SEALAND","6,79","","https://www.marinetraffic.com/en/ais/details/ships/mmsi:247265800","TERMINAL F2","17:27","2026-01-04 16:27:00","2026-01-04","2026-01-04 21:01:00","Transbordadors","22:01","ESPMI","20D","247265800","9435454","ESPMI","Finalitzada","186,44","Palma de Mallorca","Palma de Mallorca","F","1-4","80576-1","2026-01-04","2026-01-04 17:27:00","Itàlia","TRANSCOMA BALEARES SA","IBDZ"
"2025","F2","IT","2026-01-05 09:39:00","EXCELSIOR","6,9","","https://www.marinetraffic.com/en/ais/details/ships/mmsi:247351100","TERMINAL F2","05:18","2026-01-05 04:18:00","2026-01-05","2026-01-05 08:39:00","Transbordadors","09:39","MAPTM","20A","247351100","9184419","FRSET","Finalitzada","202,78","Sete","Tanger Med","F","2-6","80627-1","2026-01-05","2026-01-05 05:18:00","Itàlia","TRANSCOMA BALEARES SA","IBEX"
"2025","F2","IT","2026-01-05 21:37:00","GNV SEALAND","6,79","","https://www.marinetraffic.com/en/ais/details/ships/mmsi:247265800","TERMINAL F2","17:20","2026-01-05 16:20:00","2026-01-05","2026-01-05 20:37:00","Transbordadors","21:37","ESPMI","20A","247265800","9435454","ESPMI","Finalitzada","186,44","Palma de Mallorca","Palma de Mallorca","F","3-6","80582-1","2026-01-05","2026-01-05 17:20:00","Itàlia","TRANSCOMA BALEARES SA","IBDZ"
"2025","F3","IT","2026-01-02 21:27:00","CRUISE BARCELONA","7","","https://www.marinetraffic.com/en/ais/details/ships/mmsi:247243600","TERMINAL F3","23:03","2025-12-30 22:03:00","2025-12-30","2026-01-02 20:27:00","Transbordadors","21:27","ITPTO","21A","247243600","9351488","ITCVV","Finalitzada","253,8","Civitavecchia","Porto Torres","F","4-8","80465-1","2026-01-02","2025-12-30 23:03:00","Itàlia","GRIMALDI LOGISTICA ESPAÑA SL","IBWP"
"2025","F3","IT","2026-01-04 00:25:00","CRUISE ROMA","7","30,4","https://www.marinetraffic.com/en/ais/details/ships/mmsi:247219400","TERMINAL F3","21:01","2026-01-03 20:01:00","2026-01-03","2026-01-03 23:25:00","Transbordadors","00:25","ITPTO","21A","247219400","9351476","ITPTO","Finalitzada","254","Porto Torres","Porto Torres","F","4-8","80463-1","2026-01-04","2026-01-03 21:01:00","Itàlia","GRIMALDI LOGISTICA ESPAÑA SL","IBWO"
"2025","F3","IT","2026-01-05 21:59:00","CRUISE BARCELONA","7","","https://www.marinetraffic.com/en/ais/details/ships/mmsi:247243600","TERMINAL F3","21:40","2026-01-04 20:40:00","2026-01-04","2026-01-05 20:59:00","Transbordadors","21:59","ITPTO","21A","247243600","9351488","ITCVV","Finalitzada","253,8","Civitavecchia","Porto Torres","F","4-8","80466-1","2026-01-05","2026-01-04 21:40:00","Itàlia","GRIMALDI LOGISTICA ESPAÑA SL","IBWP"
"2025","F3","IT","2026-01-07 22:15:00","CRUISE ROMA","7","","https://www.marinetraffic.com/en/ais/details/ships/mmsi:247219400","TERMINAL F3","00:31","2026-01-06 23:31:00","2026-01-07","2026-01-07 21:15:00","Transbordadors","22:15","ITCVV","21A","247219400","9351476","ITCVV","Finalitzada","254","Civitavecchia","Civitavecchia","F","4-8","80500-1","2026-01-07","2026-01-07 00:31:00","Itàlia","GRIMALDI LOGISTICA ESPAÑA SL","IBWO"
"2025","F3","IT","2026-01-08 23:17:00","CRUISE BARCELONA","7","30,4","https://www.marinetraffic.com/en/ais/details/ships/mmsi:247243600","TERMINAL F3","20:08","2026-01-08 19:08:00","2026-01-08","2026-01-08 22:17:00","Transbordadors","23:17","ITCVV","21A","247243600","9351488","ITCVV","Finalitzada","253,8","Civitavecchia","Civitavecchia","F","4-8","80498-1","2026-01-08","2026-01-08 20:08:00","Itàlia","GRIMALDI LOGISTICA ESPAÑA SL","IBWP"
"2025","F3","IT","2026-01-11 00:26:00","CRUISE ROMA","7","","https://www.marinetraffic.com/en/ais/details/ships/mmsi:247219400","TERMINAL F3","20:03","2026-01-09 19:03:00","2026-01-09","2026-01-10 23:26:00","Transbordadors","00:26","ITCVV","21A","247219400","9351476","ITCVV","Finalitzada","254","Civitavecchia","Civitavecchia","F","4-8","80501-1","2026-01-11","2026-01-09 20:03:00","Itàlia","GRIMALDI LOGISTICA ESPAÑA SL","IBWO"
"2025","F3","IT","2026-01-12 21:34:00","CRUISE BARCELONA","7","","https://www.marinetraffic.com/en/ais/details/ships/mmsi:247243600","TERMINAL F3","23:11","2026-01-11 22:11:00","2026-01-11","2026-01-12 20:34:00","Transbordadors","21:34","ITCVV","21A","247243600","9351488","ITCVV","Finalitzada","253,8","Civitavecchia","Civitavecchia","F","4-8","80499-1","2026-01-12","2026-01-11 23:11:00","Itàlia","GRIMALDI LOGISTICA ESPAÑA SL","IBWP"
"2025","F3","IT","2026-01-13 22:24:00","CRUISE ROMA","7","","https://www.marinetraffic.com/en/ais/details/ships/mmsi:247219400","TERMINAL F3","18:46","2026-01-13 17:46:00","2026-01-13","2026-01-13 21:24:00","Transbordadors","22:24","ITCVV","21A","247219400","9351476","ITCVV","Finalitzada","254","Civitavecchia","Civitavecchia","F","4-8","80502-1","2026-01-13","2026-01-13 18:46:00","Itàlia","GRIMALDI LOGISTICA ESPAÑA SL","IBWO"
"2025","H","MT","2026-01-02 18:10:00","MSC WORLD EUROPA","9,15","47","https://www.marinetraffic.com/en/ais/details/ships/mmsi:256070000","ADOSSAT/TERMINAL H","07:12","2026-01-02 06:12:00","2026-01-02","2026-01-02 17:10:00","Passatge","18:10","FRMRS","01C","256070000","9837420","MTMLA","Finalitzada","333,3","Malta (Valetta)","Marseille","F","7-13","79683-1","2026-01-02","2026-01-02 07:12:00","Malta","MEDITERRANEAN SHIPPING COM ESPAÑA SLU","9HA5682"
"2025","H","MT","2026-01-09 18:13:00","MSC WORLD EUROPA","9,15","47","https://www.marinetraffic.com/en/ais/details/ships/mmsi:256070000","ADOSSAT/TERMINAL H","07:05","2026-01-09 06:05:00","2026-01-09","2026-01-09 17:13:00","Passatge","18:13","FRMRS","01C","256070000","9837420","MTMLA","Finalitzada","333,3","Malta (Valetta)","Marseille","F","6-13","79717-1","2026-01-09","2026-01-09 07:05:00","Malta","MEDITERRANEAN SHIPPING COM ESPAÑA SLU","9HA5682"
"2025","H","MT","2026-01-16 18:43:00","MSC WORLD EUROPA","9,15","47","https://www.marinetraffic.com/en/ais/details/ships/mmsi:256070000","ADOSSAT/TERMINAL H","07:57","2026-01-16 06:57:00","2026-01-16","2026-01-16 17:43:00","Passatge","18:43","FRMRS","01C","256070000","9837420","MTMLA","Finalitzada","333,3","Malta (Valetta)","Marseille","F","7-13","79761-1","2026-01-16","2026-01-16 07:57:00","Malta","MEDITERRANEAN SHIPPING COM ESPAÑA SLU","9HA5682"
"2025","H","MT","2026-01-23 18:19:00","MSC WORLD EUROPA","9,15","47","https://www.marinetraffic.com/en/ais/details/ships/mmsi:256070000","ADOSSAT/TERMINAL H","06:34","2026-01-23 05:34:00","2026-01-23","2026-01-23 17:19:00","Passatge","18:19","FRMRS","01C","256070000","9837420","ITPMO","Finalitzada","333,3","Palermo","Marseille","F","6-13","79766-1","2026-01-23","2026-01-23 06:34:00","Malta","MEDITERRANEAN SHIPPING COM ESPAÑA SLU","9HA5682"
"2025","H","MT","2026-01-30 18:31:00","MSC WORLD EUROPA","9,15","47","https://www.marinetraffic.com/en/ais/details/ships/mmsi:256070000","ADOSSAT/TERMINAL H","07:34","2026-01-30 06:34:00","2026-01-30","2026-01-30 17:31:00","Passatge","18:31","FRMRS","01C","256070000","9837420","MTMLA","Finalitzada","333,3","Malta (Valetta)","Marseille","F","7-13","79774-1","2026-01-30","2026-01-30 07:34:00","Malta","MEDITERRANEAN SHIPPING COM ESPAÑA SLU","9HA5682"
"2025","H","MT","2026-02-06 18:15:00","MSC WORLD EUROPA","9,15","47","https://www.marinetraffic.com/en/ais/details/ships/mmsi:256070000","ADOSSAT/TERMINAL H","07:16","2026-02-06 06:16:00","2026-02-06","2026-02-06 17:15:00","Passatge","18:15","FRMRS","01C","256070000","9837420","ESPMI","Finalitzada","333,3","Palma de Mallorca","Marseille","F","7-13","79969-1","2026-02-06","2026-02-06 07:16:00","Malta","MEDITERRANEAN SHIPPING COM ESPAÑA SLU","9HA5682"
"2025","H","MT","2026-02-13 18:17:00","MSC WORLD EUROPA","9,15","47","https://www.marinetraffic.com/en/ais/details/ships/mmsi:256070000","ADOSSAT/TERMINAL H","07:26","2026-02-13 06:26:00","2026-02-13","2026-02-13 17:17:00","Passatge","18:17","FRMRS","01C","256070000","9837420","MTMLA","Finalitzada","333,3","Malta (Valetta)","Marseille","F","7-13","79976-1","2026-02-13","2026-02-13 07:26:00","Malta","MEDITERRANEAN SHIPPING COM ESPAÑA SLU","9HA5682"
"2025","H","MT","2026-02-20 18:30:00","MSC WORLD EUROPA","9,15","47","https://www.marinetraffic.com/en/ais/details/ships/mmsi:256070000","ADOSSAT/TERMINAL H","07:30","2026-02-20 06:30:00","2026-02-20","2026-02-20 17:30:00","Passatge","18:30","FRMRS","01C","256070000","9837420","MTMLA","Finalitzada","333,3","Malta (Valetta)","Marseille","F","7-13","80096-1","2026-02-20","2026-02-20 07:30:00","Malta","MEDITERRANEAN SHIPPING COM ESPAÑA SLU","9HA5682"
"2025","H","MT","2026-02-27 18:14:00","MSC WORLD EUROPA","9,15","47","https://www.marinetraffic.com/en/ais/details/ships/mmsi:256070000","ADOSSAT/TERMINAL H","07:31","2026-02-27 06:31:00","2026-02-27","2026-02-27 17:14:00","Passatge","18:14","FRMRS","01C","256070000","9837420","MTMLA","Finalitzada","333,3","Malta (Valetta)","Marseille","F","7-13","80099-1","2026-02-27","2026-02-27 07:31:00","Malta","MEDITERRANEAN SHIPPING COM ESPAÑA SLU","9HA5682"
"2025","H","MT","2026-03-06 18:22:00","MSC WORLD EUROPA","9,15","","https://www.marinetraffic.com/en/ais/details/ships/mmsi:256070000","ADOSSAT/TERMINAL H","07:02","2026-03-06 06:02:00","2026-03-06","2026-03-06 17:22:00","Passatge","18:22","FRMRS","01C","256070000","9837420","MTMLA","Finalitzada","333,3","Malta (Valetta)","Marseille","F","7-13","80421-1","2026-03-06","2026-03-06 07:02:00","Malta","MEDITERRANEAN SHIPPING COM ESPAÑA SLU","9HA5682"
"2025","H","MT","2026-03-13 18:22:00","MSC WORLD EUROPA","9,15","","https://www.marinetraffic.com/en/ais/details/ships/mmsi:256070000","ADOSSAT/TERMINAL H","07:39","2026-03-13 06:39:00","2026-03-13","2026-03-13 17:22:00","Passatge","18:22","FRMRS","01C","256070000","9837420","MTMLA","Finalitzada","333,3","Malta (Valetta)","Marseille","F","7-13","80426-1","2026-03-13","2026-03-13 07:39:00","Malta","MEDITERRANEAN SHIPPING COM ESPAÑA SLU","9HA5682"
"2025","H","PA","2026-01-03 18:20:00","MSC SPLENDIDA","8,68","","https://www.marinetraffic.com/en/ais/details/ships/mmsi:357698000","ADOSSAT/TERMINAL H","07:25","2026-01-03 06:25:00","2026-01-03","2026-01-03 17:20:00","Passatge","18:20","FRMRS","01C","357698000","9359806","TNLGN","Finalitzada","333","La Goulette Nord (Halqueloued)","Marseille","F","6-12","79685-1","2026-01-03","2026-01-03 07:25:00","Panamà","MEDITERRANEAN SHIPPING COM ESPAÑA SLU","3FZI8"
"2025","H","PA","2026-01-04 18:17:00","MSC ORCHESTRA","7,85","32,2","https://www.marinetraffic.com/en/ais/details/ships/mmsi:372497000","ADOSSAT/TERMINAL H","07:50","2026-01-04 06:50:00","2026-01-04","2026-01-04 17:17:00","Passatge","18:17","FRMRS","01C","372497000","9320099","ESVLC","Finalitzada","294","Valencia","Marseille","F","6-12","79686-1","2026-01-04","2026-01-04 07:50:00","Panamà","MEDITERRANEAN SHIPPING COM ESPAÑA SLU","3EJF3"
"2025","H","PA","2026-01-07 18:01:00","MSC MAGNIFICA","7,85","","https://www.marinetraffic.com/en/ais/details/ships/mmsi:352594000","ADOSSAT/TERMINAL H","07:16","2026-01-07 06:16:00","2026-01-07","2026-01-07 17:01:00","Passatge","18:01","ITCVV","01C","352594000","9387085","ESVLC","Finalitzada","293,8","Valencia","Civitavecchia","F","6-12","79703-1","2026-01-07","2026-01-07 07:16:00","Panamà","MEDITERRANEAN SHIPPING COM ESPAÑA SLU","3FLO4"
"2025","H","PA","2026-01-10 18:13:00","MSC SPLENDIDA","8,68","37,92","https://www.marinetraffic.com/en/ais/details/ships/mmsi:357698000","ADOSSAT/TERMINAL H","06:54","2026-01-10 05:54:00","2026-01-10","2026-01-10 17:13:00","Passatge","18:13","FRMRS","01C","357698000","9359806","ESPMI","Finalitzada","333","Palma de Mallorca","Marseille","F","6-12","79718-1","2026-01-10","2026-01-10 06:54:00","Panamà","MEDITERRANEAN SHIPPING COM ESPAÑA SLU","3FZI8"
"2025","H","PA","2026-01-11 18:08:00","MSC ORCHESTRA","7,85","32,2","https://www.marinetraffic.com/en/ais/details/ships/mmsi:372497000","ADOSSAT/TERMINAL H","07:43","2026-01-11 06:43:00","2026-01-11","2026-01-11 17:08:00","Passatge","18:08","FRMRS","01C","372497000","9320099","ESVLC","Finalitzada","294","Valencia","Marseille","F","6-12","79719-1","2026-01-11","2026-01-11 07:43:00","Panamà","MEDITERRANEAN SHIPPING COM ESPAÑA SLU","3EJF3"
"2025","H","PA","2026-01-18 18:16:00","MSC ORCHESTRA","7,85","32,2","https://www.marinetraffic.com/en/ais/details/ships/mmsi:372497000","ADOSSAT/TERMINAL H","07:43","2026-01-18 06:43:00","2026-01-18","2026-01-18 17:16:00","Passatge","18:16","FRMRS","01C","372497000","9320099","ESVLC","Finalitzada","294","Valencia","Marseille","F","6-12","79765-1","2026-01-18","2026-01-18 07:43:00","Panamà","MEDITERRANEAN SHIPPING COM ESPAÑA SLU","3EJF3"
"2025","H","PA","2026-01-25 18:10:00","MSC ORCHESTRA","7,85","32,2","https://www.marinetraffic.com/en/ais/details/ships/mmsi:372497000","ADOSSAT/TERMINAL H","07:57","2026-01-25 06:57:00","2026-01-25","2026-01-25 17:10:00","Passatge","18:10","FRMRS","01C","372497000","9320099","ESVLC","Finalitzada","294","Valencia","Marseille","F","6-12","79773-1","2026-01-25","2026-01-25 07:57:00","Panamà","MEDITERRANEAN SHIPPING COM ESPAÑA SLU","3EJF3"
"2025","H","PA","2026-02-01 18:13:00","MSC ORCHESTRA","7,85","32,2","https://www.marinetraffic.com/en/ais/details/ships/mmsi:372497000","ADOSSAT/TERMINAL H","07:44","2026-02-01 06:44:00","2026-02-01","2026-02-01 17:13:00","Passatge","18:13","FRMRS","01C","372497000","9320099","ESVLC","Finalitzada","294","Valencia","Marseille","F","6-12","79968-1","2026-02-01","2026-02-01 07:44:00","Panamà","MEDITERRANEAN SHIPPING COM ESPAÑA SLU","3EJF3"
"2025","H","PA","2026-02-07 18:01:00","MSC SPLENDIDA","8,68","","https://www.marinetraffic.com/en/ais/details/ships/mmsi:357698000","ADOSSAT/TERMINAL H","07:34","2026-02-07 06:34:00","2026-02-07","2026-02-07 17:01:00","Passatge","18:01","FRMRS","01C","357698000","9359806","MTMLA","Finalitzada","333","Malta (Valetta)","Marseille","F","6-12","79971-1","2026-02-07","2026-02-07 07:34:00","Panamà","MEDITERRANEAN SHIPPING COM ESPAÑA SLU","3FZI8"
"2025","H","PA","2026-02-08 18:12:00","MSC ORCHESTRA","7,85","32,2","https://www.marinetraffic.com/en/ais/details/ships/mmsi:372497000","ADOSSAT/TERMINAL H","07:40","2026-02-08 06:40:00","2026-02-08","2026-02-08 17:12:00","Passatge","18:12","FRMRS","01C","372497000","9320099","ESVLC","Finalitzada","294","Valencia","Marseille","F","6-12","79975-1","2026-02-08","2026-02-08 07:40:00","Panamà","MEDITERRANEAN SHIPPING COM ESPAÑA SLU","3EJF3"
"2025","H","PA","2026-02-14 18:24:00","MSC SPLENDIDA","8,68","37,92","https://www.marinetraffic.com/en/ais/details/ships/mmsi:357698000","ADOSSAT/TERMINAL H","07:31","2026-02-14 06:31:00","2026-02-14","2026-02-14 17:24:00","Passatge","18:24","FRVFM","01C","357698000","9359806","ESPMI","Finalitzada","333","Palma de Mallorca","Villefranche-sur-Mer","F","6-12","79978-1","2026-02-14","2026-02-14 07:31:00","Panamà","MEDITERRANEAN SHIPPING COM ESPAÑA SLU","3FZI8"
"2025","H","PA","2026-02-15 18:18:00","MSC ORCHESTRA","7,85","32,2","https://www.marinetraffic.com/en/ais/details/ships/mmsi:372497000","ADOSSAT/TERMINAL H","07:59","2026-02-15 06:59:00","2026-02-15","2026-02-15 17:18:00","Passatge","18:18","FRMRS","01C","372497000","9320099","ESVLC","Finalitzada","294","Valencia","Marseille","F","6-12","79979-1","2026-02-15","2026-02-15 07:59:00","Panamà","MEDITERRANEAN SHIPPING COM ESPAÑA SLU","3EJF3"
"2025","H","PA","2026-02-21 18:14:00","MSC SPLENDIDA","8,68","","https://www.marinetraffic.com/en/ais/details/ships/mmsi:357698000","ADOSSAT/TERMINAL H","07:43","2026-02-21 06:43:00","2026-02-21","2026-02-21 17:14:00","Passatge","18:14","FRMRS","01C","357698000","9359806","TNLGN","Finalitzada","333","La Goulette Nord (Halqueloued)","Marseille","F","6-12","80097-1","2026-02-21","2026-02-21 07:43:00","Panamà","MEDITERRANEAN SHIPPING COM ESPAÑA SLU","3FZI8"
"2025","H","PA","2026-02-22 18:13:00","MSC ORCHESTRA","7,85","32,2","https://www.marinetraffic.com/en/ais/details/ships/mmsi:372497000","ADOSSAT/TERMINAL H","07:48","2026-02-22 06:48:00","2026-02-22","2026-02-22 17:13:00","Passatge","18:13","FRMRS","01C","372497000","9320099","ESVLC","Finalitzada","294","Valencia","Marseille","F","6-12","80098-1","2026-02-22","2026-02-22 07:48:00","Panamà","MEDITERRANEAN SHIPPING COM ESPAÑA SLU","3EJF3"
"2025","H","PA","2026-02-28 17:57:00","MSC SPLENDIDA","8,68","","https://www.marinetraffic.com/en/ais/details/ships/mmsi:357698000","ADOSSAT/TERMINAL H","07:43","2026-02-28 06:43:00","2026-02-28","2026-02-28 16:57:00","Passatge","17:57","FRMRS","01C","357698000","9359806","TNLGN","Finalitzada","333","La Goulette Nord (Halqueloued)","Marseille","F","6-12","80100-1","2026-02-28","2026-02-28 07:43:00","Panamà","MEDITERRANEAN SHIPPING COM ESPAÑA SLU","3FZI8"
"2025","H","PA","2026-03-01 18:14:00","MSC ORCHESTRA","7,85","32,2","https://www.marinetraffic.com/en/ais/details/ships/mmsi:372497000","ADOSSAT/TERMINAL H","07:35","2026-03-01 06:35:00","2026-03-01","2026-03-01 17:14:00","Passatge","18:14","FRMRS","01C","372497000","9320099","ESVLC","Finalitzada","294","Valencia","Marseille","F","6-12","80420-1","2026-03-01","2026-03-01 07:35:00","Panamà","MEDITERRANEAN SHIPPING COM ESPAÑA SLU","3EJF3"
"2025","H","PA","2026-03-07 17:55:00","MSC SPLENDIDA","8,68","","https://www.marinetraffic.com/en/ais/details/ships/mmsi:357698000","ADOSSAT/TERMINAL H","07:45","2026-03-07 06:45:00","2026-03-07","2026-03-07 16:55:00","Passatge","17:55","FRMRS","01C","357698000","9359806","TNLGN","Finalitzada","333","La Goulette Nord (Halqueloued)","Marseille","F","6-12","80422-1","2026-03-07","2026-03-07 07:45:00","Panamà","MEDITERRANEAN SHIPPING COM ESPAÑA SLU","3FZI8"
"2025","H","PA","2026-03-08 18:27:00","MSC ORCHESTRA","7,85","32,2","https://www.marinetraffic.com/en/ais/details/ships/mmsi:372497000","ADOSSAT/TERMINAL H","07:35","2026-03-08 06:35:00","2026-03-08","2026-03-08 17:27:00","Passatge","18:27","FRMRS","01C","372497000","9320099","ESVLC","Finalitzada","294","Valencia","Marseille","F","6-12","80423-1","2026-03-08","2026-03-08 07:35:00","Panamà","MEDITERRANEAN SHIPPING COM ESPAÑA SLU","3EJF3"
"2025","H","PA","2026-03-14 18:09:00","MSC SPLENDIDA","8,68","","https://www.marinetraffic.com/en/ais/details/ships/mmsi:357698000","ADOSSAT/TERMINAL H","08:17","2026-03-14 07:17:00","2026-03-14","2026-03-14 17:09:00","Passatge","18:09","FRMRS","01C","357698000","9359806","TNLGN","Finalitzada","333","La Goulette Nord (Halqueloued)","Marseille","F","6-12","80427-1","2026-03-14","2026-03-14 08:17:00","Panamà","MEDITERRANEAN SHIPPING COM ESPAÑA SLU","3FZI8"
"2025","H","PA","2026-03-15 18:14:00","MSC ORCHESTRA","7,85","","https://www.marinetraffic.com/en/ais/details/ships/mmsi:372497000","ADOSSAT/TERMINAL H","07:51","2026-03-15 06:51:00","2026-03-15","2026-03-15 17:14:00","Passatge","18:14","FRMRS","01C","372497000","9320099","ESVLC","Finalitzada","294","Valencia","Marseille","F","6-12","80428-1","2026-03-15","2026-03-15 07:51:00","Panamà","MEDITERRANEAN SHIPPING COM ESPAÑA SLU","3EJF3"
"2025","S","BS","2026-01-20 17:06:00","STAR LEGEND","5,4","","https://www.marinetraffic.com/en/ais/details/ships/mmsi:311085000","BARCELONA/TERMINAL SUD","12:21","2026-01-18 11:21:00","2026-01-18","2026-01-20 16:06:00","Passatge","17:06","ESVLC","18C","311085000","9008598","FRNCE","Finalitzada","159","Nice","Valencia","F","1-4","79353-1","2026-01-20","2026-01-18 12:21:00","Bahames","BALEARES CONSIGNATARIOS SLU","C6FR6"
"2025","S","BS","2026-01-29 16:06:00","STAR LEGEND","5,4","","https://www.marinetraffic.com/en/ais/details/ships/mmsi:311085000","BARCELONA/TERMINAL SUD","06:26","2026-01-28 05:26:00","2026-01-28","2026-01-29 15:06:00","Passatge","16:06","FRNCE","18C","311085000","9008598","ESPMI","Finalitzada","159","Palma de Mallorca","Nice","F","1-4","79354-1","2026-01-29","2026-01-28 06:26:00","Bahames","BALEARES CONSIGNATARIOS SLU","C6FR6"
"2025","S","BS","2026-02-28 16:05:00","STAR LEGEND","5,4","","https://www.marinetraffic.com/en/ais/details/ships/mmsi:311085000","BARCELONA/TERMINAL SUD","12:23","2026-02-26 11:23:00","2026-02-26","2026-02-28 15:05:00","Passatge","16:05","ESVLC","18C","311085000","9008598","FRNCE","Finalitzada","159","Nice","Valencia","F","1-4","79355-1","2026-02-28","2026-02-26 12:23:00","Bahames","BALEARES CONSIGNATARIOS SLU","C6FR6"
"2025","S","MT","2026-03-17 19:32:00","CLIO","3","","https://www.marinetraffic.com/en/ais/details/ships/mmsi:249596000","BARCELONA/TERMINAL SUD","07:39","2026-03-15 06:39:00","2026-03-15","2026-03-17 18:32:00","Passatge","19:32","ESVLC","18C","249596000","9159830","ITMAZ","Finalitzada","100,26","Mazara del Vallo","Valencia","F","2-4","79503-1","2026-03-17","2026-03-15 07:39:00","Malta","NOATUM MARITIME SPAIN SAU","9HA4306"
"2025","TC","CY","2026-01-01 22:07:00","HYPATIA DE ALEJANDRIA","6,79","","https://www.marinetraffic.com/en/ais/details/ships/mmsi:209462000","LEPANT/TRUCK CENTER","18:42","2025-12-31 17:42:00","2025-12-31","2026-01-01 21:07:00","Transbordadors","22:07","ESPMI","27A","209462000","9498755","ESPMI","Finalitzada","186,6","Palma de Mallorca","Palma de Mallorca","F","1-4","80280-1","2026-01-01","2025-12-31 18:42:00","Xipre","BALEARIA EUROLINEAS MARITIMAS SA ","5BDE5"
"2025","","AG","2026-01-06 18:53:00","SYNETOS","8,8","","https://www.marinetraffic.com/en/ais/details/ships/mmsi:304978000","","19:16","2026-01-01 18:16:00","2026-01-01","2026-01-06 17:53:00","Portacontenidors","18:53","DZALG","90A","304978000","9347774","DZDJE","Finalitzada","139,15","Djen-Djen","Alger (Algiers)","F","","80603-2","2026-01-06","2026-01-01 19:16:00","Antigua i Barbuda","CMA CGM IBERICA SAU","V2CB8"
"2025","","AG","2026-01-23 21:28:00","LANGENESS","9,7","28,4","https://www.marinetraffic.com/en/ais/details/ships/mmsi:305540000","","20:51","2026-01-22 19:51:00","2026-01-22","2026-01-23 20:28:00","Portacontenidors","21:28","ESVLC","90A","305540000","9944778","ESALC","Finalitzada","171,99","Alicante","Valencia","F","","78602-3","2026-01-23","2026-01-22 20:51:00","Antigua i Barbuda","OCEAN NETWORK EXPRESS SPAIN SA","V2HR6"
"2025","","BE","2026-01-04 12:06:00","A LA MARINE","9,5","","https://www.marinetraffic.com/en/ais/details/ships/mmsi:205795000","","10:27","2026-01-01 09:27:00","2026-01-01","2026-01-04 11:06:00","Portacontenidors","12:06","MACAS","90A","205795000","9386524","PTSET","Finalitzada","170,06","Setubal","Casablanca","F","","79675-2","2026-01-04","2026-01-01 10:27:00","Bèlgica","CMA CGM IBERICA SAU","ONKP"
"2025","","BS","2026-01-02 15:20:00","ALDEBARAN","10,5","","https://www.marinetraffic.com/en/ais/details/ships/mmsi:311000232","","23:59","2026-01-01 22:59:00","2026-01-01","2026-01-02 14:20:00","Tancs","15:20","SYBAN","90A","311000232","9723007","ESSCT","Finalitzada","183","Santa Cruz de Tenerife","Baniyas","F","","80586-2","2026-01-02","2026-01-01 23:59:00","Bahames","ALFASHIP MARITIME SERVICES SL ","C6BD5"
"2025","","CY","2026-01-01 16:58:00","CONTSHIP PAX","8,5","23,25","https://www.marinetraffic.com/en/ais/details/ships/mmsi:209575000","","04:42","2025-12-31 03:42:00","2025-12-31","2026-01-01 15:58:00","Portacontenidors","16:58","FRMRS","90A","209575000","9435521","DZSKI","Finalitzada","147,83","Skikda (ex Philippeville)","Marseille","F","","80574-3","2026-01-01","2025-12-31 04:42:00","Xipre","CMA CGM IBERICA SAU","5BFG5"
"2025","","CY","2026-01-05 20:53:00","EDT ZENON","2,5","9,5","https://www.marinetraffic.com/en/ais/details/ships/mmsi:212541000","","22:01","2025-12-28 21:01:00","2025-12-28","2026-01-05 19:53:00","Altres","20:53","CYLMS","27B","212541000","9315977","CYLMS","Finalitzada","28,16","Limassol","Limassol","F","1","80516-2","2026-01-05","2025-12-28 22:01:00","Xipre","ITALMAR 3000 SL","5BLV2"
"2025","","CY","2026-01-08 18:05:00","AMMOXOSTOS","14,5","32,26","https://www.marinetraffic.com/en/ais/details/ships/mmsi:209893000","","07:32","2026-01-04 06:32:00","2026-01-04","2026-01-08 17:05:00","Granelers","18:05","ZZZZZ","90A","209893000","9961427","PTLIS","Finalitzada","229","Lisboa","Desconegut","F","","80675-2","2026-01-08","2026-01-04 07:32:00","Xipre","ALFASHIP MARITIME SERVICES SL ","5BJJ6"
"2025","","CY","2026-01-10 17:39:00","EDT ZENON","2,5","9,5","https://www.marinetraffic.com/en/ais/details/ships/mmsi:212541000","","20:54","2026-01-05 19:54:00","2026-01-05","2026-01-10 16:39:00","Altres","17:39","CYLMS","01C","212541000","9315977","CYLMS","Finalitzada","28,16","Limassol","Limassol","F","2","80516-3","2026-01-10","2026-01-05 20:54:00","Xipre","ITALMAR 3000 SL","5BLV2"
"2025","","CY","2026-01-11 22:28:00","WEC MAJORELLE","6,69","","https://www.marinetraffic.com/en/ais/details/ships/mmsi:210312000","","21:44","2026-01-10 20:44:00","2026-01-10","2026-01-11 21:28:00","Portacontenidors","22:28","ESVLC","90A","210312000","9134153","ESVLC","Finalitzada","121,83","Valencia","Valencia","F","","80152-3","2026-01-11","2026-01-10 21:44:00","Xipre","A PEREZ Y CIA SL","5BSJ3"
"2025","","DK","2026-01-02 23:43:00","ANTONIA MAERSK","18","53,5","https://www.marinetraffic.com/en/ais/details/ships/mmsi:219614000","","23:35","2025-12-30 22:35:00","2025-12-30","2026-01-02 22:43:00","Portacontenidors","23:43","ITSPE","90A","219614000","9948762","ESVLC","Finalitzada","350,59","Valencia","La Spezia","F","","80476-2","2026-01-02","2025-12-30 23:35:00","Dinamarca","NOATUM MARITIME SPAIN SAU","OZHV2"
"2025","","DK","2026-01-08 05:48:00","JETTE THERESA","8,51","19,2","https://www.marinetraffic.com/en/ais/details/ships/mmsi:220624000","","19:16","2026-01-02 18:16:00","2026-01-02","2026-01-08 04:48:00","Tancs","05:48","ESHUV","90A","220624000","9406582","FRLAV","Finalitzada","129,6","Lavera","Huelva","F","","80638-2","2026-01-08","2026-01-02 19:16:00","Dinamarca","IBERICA MARITIMA BARCELONA SA","OWBH2"
"2025","","DK","2026-01-09 05:17:00","TORM SUBLIME","13,3","32","https://www.marinetraffic.com/en/ais/details/ships/mmsi:219274000","","12:48","2026-01-03 11:48:00","2026-01-03","2026-01-09 04:17:00","Tancs","05:17","ZZZZZ","90A","219274000","9854789","INBOM","Finalitzada","183,06","Mumbai (ex Bombay)","Desconegut","F","","80639-2","2026-01-09","2026-01-03 12:48:00","Dinamarca","ALFASHIP MARITIME SERVICES SL ","OYAJ2"
"2025","","DK","2026-01-14 18:40:00","JETTE THERESA","8,51","19,2","https://www.marinetraffic.com/en/ais/details/ships/mmsi:220624000","","11:14","2026-01-10 10:14:00","2026-01-10","2026-01-14 17:40:00","Tancs","18:40","ESHUV","90A","220624000","9406582","FRLAV","Finalitzada","129,6","Lavera","Huelva","F","","80638-3","2026-01-14","2026-01-10 11:14:00","Dinamarca","IBERICA MARITIMA BARCELONA SA","OWBH2"
"2025","","DZ","2026-02-11 16:06:00","CIRTA","9,5","","https://www.marinetraffic.com/en/ais/details/ships/mmsi:605086060","","10:18","2026-02-10 09:18:00","2026-02-10","2026-02-11 15:06:00","Portacontenidors","16:06","ESVLC","90A","605086060","9845051","ITSPE","Finalitzada","171,9","La Spezia","Valencia","F","","80629-2","2026-02-11","2026-02-10 10:18:00","Algèria","TRANSPORTES CONSIGNACION MARITIMAS SA","7THF"
"2025","","ES","2026-02-03 23:59:00","MARTA MATA","4,4","12,5","https://www.marinetraffic.com/en/ais/details/ships/mmsi:224634000","","15:37","2025-12-19 14:37:00","2025-12-19","2026-02-03 22:59:00","Altres","23:59","ESTAR","18A","224634000","9429120","ESTAR","Finalitzada","39,7","Tarragona","Tarragona","F","5","80470-1","2026-02-03","2025-12-19 15:37:00","Espanya","A PEREZ Y CIA SL","ECNY"
"2025","","FR","2026-01-04 05:12:00","RAVENNA KNUTSEN","8,42","","https://www.marinetraffic.com/en/ais/details/ships/mmsi:228440900","","02:30","2025-12-31 01:30:00","2025-12-31","2026-01-04 04:12:00","Petroliers","05:12","ITRAN","90A","228440900","9874040","ESCAR","Finalitzada","180,04","Cartagena","Ravenna","F","","80632-2","2026-01-04","2025-12-31 02:30:00","França","IBERICA MARITIMA BARCELONA SA","FMVF"
"2025","","GR","2026-01-03 17:34:00","KRITI RUBY","12,5","","https://www.marinetraffic.com/en/ais/details/ships/mmsi:240941000","","20:25","2025-12-31 19:25:00","2025-12-31","2026-01-03 16:34:00","Tancs","17:34","NGLOS","90A","240941000","9391282","ITPFX","Finalitzada","183,09","Porto Foxi (Sarroch)","Lagos","F","","80609-2","2026-01-03","2025-12-31 20:25:00","Grècia","ALFASHIP MARITIME SERVICES SL ","SVAB7"
"2025","","HK","2026-01-01 08:12:00","GOLDEN DAISY","9","36","https://www.marinetraffic.com/en/ais/details/ships/mmsi:477745100","","20:12","2025-12-31 19:12:00","2025-12-31","2026-01-01 07:12:00","Tancs","08:12","ESALG","90A","477745100","9878008","BEANR","Finalitzada","155","Anvers","Algeciras","F","1","80621-2","2026-01-01","2025-12-31 20:12:00","Hong Kong","ERHARDT SHIPPING SERVICES SL","VRUI3"
"2025","","KY","2026-02-10 10:24:00","MARYAH","5,6","17","https://www.marinetraffic.com/en/ais/details/ships/mmsi:319068600","","10:31","2025-11-19 09:31:00","2025-11-19","2026-02-10 09:24:00","Iot","10:24","EGSUZ","04A","319068600","9044619","AEDXB","Finalitzada","104,35","Dubai","El Suweis (= Suez)","F","","77620-4","2026-02-10","2025-11-19 10:31:00","Illes Caiman","EVOLUTION YACHTS SL","ZCTY"
"2025","","KY","2026-02-19 09:21:00","MARYAH","5,6","17","https://www.marinetraffic.com/en/ais/details/ships/mmsi:319068600","","10:25","2026-02-10 09:25:00","2026-02-10","2026-02-19 08:21:00","Iot","09:21","EGSUZ","05B","319068600","9044619","AEDXB","Finalitzada","104,35","Dubai","El Suweis (= Suez)","F","3-4","77620-5","2026-02-19","2026-02-10 10:25:00","Illes Caiman","EVOLUTION YACHTS SL","ZCTY"
"2025","","KY","2026-02-19 17:45:00","MARYAH","5,6","17","https://www.marinetraffic.com/en/ais/details/ships/mmsi:319068600","","09:22","2026-02-19 08:22:00","2026-02-19","2026-02-19 16:45:00","Iot","17:45","EGSUZ","90B","319068600","9044619","AEDXB","Finalitzada","104,35","Dubai","El Suweis (= Suez)","F","","77620-6","2026-02-19","2026-02-19 09:22:00","Illes Caiman","EVOLUTION YACHTS SL","ZCTY"
"2025","","KY","2026-02-24 17:27:00","MARYAH","5,6","17","https://www.marinetraffic.com/en/ais/details/ships/mmsi:319068600","","17:46","2026-02-19 16:46:00","2026-02-19","2026-02-24 16:27:00","Iot","17:27","EGSUZ","05B","319068600","9044619","AEDXB","Finalitzada","104,35","Dubai","El Suweis (= Suez)","F","3-4","77620-7","2026-02-24","2026-02-19 17:46:00","Illes Caiman","EVOLUTION YACHTS SL","ZCTY"
"2025","","KY","2026-03-12 15:43:00","STELLA MI","3,45","10,2","https://www.marinetraffic.com/en/ais/details/ships/mmsi:319207900","","10:30","2025-10-25 08:30:00","2025-10-25","2026-03-12 14:43:00","Iot","15:43","FRANT","13A","319207900","9864019","FRGJU","Finalitzada","60,1","Golfe Juan                         ","Antibes","F","1","78632-2","2026-03-12","2025-10-25 10:30:00","Illes Caiman","MARALA YACHT 2005 SL","ZGOF"
"2025","","LR","2026-01-01 18:29:00","MSC HORTENSE","15,5","45,6","https://www.marinetraffic.com/en/ais/details/ships/mmsi:636025507","","10:52","2025-12-31 09:52:00","2025-12-31","2026-01-01 17:29:00","Portacontenidors","18:29","ITLIV","90A","636025507","9978951","ESVLC","Finalitzada","335","Valencia","Livorno","F","","80282-2","2026-01-01","2025-12-31 10:52:00","Libèria","MEDITERRANEAN SHIPPING COM ESPAÑA SLU","5LXU5"
"2025","","LR","2026-01-02 05:17:00","ZIM ASIA","12,6","","https://www.marinetraffic.com/en/ais/details/ships/mmsi:636021664","","07:58","2025-12-31 06:58:00","2025-12-31","2026-01-02 04:17:00","Portacontenidors","05:17","ESVLC","90A","636021664","9464716","ITGOA","Finalitzada","260","Genoa","Valencia","F","","79692-2","2026-01-02","2025-12-31 07:58:00","Libèria","A PEREZ Y CIA SL","5LFB9"
"2025","","LR","2026-01-02 06:02:00","JARNAIN","15,35","","https://www.marinetraffic.com/en/ais/details/ships/mmsi:636020896","","21:34","2025-12-30 20:34:00","2025-12-30","2026-01-02 05:02:00","Petroliers","06:02","ITMLZ","90A","636020896","9823546","EGSBA","Finalitzada","249,82","Sidi Barrani","Milazzo","F","","80585-3","2026-01-02","2025-12-30 21:34:00","Libèria","ALFASHIP MARITIME SERVICES SL ","5LBG2"
"2025","","LR","2026-01-04 17:38:00","CONTSHIP PEP II","11,35","","https://www.marinetraffic.com/en/ais/details/ships/mmsi:636025274","","10:27","2026-01-01 09:27:00","2026-01-01","2026-01-04 16:38:00","Portacontenidors","17:38","GRPIR","90A","636025274","9470961","ESALG","Finalitzada","189,49","Algeciras","Piraeus","F","","80093-2","2026-01-04","2026-01-01 10:27:00","Libèria","COSCO SHIPPING LINES SPAIN SA","A8TA6"
"2025","","LR","2026-01-08 05:15:00","CONTSHIP GIN","9,5","","https://www.marinetraffic.com/en/ais/details/ships/mmsi:636019163","","01:46","2026-01-03 00:46:00","2026-01-03","2026-01-08 04:15:00","Portacontenidors","05:15","MTMLA","90A","636019163","9517434","DZSKI","Finalitzada","161,23","Skikda (ex Philippeville)","Malta (Valetta)","F","","80553-2","2026-01-08","2026-01-03 01:46:00","Libèria","CMA CGM IBERICA SAU","D5TF9"
"2025","","LR","2026-01-09 03:48:00","MSC JIANI","9,7","","https://www.marinetraffic.com/en/ais/details/ships/mmsi:636023100","","17:30","2026-01-03 16:30:00","2026-01-03","2026-01-09 02:48:00","Portacontenidors","03:48","DZBJA","90A","636023100","9966934","DZALG","Finalitzada","172","Alger (Algiers)","Bejaia (ex Bougie)","F","","80618-2","2026-01-09","2026-01-03 17:30:00","Libèria","MEDITERRANEAN SHIPPING COM ESPAÑA SLU","5LLY4"
"2025","","LR","2026-01-09 23:17:00","CONTSHIP SKY","8,5","","https://www.marinetraffic.com/en/ais/details/ships/mmsi:636024753","","22:56","2026-01-05 21:56:00","2026-01-05","2026-01-09 22:17:00","Càrrega (Lo-Lo)","23:17","FRMRS","90A","636024753","9403449","DZMOS","Finalitzada","147,74","Mostaganem","Marseille","F","","80448-2","2026-01-09","2026-01-05 22:56:00","Libèria","CMA CGM IBERICA SAU","5LUC6"
"2025","","LR","2026-01-12 07:25:00","ZIM CHINA","12,62","","https://www.marinetraffic.com/en/ais/details/ships/mmsi:636021739","","20:04","2026-01-10 19:04:00","2026-01-10","2026-01-12 06:25:00","Portacontenidors","07:25","EGDAM","90A","636021739","9389382","ESVLC","Finalitzada","261,4","Valencia","Damietta","F","","80313-2","2026-01-12","2026-01-10 20:04:00","Libèria","A PEREZ Y CIA SL","5LFL9"
"2025","","LR","2026-01-17 07:36:00","VENTO DI MAESTRALE","9,7","","https://www.marinetraffic.com/en/ais/details/ships/mmsi:636023406","","15:05","2026-01-16 14:05:00","2026-01-16","2026-01-17 06:36:00","Portacontenidors","07:36","MACAS","90A","636023406","9985021","ITSPE","Finalitzada","171,9","La Spezia","Casablanca","F","","80114-2","2026-01-17","2026-01-16 15:05:00","Libèria","INSIGNIA SHIPPING SAU","5LNO5"
"2025","","LR","2026-02-20 01:17:00","SPARTEL TRADER","11,02","","https://www.marinetraffic.com/en/ais/details/ships/mmsi:636021056","","19:38","2026-02-17 18:38:00","2026-02-17","2026-02-20 00:17:00","Portacontenidors","01:17","MAPTM","90A","636021056","9243203","MACAS","Finalitzada","243,35","Casablanca","Tanger Med","F","","80596-2","2026-02-20","2026-02-17 19:38:00","Libèria","HAPAG LLOYD SPAIN SL","5LCA6"
"2025","","LT","2026-01-07 04:19:00","KANTATA","8,51","23,25","https://www.marinetraffic.com/en/ais/details/ships/mmsi:277549000","","23:05","2026-01-03 22:05:00","2026-01-03","2026-01-07 03:19:00","Portacontenidors","04:19","DZORN","90A","277549000","9327580","DZORN","Finalitzada","147,84","Oran","Oran","F","","80679-2","2026-01-07","2026-01-03 23:05:00","Lituània","MEDITERRANEAN SHIPPING COM ESPAÑA SLU","LYBD"
"2025","","MH","2026-01-09 09:17:00","HERE COMES THE SUN","4,1","14","https://www.marinetraffic.com/en/ais/details/ships/mmsi:538072050","","15:33","2025-12-10 14:33:00","2025-12-10","2026-01-09 08:17:00","Iot","09:17","GIGIB","13A","538072050","1012414","MCMON","Finalitzada","83","Monaco","Gibraltar","F","","78181-9","2026-01-09","2025-12-10 15:33:00","Illes Marshall","MARALA YACHT 2005 SL","V7A7421"
"2025","","MH","2026-01-12 19:39:00","ELANDRA BALTIC","13","32,2","https://www.marinetraffic.com/en/ais/details/ships/mmsi:538004371","","09:04","2026-01-10 08:04:00","2026-01-10","2026-01-12 18:39:00","Tancs","19:39","GIGIB","90A","538004371","9482562","DZAZW","Finalitzada","183,29","Arzew","Gibraltar","F","","80542-2","2026-01-12","2026-01-10 09:04:00","Illes Marshall","ALFASHIP MARITIME SERVICES SL ","V7WR2"
"2025","","MT","2026-01-01 00:19:00","BOMAR MARS","6,58","15,8","https://www.marinetraffic.com/en/ais/details/ships/mmsi:256784000","","20:27","2025-12-31 19:27:00","2025-12-31","2025-12-31 23:19:00","Tancs","00:19","FRBIA","90A","256784000","9377030","ESCAS","Finalitzada","107,34","Castellon de la Plana","Bastia","F","","78446-5","2026-01-01","2025-12-31 20:27:00","Malta","ERHARDT SHIPPING SERVICES SL","9HCM9"
"2025","","MT","2026-01-03 00:06:00","HITRA","6,34","","https://www.marinetraffic.com/en/ais/details/ships/mmsi:249421000","","14:36","2026-01-02 13:36:00","2026-01-02","2026-01-02 23:06:00","Tancs","00:06","ZZZZZ","90A","249421000","9413652","ITNAP","Finalitzada","107,6","Napoli","Desconegut","F","","80578-2","2026-01-03","2026-01-02 14:36:00","Malta","ALFASHIP MARITIME SERVICES SL ","9HRO9"
"2025","","MT","2026-01-05 17:37:00","W WEST","7,61","","https://www.marinetraffic.com/en/ais/details/ships/mmsi:256996000","","15:05","2026-01-05 14:05:00","2026-01-05","2026-01-05 16:37:00","Tancs","17:37","ESCAR","90A","256996000","9383651","GBEAM","Finalitzada","101,39","Eastham","Cartagena","F","","80681-2","2026-01-05","2026-01-05 15:05:00","Malta","IBERICA MARITIMA BARCELONA SA","9HHO9"
"2025","","MT","2026-01-05 23:35:00","VERA A","8,25","22,6","https://www.marinetraffic.com/en/ais/details/ships/mmsi:256579000","","14:16","2025-12-31 13:16:00","2025-12-31","2026-01-05 22:35:00","Portacontenidors","23:35","TRIZM","90A","256579000","9372585","DZAZW","Finalitzada","141,5","Arzew","Izmir (Smyrna)","F","","80577-2","2026-01-05","2025-12-31 14:16:00","Malta","CMA CGM IBERICA SAU","9HA2885"
"2025","","MT","2026-01-10 08:10:00","HISTRIA NARVI","11,11","","https://www.marinetraffic.com/en/ais/details/ships/mmsi:256945000","","18:58","2026-01-04 17:58:00","2026-01-04","2026-01-10 07:10:00","Tancs","08:10","ITPFX","90A","256945000","9800829","GRAGT","Finalitzada","180","Agio Theodoroi","Porto Foxi (Sarroch)","F","","80628-2","2026-01-10","2026-01-04 18:58:00","Malta","ALFASHIP MARITIME SERVICES SL ","9HA6033"
"2025","","MT","2026-01-12 20:54:00","SPECTRUM","9,81","","https://www.marinetraffic.com/en/ais/details/ships/mmsi:215675000","","16:42","2026-01-11 15:42:00","2026-01-11","2026-01-12 19:54:00","Tancs","20:54","GIGIB","90A","215675000","9535412","ESTAR","Finalitzada","138,5","Tarragona","Gibraltar","F","","80636-2","2026-01-12","2026-01-11 16:42:00","Malta","NEXT MARITIME SL","9HA5242"
"2025","","NL","2026-01-07 07:38:00","ENDURANCE","7,1","","https://www.marinetraffic.com/en/ais/details/ships/mmsi:244357000","","10:14","2026-01-06 09:14:00","2026-01-06","2026-01-07 06:38:00","Portacontenidors","07:38","ESALC","90A","244357000","9312200","ESACE","Finalitzada","134,58","Arrecife de Lanzarote","Alicante","F","","80616-4","2026-01-07","2026-01-06 10:14:00","Països Baixos","EUROPEAN FORWARDING SL","PBKO"
"2025","","NL","2026-01-09 12:42:00","ENDURANCE","7,1","","https://www.marinetraffic.com/en/ais/details/ships/mmsi:244357000","","14:37","2026-01-07 13:37:00","2026-01-07","2026-01-09 11:42:00","Portacontenidors","12:42","ESALC","90A","244357000","9312200","ESACE","Finalitzada","134,58","Arrecife de Lanzarote","Alicante","F","","80616-2","2026-01-09","2026-01-07 14:37:00","Països Baixos","EUROPEAN FORWARDING SL","PBKO"
"2025","","PA","2026-01-08 16:56:00","SAKIZAYA KALON","14,52","32,26","https://www.marinetraffic.com/en/ais/details/ships/mmsi:373254000","","19:41","2025-12-31 18:41:00","2025-12-31","2026-01-08 15:56:00","Granelers","16:56","ZZZZZ","90A","373254000","9749908","ESTAR","Finalitzada","228,99","Tarragona","Desconegut","F","","80503-2","2026-01-08","2025-12-31 19:41:00","Panamà","ALFASHIP MARITIME SERVICES SL ","3FEC3"
"2025","","PA","2026-01-10 16:41:00","TRANS SEA","8,81","","https://www.marinetraffic.com/en/ais/details/ships/mmsi:352003080","","05:12","2026-01-07 04:12:00","2026-01-07","2026-01-10 15:41:00","Tancs","16:41","FRFOS","90A","352003080","9956927","BEANR","Finalitzada","126","Anvers","Fos-sur-Mer","F","","80680-2","2026-01-10","2026-01-07 05:12:00","Panamà","IBERICA MARITIMA BARCELONA SA","3E5967"
"2025","","PA","2026-01-14 11:12:00","SAKIZAYA KALON","14,52","32,26","https://www.marinetraffic.com/en/ais/details/ships/mmsi:373254000","","19:28","2026-01-13 18:28:00","2026-01-13","2026-01-14 10:12:00","Granelers","11:12","ZZZZZ","01D","373254000","9749908","ESTAR","Finalitzada","228,99","Tarragona","Desconegut","F","17-21","80503-4","2026-01-14","2026-01-13 19:28:00","Panamà","ALFASHIP MARITIME SERVICES SL ","3FEC3"
"2025","","PT","2026-01-03 08:28:00","WEC JAN STEEN","8,71","22,5","https://www.marinetraffic.com/en/ais/details/ships/mmsi:255806280","","00:24","2025-12-29 23:24:00","2025-12-30","2026-01-03 07:28:00","Portacontenidors","08:28","ESVLC","90A","255806280","9354416","ESVLC","Finalitzada","134,44","Valencia","Valencia","F","","80435-2","2026-01-03","2025-12-30 00:24:00","Portugal","WEC LINES ESPAÑA SLU","CQAU6"
"2025","","PT","2026-01-07 11:54:00","PANDA 004","9,6","26,9","https://www.marinetraffic.com/en/ais/details/ships/mmsi:255915663","","08:36","2026-01-02 07:36:00","2026-01-02","2026-01-07 10:54:00","Portacontenidors","11:54","NLMOE","90A","255915663","9968906","ESCAD","Finalitzada","169,95","Cadiz","Moerdijk","F","","80365-2","2026-01-07","2026-01-02 08:36:00","Portugal","MARTICO SL","CQ2121"
"2025","","PT","2026-01-08 18:10:00","JOANNA BORCHARD","9,5","","https://www.marinetraffic.com/en/ais/details/ships/mmsi:255915591","","11:19","2026-01-08 10:19:00","2026-01-08","2026-01-08 17:10:00","Portacontenidors","18:10","ESCAS","90A","255915591","1016563","FRMRS","Finalitzada","150,08","Marseille","Castellon de la Plana","F","","80357-2","2026-01-08","2026-01-08 11:19:00","Portugal","NOATUM MARITIME SPAIN SAU","CQ2049"
"2025","","PT","2026-01-09 08:26:00","HELENA","11,75","","https://www.marinetraffic.com/en/ais/details/ships/mmsi:255806505","","11:05","2026-01-08 10:05:00","2026-01-08","2026-01-09 07:26:00","Portacontenidors","08:26","ESSAG","90A","255806505","9584487","ESSAG","Finalitzada","151,72","Sagunto","Sagunto","F","","80571-4","2026-01-09","2026-01-08 11:05:00","Portugal","SOLUCIONES INTEGRALES MARITIMAS SLU","CQEW6"
"2025","","PT","2026-01-15 23:48:00","CARLA","7,29","","https://www.marinetraffic.com/en/ais/details/ships/mmsi:255805984","","19:07","2026-01-15 18:07:00","2026-01-15","2026-01-15 22:48:00","Portacontenidors","23:48","ESVLC","90A","255805984","9319868","MTMLA","Finalitzada","139,88","Malta (Valetta)","Valencia","F","","79561-3","2026-01-15","2026-01-15 19:07:00","Portugal","A PEREZ Y CIA SL","CQIK4"
"2025","","PT","2026-01-16 21:48:00","PANDA 003","9,6","","https://www.marinetraffic.com/en/ais/details/ships/mmsi:255915662","","23:33","2026-01-15 22:33:00","2026-01-15","2026-01-16 20:48:00","Portacontenidors","21:48","NLMOE","90A","255915662","9968891","MACAS","Finalitzada","169,95","Casablanca","Moerdijk","F","","80507-2","2026-01-16","2026-01-15 23:33:00","Portugal","MARTICO SL","CQ2120"
"2025","","PT","2026-01-24 08:01:00","PANDA 004","9,6","","https://www.marinetraffic.com/en/ais/details/ships/mmsi:255915663","","01:40","2026-01-24 00:40:00","2026-01-24","2026-01-24 07:01:00","Portacontenidors","08:01","NLMOE","90A","255915663","9968906","MACAS","Finalitzada","169,95","Casablanca","Moerdijk","F","","80508-2","2026-01-24","2026-01-24 01:40:00","Portugal","MARTICO SL","CQ2121"
"2025","","PT","2026-01-25 18:56:00","LIBERTAS-H","7,75","","https://www.marinetraffic.com/en/ais/details/ships/mmsi:255805480","","00:55","2026-01-23 23:55:00","2026-01-24","2026-01-25 17:56:00","Càrrega (Lo-Lo)","18:56","DZALG","90A","255805480","9388388","ITGOA","Finalitzada","126,85","Genoa","Alger (Algiers)","F","","80484-2","2026-01-25","2026-01-24 00:55:00","Portugal","BERGE MARITIMA SL","CQJB"
"2025","","PT","2026-01-28 09:36:00","K-OCEAN","6,69","18,2","https://www.marinetraffic.com/en/ais/details/ships/mmsi:255805996","","18:23","2026-01-26 17:23:00","2026-01-26","2026-01-28 08:36:00","Portacontenidors","09:36","ESVLC","90A","255805996","9143972","ESALG","Finalitzada","121,76","Algeciras","Valencia","F","","80608-3","2026-01-28","2026-01-26 18:23:00","Portugal","A PEREZ Y CIA SL","CQIL8"
"2025","","PT","2026-01-28 15:56:00","RACHEL BORCHARD","9,5","27","https://www.marinetraffic.com/en/ais/details/ships/mmsi:255915592","","11:02","2026-01-28 10:02:00","2026-01-28","2026-01-28 14:56:00","Portacontenidors","15:56","ESCAS","24B","255915592","1016587","FRMRS","Finalitzada","150","Marseille","Castellon de la Plana","F","3-6","80676-2","2026-01-28","2026-01-28 11:02:00","Portugal","NOATUM MARITIME SPAIN SAU","CQ2050"
"2025","","PT","2026-01-29 06:50:00","K-OCEAN","6,69","18,2","https://www.marinetraffic.com/en/ais/details/ships/mmsi:255805996","","21:29","2026-01-28 20:29:00","2026-01-28","2026-01-29 05:50:00","Portacontenidors","06:50","ESVLC","90A","255805996","9143972","ESALG","Finalitzada","121,76","Algeciras","Valencia","F","","80608-4","2026-01-29","2026-01-28 21:29:00","Portugal","A PEREZ Y CIA SL","CQIL8"
"2025","","PT","2026-01-31 01:09:00","PANDA 005","9,6","","https://www.marinetraffic.com/en/ais/details/ships/mmsi:255915666","","13:34","2026-01-30 12:34:00","2026-01-30","2026-01-31 00:09:00","Portacontenidors","01:09","NLMOE","90A","255915666","9981063","MACAS","Finalitzada","169,95","Casablanca","Moerdijk","F","","80510-2","2026-01-31","2026-01-30 13:34:00","Portugal","MARTICO SL","CQ2124"
"2025","","PT","2026-03-02 23:02:00","MANUEL OLIVEIRA","4,55","11,37","https://www.marinetraffic.com/en/ais/details/ships/mmsi:263764000","","09:34","2025-10-16 07:34:00","2025-10-16","2026-03-02 22:02:00","Altres","23:02","ESBRX","99B","263764000","7349390","PTVDC","Finalitzada","80,02","Viana do Castelo","Burriana","F","3-4","78160-1","2026-03-02","2025-10-16 09:34:00","Portugal","VAPORES SUARDIAZ MEDITERRANEO SA","CSMW"
"2025","","SE","2026-01-06 14:00:00","FURE VEN","9,36","22,8","https://www.marinetraffic.com/en/ais/details/ships/mmsi:265062000","","02:30","2026-01-01 01:30:00","2026-01-01","2026-01-06 13:00:00","Tancs","14:00","ZZZZZ","90A","265062000","9983102","ESTAR","Finalitzada","149,9","Tarragona","Desconegut","F","","80588-2","2026-01-06","2026-01-01 02:30:00","Suècia","ALFASHIP MARITIME SERVICES SL ","SBED"
"2026","0010","DE","2026-01-28 18:05:00","SEASPRAT","11","","https://www.marinetraffic.com/en/ais/details/ships/mmsi:218057000","EXOLUM CORPORATION, SA","00:26","2026-01-26 23:26:00","2026-01-27","2026-01-28 17:05:00","Tancs","18:05","ITGOA","24C","218057000","9380477","ESALG","Finalitzada","188,33","Algeciras","Genoa","F","2-5","81197-1","2026-01-28","2026-01-27 00:26:00","Alemanya","BERGE MARITIMA SL","DDSJ"
"2026","0010","DE","2026-02-23 02:04:00","SEATROUT","11","32,2","https://www.marinetraffic.com/en/ais/details/ships/mmsi:211881000","EXOLUM CORPORATION, SA","20:48","2026-02-21 19:48:00","2026-02-21","2026-02-23 01:04:00","Tancs","02:04","ESALG","26A","211881000","9352303","ESCAR","Finalitzada","188,33","Cartagena","Algeciras","F","3-7","81824-2","2026-02-23","2026-02-21 20:48:00","Alemanya","ALFASHIP MARITIME SERVICES SL ","DDPN"
"2026","0010","DK","2026-02-03 15:40:00","BORINGIA SWAN","7,1","17,42","","EXOLUM CORPORATION, SA","16:11","2026-02-01 15:11:00","2026-02-01","2026-02-03 14:40:00","Tancs","15:40","ITAUG","26A","","9566693","NLRTM","Finalitzada","109,92","Rotterdam","Augusta","F","4-6","81335-3","2026-02-03","2026-02-01 16:11:00","Dinamarca","IBERICA MARITIMA BARCELONA SA","OWNY2"
"2026","0010","DK","2026-02-06 15:01:00","SIGRID THERESA","7,45","","https://www.marinetraffic.com/en/ais/details/ships/mmsi:219031203","EXOLUM CORPORATION, SA","08:14","2026-02-05 07:14:00","2026-02-05","2026-02-06 14:01:00","Tancs","15:01","FRFOS","26A","219031203","9392183","ESBCN","Finalitzada","115","Barcelona","Fos-sur-Mer","F","4-6","81539-1","2026-02-06","2026-02-05 08:14:00","Dinamarca","ALFASHIP MARITIME SERVICES SL ","OZNA2"
"2026","0010","IM","2026-02-18 22:07:00","VS LISBETH","11,62","","https://www.marinetraffic.com/en/ais/details/ships/mmsi:232005015","EXOLUM CORPORATION, SA","03:12","2026-02-17 02:12:00","2026-02-17","2026-02-18 21:07:00","Tancs","22:07","GRPIR","24C","232005015","9309978","GRAGT","Finalitzada","182,86","Agio Theodoroi","Piraeus","F","2-5","81775-1","2026-02-18","2026-02-17 03:12:00","Illa de Man","ALFASHIP MARITIME SERVICES SL ","MAHM4"
"2026","0010","LR","2026-02-20 14:02:00","STOLT ALM","10,42","28,4","https://www.marinetraffic.com/en/ais/details/ships/mmsi:636025471","EXOLUM CORPORATION, SA","12:13","2026-02-19 11:13:00","2026-02-19","2026-02-20 13:02:00","Tancs","14:02","ESCAR","26A","636025471","9719238","FRFOS","Finalitzada","184,89","Fos-sur-Mer","Cartagena","F","3-7","81776-1","2026-02-20","2026-02-19 12:13:00","Libèria","ALFASHIP MARITIME SERVICES SL ","5LXP9"
"2026","0010","MH","2026-01-30 02:23:00","STI CLAPHAM","11,92","27,4","https://www.marinetraffic.com/en/ais/details/ships/mmsi:538005407","EXOLUM CORPORATION, SA","01:14","2026-01-28 00:14:00","2026-01-28","2026-01-30 01:23:00","Tancs","02:23","ITAUG","26A","538005407","9696577","ITSPA","Finalitzada","184","Santa Panagia","Augusta","F","3-7","81305-1","2026-01-30","2026-01-28 01:14:00","Illes Marshall","NEXT MARITIME SL","V7DO7"
"2026","0010","MH","2026-03-08 14:39:00","HURON","9,82","","https://www.marinetraffic.com/en/ais/details/ships/mmsi:538011029","EXOLUM CORPORATION, SA","12:43","2026-03-07 11:43:00","2026-03-07","2026-03-08 13:39:00","Tancs","14:39","ESALG","26A","538011029","9457878","FRFOS","Finalitzada","156,69","Fos-sur-Mer","Algeciras","F","3-7","82544-1","2026-03-08","2026-03-07 12:43:00","Illes Marshall","ALFASHIP MARITIME SERVICES SL ","V7A6477"
"2026","0010","MH","2026-03-15 12:26:00","STI FULHAM","11,92","27,34","https://www.marinetraffic.com/en/ais/details/ships/mmsi:538005400","EXOLUM CORPORATION, SA","23:13","2026-03-13 22:13:00","2026-03-13","2026-03-15 11:26:00","Tancs","12:26","ESALG","24C","538005400","9688374","GRAGT","Finalitzada","184","Agio Theodoroi","Algeciras","F","2-5","82667-1","2026-03-15","2026-03-13 23:13:00","Illes Marshall","ALFASHIP MARITIME SERVICES SL ","V7DM5"
"2026","0010","MT","2026-01-14 19:43:00","CASTILLO DE ARTEAGA","11,3","","https://www.marinetraffic.com/en/ais/details/ships/mmsi:215045000","EXOLUM CORPORATION, SA","20:08","2026-01-13 19:08:00","2026-01-13","2026-01-14 18:43:00","Tancs","19:43","ESPMI","24C","215045000","9871012","ESCAS","Finalitzada","176,9","Castellon de la Plana","Palma de Mallorca","F","2-5","80968-1","2026-01-14","2026-01-13 20:08:00","Malta","TRANSPORTES CONSIGNACION MARITIMAS SA","9HA4935"
"2026","0010","MT","2026-01-23 21:42:00","SEYMA","6,32","","https://www.marinetraffic.com/en/ais/details/ships/mmsi:229546000","EXOLUM CORPORATION, SA","15:36","2026-01-19 14:36:00","2026-01-19","2026-01-23 20:42:00","Tancs","21:42","FRNOU","26A","229546000","9596777","FRNOU","Finalitzada","121,62","Port-la-Nouvelle","Port-la-Nouvelle","F","4-6","81073-1","2026-01-23","2026-01-19 15:36:00","Malta","ALFASHIP MARITIME SERVICES SL ","9HA3396"
"2026","0010","MT","2026-02-04 21:11:00","EMEK-S","6,76","16,89","https://www.marinetraffic.com/en/ais/details/ships/mmsi:249475000","EXOLUM CORPORATION, SA","17:24","2026-02-03 16:24:00","2026-02-03","2026-02-04 20:11:00","Tancs","21:11","ZZZZZ","26A","249475000","9433561","ITLIV","Finalitzada","119,6","Livorno","Desconegut","F","4-6","81467-1","2026-02-04","2026-02-03 17:24:00","Malta","IBERICA MARITIMA BARCELONA SA","9HTA9"
"2026","0010","MT","2026-02-07 22:24:00","MED CANARY","7,24","","https://www.marinetraffic.com/en/ais/details/ships/mmsi:215498000","EXOLUM CORPORATION, SA","23:50","2026-02-06 22:50:00","2026-02-06","2026-02-07 21:24:00","Tancs","22:24","ZZZZZ","26A","215498000","9544358","ESPMI","Finalitzada","119,95","Palma de Mallorca","Desconegut","F","4-6","81463-1","2026-02-07","2026-02-06 23:50:00","Malta","NEXT MARITIME SL","9HA5143"
"2026","0010","MT","2026-03-02 03:37:00","CASTILLO DE ARTEAGA","11,3","","https://www.marinetraffic.com/en/ais/details/ships/mmsi:215045000","EXOLUM CORPORATION, SA","07:00","2026-02-28 06:00:00","2026-02-28","2026-03-02 02:37:00","Tancs","03:37","ESPMI","24C","215045000","9871012","ESCAS","Finalitzada","176,9","Castellon de la Plana","Palma de Mallorca","F","2-5","81458-1","2026-03-02","2026-02-28 07:00:00","Malta","TRANSPORTES CONSIGNACION MARITIMAS SA","9HA4935"
"2026","0010","MT","2026-03-02 04:40:00","GRETA K","7,9","","https://www.marinetraffic.com/en/ais/details/ships/mmsi:249711000","EXOLUM CORPORATION, SA","21:20","2026-02-27 20:20:00","2026-02-27","2026-03-02 03:40:00","Tancs","04:40","ESTAR","26A","249711000","9800374","ESBIO","Finalitzada","159,34","Bilbao","Tarragona","F","3-7","82392-1","2026-03-02","2026-02-27 21:20:00","Malta","ERHARDT SHIPPING SERVICES SL","9HA4346"
"2026","0010","MT","2026-03-09 14:42:00","BOMAR MARS","6,58","","https://www.marinetraffic.com/en/ais/details/ships/mmsi:256784000","EXOLUM CORPORATION, SA","15:38","2026-03-08 14:38:00","2026-03-08","2026-03-09 13:42:00","Tancs","14:42","ZZZZZ","26A","256784000","9377030","ITLIV","Finalitzada","107,34","Livorno","Desconegut","F","4-6","82545-1","2026-03-09","2026-03-08 15:38:00","Malta","ALFASHIP MARITIME SERVICES SL ","9HCM9"
"2026","0010","PA","2026-01-15 22:25:00","SWAN INDIAN","9,72","23,7","https://www.marinetraffic.com/en/ais/details/ships/mmsi:370568000","EXOLUM CORPORATION, SA","14:00","2026-01-14 13:00:00","2026-01-14","2026-01-15 21:25:00","Tancs","22:25","ZZZZZ","26A","370568000","9724051","FRFOS","Finalitzada","145,5","Fos-sur-Mer","Desconegut","F","4-6","80804-1","2026-01-15","2026-01-14 14:00:00","Panamà","ALFASHIP MARITIME SERVICES SL ","H9AQ"
"2026","0010","PA","2026-01-24 15:13:00","SWAN INDIAN","9,72","23,7","https://www.marinetraffic.com/en/ais/details/ships/mmsi:370568000","EXOLUM CORPORATION, SA","00:18","2026-01-23 23:18:00","2026-01-24","2026-01-24 14:13:00","Tancs","15:13","ZZZZZ","26A","370568000","9724051","FRFOS","Finalitzada","145,5","Fos-sur-Mer","Desconegut","F","4-6","80804-4","2026-01-24","2026-01-24 00:18:00","Panamà","ALFASHIP MARITIME SERVICES SL ","H9AQ"
"2026","0010","PA","2026-02-22 09:33:00","CRYSTAL","15,2","44","https://www.marinetraffic.com/en/ais/details/ships/mmsi:352003342","EXOLUM CORPORATION, SA","01:51","2026-02-20 00:51:00","2026-02-20","2026-02-22 08:33:00","Tancs","09:33","FRLAV","24C","352003342","9956020","ESCAS","Finalitzada","239,5","Castellon de la Plana","Lavera","F","1-6","82036-1","2026-02-22","2026-02-20 01:51:00","Panamà","ERHARDT SHIPPING SERVICES SL","3E7498"
"2026","0010","PA","2026-03-12 03:49:00","TURKELI","13,02","32,2","https://www.marinetraffic.com/en/ais/details/ships/mmsi:352002699","EXOLUM CORPORATION, SA","07:20","2026-03-10 06:20:00","2026-03-10","2026-03-12 02:49:00","Tancs","03:49","GIGIB","24C","352002699","9396749","TRMER","Finalitzada","183","Mersin","Gibraltar","F","2-5","82579-1","2026-03-12","2026-03-10 07:20:00","Panamà","IBERICA MARITIMA BARCELONA SA","3E5013"
"2026","0010","PT","2026-01-10 00:09:00","ORAMALIA","7,01","","https://www.marinetraffic.com/en/ais/details/ships/mmsi:255806229","EXOLUM CORPORATION, SA","19:26","2026-01-08 18:26:00","2026-01-08","2026-01-09 23:09:00","Tancs","00:09","ESVLC","26A","255806229","9392640","ITCVV","Finalitzada","103","Civitavecchia","Valencia","F","4-6","80822-1","2026-01-10","2026-01-08 19:26:00","Portugal","ALFASHIP MARITIME SERVICES SL ","CQAO3"
"2026","0010","PT","2026-01-30 17:34:00","TINERFE","9,2","","https://www.marinetraffic.com/en/ais/details/ships/mmsi:255831000","EXOLUM CORPORATION, SA","09:48","2026-01-29 08:48:00","2026-01-29","2026-01-30 16:34:00","Tancs","17:34","ESALG","24C","255831000","9498107","ESCAS","Finalitzada","144,06","Castellon de la Plana","Algeciras","F","2-5","81077-1","2026-01-30","2026-01-29 09:48:00","Portugal","TRANSPORTES CONSIGNACION MARITIMAS SA","CQVB"
"2026","0010","PT","2026-01-31 11:17:00","SONGA AURORA","8,9","","https://www.marinetraffic.com/en/ais/details/ships/mmsi:255806341","EXOLUM CORPORATION, SA","05:48","2026-01-30 04:48:00","2026-01-30","2026-01-31 10:17:00","Tancs","11:17","ESBIO","26A","255806341","9373632","ESCAS","Finalitzada","144,19","Castellon de la Plana","Bilbao","F","4-6","81325-1","2026-01-31","2026-01-30 05:48:00","Portugal","ALFASHIP MARITIME SERVICES SL ","CQEC2"
"2026","0010","SG","2026-01-17 17:02:00","HENRIETTE MAERSK","10,22","","https://www.marinetraffic.com/en/ais/details/ships/mmsi:563097900","EXOLUM CORPORATION, SA","22:19","2026-01-14 21:19:00","2026-01-14","2026-01-17 16:02:00","Tancs","17:02","ITPFX","24C","563097900","9399349","ITAUG","Finalitzada","180","Augusta","Porto Foxi (Sarroch)","F","2-5","80950-1","2026-01-17","2026-01-14 22:19:00","Singapur","ALFASHIP MARITIME SERVICES SL ","9V3479"
"2026","0010","SG","2026-01-27 23:31:00","HAFNIA TORRES","11,9","","https://www.marinetraffic.com/en/ais/details/ships/mmsi:566598000","EXOLUM CORPORATION, SA","06:52","2026-01-25 05:52:00","2026-01-25","2026-01-27 22:31:00","Tancs","23:31","ESTAR","26A","566598000","9729283","ITMLZ","Finalitzada","184,26","Milazzo","Tarragona","F","3-7","81118-1","2026-01-27","2026-01-25 06:52:00","Singapur","A PEREZ Y CIA SL","9V3283"
"2026","0010","SG","2026-02-16 23:25:00","ASHLEY LADY","14,8","","https://www.marinetraffic.com/en/ais/details/ships/mmsi:565712000","EXOLUM CORPORATION, SA","17:51","2026-02-15 16:51:00","2026-02-15","2026-02-16 22:25:00","Petroliers","23:25","SAYNB","24C","565712000","9429039","ESTAR","Finalitzada","247,9","Tarragona","Yanbu al-Bahr","F","1-6","81708-1","2026-02-16","2026-02-15 17:51:00","Singapur","BERGE MARITIMA SL","9V8540"
"2026","0014","AG","2026-01-27 19:53:00","NIKLAS","5,51","","https://www.marinetraffic.com/en/ais/details/ships/mmsi:304030000","COMA Y RIBAS SL","22:28","2026-01-24 21:28:00","2026-01-24","2026-01-27 18:53:00","Càrrega (Lo-Lo)","19:53","ZZZZZ","23A","304030000","9582855","TRDIK","Finalitzada","87,83","Dikili","Desconegut","F","1-2","80978-1","2026-01-27","2026-01-24 22:28:00","Antigua i Barbuda","COMA Y RIBAS SL","V2GO6"
"2026","0014","AG","2026-03-17 17:55:00","GULF ANGEL","5,63","","https://www.marinetraffic.com/en/ais/details/ships/mmsi:304578000","COMA Y RIBAS SL","00:31","2026-03-12 23:31:00","2026-03-13","2026-03-17 16:55:00","Càrrega (Lo-Lo)","17:55","ESCAS","22C","304578000","9125059","TRDIK","Finalitzada","99,75","Dikili","Castellon de la Plana","F","6-7","82650-1","2026-03-17","2026-03-13 00:31:00","Antigua i Barbuda","COMA Y RIBAS SL","V2QY2"
"2026","0014","BZ","2026-03-05 16:33:00","SEMSA","4,66","11,3","https://www.marinetraffic.com/en/ais/details/ships/mmsi:511101884","COMA Y RIBAS SL","20:45","2026-03-02 19:45:00","2026-03-02","2026-03-05 15:33:00","Càrrega (Lo-Lo)","16:33","FRNOU","23A","511101884","9015424","GEBUS","Finalitzada","81,78","Batumi","Port-la-Nouvelle","F","3-4","82275-1","2026-03-05","2026-03-02 20:45:00","Belize","COMA Y RIBAS SL","T8A5408"
"2026","0014","KN","2026-02-06 16:08:00","MINSTREL","3,42","","https://www.marinetraffic.com/en/ais/details/ships/mmsi:341218001","COMA Y RIBAS SL","18:24","2026-02-05 17:24:00","2026-02-05","2026-02-06 15:08:00","Càrrega (Lo-Lo)","16:08","MGPSL","23A","341218001","9195561","FRLIO","Finalitzada","82,23","Lyon","Port Saint Louis","F","1-3","81551-1","2026-02-06","2026-02-05 18:24:00","Saint Christopher i Nevis","TRANSITAINER SA","V4JQ5"
"2026","0014","LR","2026-02-06 15:08:00","MUZAFFER ESENER","8,51","","https://www.marinetraffic.com/en/ais/details/ships/mmsi:636025801","COMA Y RIBAS SL","01:23","2026-02-02 00:23:00","2026-02-02","2026-02-06 14:08:00","Granelers","15:08","ESCAS","22C","636025801","9381861","ILASH","Finalitzada","168,58","Ashdod","Castellon de la Plana","F","5-8","81419-1","2026-02-06","2026-02-02 01:23:00","Libèria","COMA Y RIBAS SL","5LZF4"
"2026","0014","LV","2026-01-17 10:27:00","MOONRAY","3,7","","https://www.marinetraffic.com/en/ais/details/ships/mmsi:275488000","COMA Y RIBAS SL","15:02","2026-01-15 14:02:00","2026-01-15","2026-01-17 09:27:00","Càrrega (Lo-Lo)","10:27","FRFOS","23A","275488000","9234410","FRFOS","Finalitzada","88","Fos-sur-Mer","Fos-sur-Mer","F","2-3","81026-1","2026-01-17","2026-01-15 15:02:00","Letònia","TRANSITAINER SA","YLOU"
"2026","0014","LV","2026-01-23 15:35:00","MOONRAY","3,7","","https://www.marinetraffic.com/en/ais/details/ships/mmsi:275488000","COMA Y RIBAS SL","22:26","2026-01-22 21:26:00","2026-01-22","2026-01-23 14:35:00","Càrrega (Lo-Lo)","15:35","FRFOS","23A","275488000","9234410","FRFOS","Finalitzada","88","Fos-sur-Mer","Fos-sur-Mer","F","1-2","81214-1","2026-01-23","2026-01-22 22:26:00","Letònia","TRANSITAINER SA","YLOU"
"2026","0014","LV","2026-02-02 14:42:00","MOONRAY","3,7","","https://www.marinetraffic.com/en/ais/details/ships/mmsi:275488000","COMA Y RIBAS SL","10:59","2026-02-01 09:59:00","2026-02-01","2026-02-02 13:42:00","Càrrega (Lo-Lo)","14:42","FRLIO","23A","275488000","9234410","FRFOS","Finalitzada","88","Fos-sur-Mer","Lyon","F","2-4","81414-1","2026-02-02","2026-02-01 10:59:00","Letònia","TRANSITAINER SA","YLOU"
"2026","0014","PT","2026-01-06 02:06:00","SUA","6,28","16,5","https://www.marinetraffic.com/en/ais/details/ships/mmsi:255991000","COMA Y RIBAS SL","08:12","2026-01-04 07:12:00","2026-01-04","2026-01-06 01:06:00","Càrrega (Lo-Lo)","02:06","ESAGP","23A","255991000","9436276","ESALD","Finalitzada","119,3","Alcudia","Malaga","F","1-3","80744-1","2026-01-06","2026-01-04 08:12:00","Portugal","COMA Y RIBAS SL","CRYM"
"2026","0014","PT","2026-01-26 20:43:00","KIMBERLY C","6,63","","https://www.marinetraffic.com/en/ais/details/ships/mmsi:255806518","COMA Y RIBAS SL","15:04","2026-01-22 14:04:00","2026-01-22","2026-01-26 19:43:00","Càrrega (Lo-Lo)","20:43","ESIBZ","22C","255806518","9558050","TRGEM","Finalitzada","106,07","Gemlik","Ibiza","F","5-7","80953-1","2026-01-26","2026-01-22 15:04:00","Portugal","COMA Y RIBAS SL","CQEY3"
"2026","0014","PT","2026-02-12 18:59:00","MORAIME","6,7","","https://www.marinetraffic.com/en/ais/details/ships/mmsi:255804480","COMA Y RIBAS SL","11:31","2026-02-11 10:31:00","2026-02-11","2026-02-12 17:59:00","Càrrega (Lo-Lo)","18:59","ESCAS","23A","255804480","9423853","ESALD","Finalitzada","118","Alcudia","Castellon de la Plana","F","1-3","81609-1","2026-02-12","2026-02-11 11:31:00","Portugal","COMA Y RIBAS SL","CQSB"
"2026","0014","PT","2026-03-06 20:05:00","MEDAL","6,27","","https://www.marinetraffic.com/en/ais/details/ships/mmsi:255987000","COMA Y RIBAS SL","08:03","2026-03-06 07:03:00","2026-03-06","2026-03-06 19:05:00","Càrrega (Lo-Lo)","20:05","ESALD","22C","255987000","9397638","ESALD","Finalitzada","89,9","Alcudia","Alcudia","F","7-8","82436-1","2026-03-06","2026-03-06 08:03:00","Portugal","COMA Y RIBAS SL","CRYF"
"2026","0014","PT","2026-03-09 19:56:00","MEDAL","6,27","","https://www.marinetraffic.com/en/ais/details/ships/mmsi:255987000","COMA Y RIBAS SL","09:04","2026-03-08 08:04:00","2026-03-08","2026-03-09 18:56:00","Càrrega (Lo-Lo)","19:56","ESCAS","23A","255987000","9397638","ESALD","Finalitzada","89,9","Alcudia","Castellon de la Plana","F","3-4","82551-1","2026-03-09","2026-03-08 09:04:00","Portugal","COMA Y RIBAS SL","CRYF"
"2026","0014","VU","2026-02-12 18:13:00","DILEK","6,11","13,6","https://www.marinetraffic.com/en/ais/details/ships/mmsi:577005000","COMA Y RIBAS SL","13:01","2026-02-07 12:01:00","2026-02-07","2026-02-12 17:13:00","Càrrega (Lo-Lo)","18:13","ITOLB","22C","577005000","9169732","TRMER","Finalitzada","88,2","Mersin","Olbia","F","6-7","80901-1","2026-02-12","2026-02-07 13:01:00","Vanuatu","COMA Y RIBAS SL","YJWR3"
"2026","003653","MT","2026-01-13 04:39:00","CGAS LION","7,06","","https://www.marinetraffic.com/en/ais/details/ships/mmsi:249230000","PRIMAGAS ENERGIA SA","14:10","2026-01-12 13:10:00","2026-01-12","2026-01-13 03:39:00","Petroliers","04:39","FRLAV","32A","249230000","9578036","FRLAV","Finalitzada","99,9","Lavera","Lavera","F","1","80690-1","2026-01-13","2026-01-12 14:10:00","Malta","IBERICA MARITIMA BARCELONA SA","9HA6180"
"2026","003653","MT","2026-01-28 14:57:00","CGAS LION","7,06","","https://www.marinetraffic.com/en/ais/details/ships/mmsi:249230000","PRIMAGAS ENERGIA SA","00:18","2026-01-27 23:18:00","2026-01-28","2026-01-28 13:57:00","Petroliers","14:57","FRLAV","32A","249230000","9578036","FRLAV","Finalitzada","99,9","Lavera","Lavera","F","1","81150-1","2026-01-28","2026-01-28 00:18:00","Malta","IBERICA MARITIMA BARCELONA SA","9HA6180"
"2026","003653","MT","2026-02-16 13:19:00","CGAS LION","7,06","17,41","https://www.marinetraffic.com/en/ais/details/ships/mmsi:249230000","PRIMAGAS ENERGIA SA","21:17","2026-02-15 20:17:00","2026-02-15","2026-02-16 12:19:00","Petroliers","13:19","FRLAV","32A","249230000","9578036","FRLAV","Finalitzada","99,9","Lavera","Lavera","F","1","81923-1","2026-02-16","2026-02-15 21:17:00","Malta","IBERICA MARITIMA BARCELONA SA","9HA6180"
"2026","003653","MT","2026-03-13 04:06:00","CGAS LION","7,06","17,41","https://www.marinetraffic.com/en/ais/details/ships/mmsi:249230000","PRIMAGAS ENERGIA SA","09:23","2026-03-12 08:23:00","2026-03-12","2026-03-13 03:06:00","Petroliers","04:06","FRLAV","32A","249230000","9578036","FRLAV","Finalitzada","99,9","Lavera","Lavera","F","1","82502-1","2026-03-13","2026-03-12 09:23:00","Malta","IBERICA MARITIMA BARCELONA SA","9HA6180"
"2026","0050","AG","2026-02-04 23:55:00","NINA BRES","5,3","12,5","https://www.marinetraffic.com/en/ais/details/ships/mmsi:304244000","TRAFICO DE MERCANCIAS SA","14:47","2026-02-03 13:47:00","2026-02-03","2026-02-04 22:55:00","Càrrega (Lo-Lo)","23:55","IEFOV","26A","304244000","9394260","MAAGA","Finalitzada","87,9","Agadir","Foynes","F","18-19","81531-1","2026-02-04","2026-02-03 14:47:00","Antigua i Barbuda","ERSHIP SA","V2HC5"
"2026","0050","AG","2026-02-09 12:47:00","HAV MARLIN","4,64","","https://www.marinetraffic.com/en/ais/details/ships/mmsi:304734000","TRAFICO DE MERCANCIAS SA","14:43","2026-02-07 13:43:00","2026-02-07","2026-02-09 11:47:00","Càrrega (Lo-Lo)","12:47","NLMOE","26A","304734000","9006954","ITSAL","Finalitzada","88,16","Salerno","Moerdijk","F","14-15","81616-1","2026-02-09","2026-02-07 14:43:00","Antigua i Barbuda","ERSHIP SA","V2QU9"
"2026","0050","BB","2026-01-16 20:39:00","BC INTEGRITY","10,37","31,6","https://www.marinetraffic.com/en/ais/details/ships/mmsi:314001142","TRAFICO DE MERCANCIAS SA","17:33","2026-01-12 16:33:00","2026-01-12","2026-01-16 19:39:00","Càrrega (Lo-Lo)","20:39","PLGDN","26A","314001142","1021300","TNGAE","Finalitzada","182,9","Gabes","Gdansk","F","14-17","80902-1","2026-01-16","2026-01-12 17:33:00","Barbados","ERSHIP SA","8PZY5"
"2026","0050","BB","2026-02-06 14:19:00","WILSON HOLLA","6,21","","https://www.marinetraffic.com/en/ais/details/ships/mmsi:314455000","TRAFICO DE MERCANCIAS SA","09:29","2026-02-05 08:29:00","2026-02-05","2026-02-06 13:19:00","Càrrega (Lo-Lo)","14:19","PTSET","26A","314455000","9229130","FRNOU","Finalitzada","89,25","Port-la-Nouvelle","Setubal","F","19-20","81561-1","2026-02-06","2026-02-05 09:29:00","Barbados","ERSHIP SA","8PAO7"
"2026","0050","CY","2026-02-11 00:33:00","FRI LIEPAJA","6,1","","https://www.marinetraffic.com/en/ais/details/ships/mmsi:212802000","TRAFICO DE MERCANCIAS SA","17:30","2026-02-09 16:30:00","2026-02-09","2026-02-10 23:33:00","Càrrega (Lo-Lo)","00:33","GBTEE","26A","212802000","9344514","ESCAR","Finalitzada","89,99","Cartagena","Teesport","F","19-20","81617-1","2026-02-11","2026-02-09 17:30:00","Xipre","BERGE MARITIMA SL","5BTL6"
"2026","0050","IE","2026-02-09 15:52:00","ARKLOW FALCON","6,27","","https://www.marinetraffic.com/en/ais/details/ships/mmsi:250002033","TRAFICO DE MERCANCIAS SA","13:58","2026-02-07 12:58:00","2026-02-07","2026-02-09 14:52:00","Càrrega (Lo-Lo)","15:52","FRBAY","26A","250002033","9527659","ESCAS","Finalitzada","89,95","Castellon de la Plana","Bayonne","F","19-20","81635-1","2026-02-09","2026-02-07 13:58:00","Irlanda","ERSHIP SA","EIJB8"
"2026","0050","KN","2026-01-27 12:55:00","MINSTREL","3,42","","https://www.marinetraffic.com/en/ais/details/ships/mmsi:341218001","TRAFICO DE MERCANCIAS SA","00:40","2026-01-26 23:40:00","2026-01-27","2026-01-27 11:55:00","Càrrega (Lo-Lo)","12:55","FRFOS","26A","341218001","9195561","ESPAL","Finalitzada","82,23","Palamos","Fos-sur-Mer","F","18-19","81248-1","2026-01-27","2026-01-27 00:40:00","Saint Christopher i Nevis","TRANSITAINER SA","V4JQ5"
"2026","0050","LV","2026-01-26 12:21:00","MOONRAY","3,7","","https://www.marinetraffic.com/en/ais/details/ships/mmsi:275488000","TRAFICO DE MERCANCIAS SA","15:36","2026-01-23 14:36:00","2026-01-23","2026-01-26 11:21:00","Càrrega (Lo-Lo)","12:21","FRFOS","26A","275488000","9234410","FRFOS","Finalitzada","88","Fos-sur-Mer","Fos-sur-Mer","F","18-19","81214-2","2026-01-26","2026-01-23 15:36:00","Letònia","TRANSITAINER SA","YLOU"
"2026","0050","LV","2026-02-11 13:20:00","MOONRAY","3,7","","https://www.marinetraffic.com/en/ais/details/ships/mmsi:275488000","TRAFICO DE MERCANCIAS SA","19:47","2026-02-10 18:47:00","2026-02-10","2026-02-11 12:20:00","Càrrega (Lo-Lo)","13:20","FRFOS","26A","275488000","9234410","FRTLN","Finalitzada","88","Toulon","Fos-sur-Mer","F","14-15","81556-1","2026-02-11","2026-02-10 19:47:00","Letònia","TRANSITAINER SA","YLOU"
"2026","0050","MH","2026-02-26 17:40:00","SHAMAN WISDOM","10,8","","https://www.marinetraffic.com/en/ais/details/ships/mmsi:538009284","TRAFICO DE MERCANCIAS SA","12:02","2026-02-20 11:02:00","2026-02-20","2026-02-26 16:40:00","Granelers","17:40","FRURO","26A","538009284","9563407","DZAZW","Finalitzada","179,9","Arzew","Rouen","F","13-16","82137-1","2026-02-26","2026-02-20 12:02:00","Illes Marshall","ERSHIP SA","V7A4544"
"2026","0050","NL","2026-01-08 15:20:00","DONGEBORG","7,12","15,85","https://www.marinetraffic.com/en/ais/details/ships/mmsi:245413000","TRAFICO DE MERCANCIAS SA","01:04","2026-01-06 00:04:00","2026-01-06","2026-01-08 14:20:00","Càrrega (Lo-Lo)","15:20","PTAVE","26A","245413000","9163697","DZTEN","Finalitzada","133,39","Tenes","Aveiro","F","15-17","80763-1","2026-01-08","2026-01-06 01:04:00","Països Baixos","ERSHIP SA","PCGD"
"2026","0050","NL","2026-02-07 00:15:00","FRISIAN INO","4,15","","https://www.marinetraffic.com/en/ais/details/ships/mmsi:246807000","TRAFICO DE MERCANCIAS SA","11:35","2026-02-06 10:35:00","2026-02-06","2026-02-06 23:15:00","Càrrega (Lo-Lo)","00:15","NLMOE","26A","246807000","9463877","TRNEM","Finalitzada","87,5","Nemrut Bay","Moerdijk","F","14-15","81608-1","2026-02-07","2026-02-06 11:35:00","Països Baixos","ERSHIP SA","PCPQ"
"2026","0050","NL","2026-02-10 16:26:00","PERFECT","6,08","","https://www.marinetraffic.com/en/ais/details/ships/mmsi:244058000","TRAFICO DE MERCANCIAS SA","13:52","2026-02-09 12:52:00","2026-02-09","2026-02-10 15:26:00","Càrrega (Lo-Lo)","16:26","DEBRE","26A","244058000","9371854","ITPIO","Finalitzada","118,4","Piombino","Bremen","F","14-16","81634-1","2026-02-10","2026-02-09 13:52:00","Països Baixos","ERSHIP SA","PBTA"
"2026","0050","NL","2026-02-16 17:07:00","VERTOM CYTA","6,23","14,3","https://www.marinetraffic.com/en/ais/details/ships/mmsi:244928000","TRAFICO DE MERCANCIAS SA","01:55","2026-02-11 00:55:00","2026-02-11","2026-02-16 16:07:00","Càrrega (Lo-Lo)","17:07","NOGLO","26A","244928000","9938731","ESSAG","Finalitzada","118,6","Sagunto","Glomfjord","F","18-20","81692-1","2026-02-16","2026-02-11 01:55:00","Països Baixos","ERSHIP SA","PFSI"
"2026","0050","NL","2026-02-23 19:23:00","VERTOM PATTY","6,23","","https://www.marinetraffic.com/en/ais/details/ships/mmsi:246360000","TRAFICO DE MERCANCIAS SA","13:15","2026-02-21 12:15:00","2026-02-21","2026-02-23 18:23:00","Càrrega (Lo-Lo)","19:23","DEBRE","26A","246360000","9938729","ESSAG","Finalitzada","118,6","Sagunto","Bremen","F","18-20","82208-1","2026-02-23","2026-02-21 13:15:00","Països Baixos","ERSHIP SA","PEXL"
"2026","0050","NL","2026-03-04 23:32:00","VERTOM JOYCE","6,23","","https://www.marinetraffic.com/en/ais/details/ships/mmsi:244549000","TRAFICO DE MERCANCIAS SA","21:16","2026-03-03 20:16:00","2026-03-03","2026-03-04 22:32:00","Càrrega (Lo-Lo)","23:32","NOGLO","26A","244549000","9993365","FRNOU","Finalitzada","118,6","Port-la-Nouvelle","Glomfjord","F","18-20","82417-1","2026-03-04","2026-03-03 21:16:00","Països Baixos","ERSHIP SA","PDED"
"2026","0050","NO","2026-01-27 10:32:00","WILSON SAGA","6,69","","https://www.marinetraffic.com/en/ais/details/ships/mmsi:257077520","TRAFICO DE MERCANCIAS SA","12:42","2026-01-24 11:42:00","2026-01-24","2026-01-27 09:32:00","Càrrega (Lo-Lo)","10:32","NLAMS","26A","257077520","8918461","MANDR","Finalitzada","112,7","Nador","Amsterdam","F","14-16","81124-1","2026-01-27","2026-01-24 12:42:00","Noruega","ERSHIP SA","LAII8"
"2026","0050","NO","2026-03-12 14:34:00","WILSON SKY","5,64","","https://www.marinetraffic.com/en/ais/details/ships/mmsi:257077480","TRAFICO DE MERCANCIAS SA","06:55","2026-03-11 05:55:00","2026-03-11","2026-03-12 13:34:00","Càrrega (Lo-Lo)","14:34","ITQOS","26A","257077480","9017393","ESSAG","Finalitzada","89,9","Sagunto","Oristano","F","14-15","82626-1","2026-03-12","2026-03-11 06:55:00","Noruega","ERSHIP SA","LAIJ8"
"2026","0050","PA","2026-02-27 17:41:00","TURGUT SAHIN","6,17","","https://www.marinetraffic.com/en/ais/details/ships/mmsi:372046000","TRAFICO DE MERCANCIAS SA","20:27","2026-02-26 19:27:00","2026-02-26","2026-02-27 16:41:00","Càrrega (Lo-Lo)","17:41","PTSET","26A","372046000","9135858","ESTAR","Finalitzada","91","Tarragona","Setubal","F","19-20","82302-1","2026-02-27","2026-02-26 20:27:00","Panamà","ERSHIP SA","3EGZ4"
"2026","0050","PA","2026-03-02 23:28:00","LOIRE RIVER","5,06","16,5","https://www.marinetraffic.com/en/ais/details/ships/mmsi:353729000","TRAFICO DE MERCANCIAS SA","12:59","2026-02-28 11:59:00","2026-02-28","2026-03-02 22:28:00","Càrrega (Lo-Lo)","23:28","ITSVN","26A","353729000","9368584","FRSET","Finalitzada","121,7","Sete","Savona","F","14-16","82342-1","2026-03-02","2026-02-28 12:59:00","Panamà","ERSHIP SA","3FVH7"
"2026","0050","PT","2026-01-28 15:45:00","BALTIC STEEL","5,49","","https://www.marinetraffic.com/en/ais/details/ships/mmsi:255915583","TRAFICO DE MERCANCIAS SA","12:18","2026-01-27 11:18:00","2026-01-27","2026-01-28 14:45:00","Càrrega (Lo-Lo)","15:45","NLMOE","26A","255915583","9954008","ITVSO","Finalitzada","89,75","Vasto","Moerdijk","F","14-15","81303-1","2026-01-28","2026-01-27 12:18:00","Portugal","ERSHIP SA","CQ2041"
"2026","0050","PT","2026-02-17 14:50:00","SKY WISH","6,55","15,2","https://www.marinetraffic.com/en/ais/details/ships/mmsi:255915821","TRAFICO DE MERCANCIAS SA","12:31","2026-02-14 11:31:00","2026-02-14","2026-02-17 13:50:00","Càrrega (Lo-Lo)","14:50","ESSVQ","26A","255915821","9976305","MACAS","Finalitzada","86,6","Casablanca","Sevilla","F","14-15","81755-1","2026-02-17","2026-02-14 12:31:00","Portugal","ERSHIP SA","CQ2279"
"2026","0050","PW","2026-03-04 16:53:00","EZMOCE","6,09","","https://www.marinetraffic.com/en/ais/details/ships/mmsi:511101077","TRAFICO DE MERCANCIAS SA","20:51","2026-03-03 19:51:00","2026-03-03","2026-03-04 15:53:00","Càrrega (Lo-Lo)","16:53","ITBLT","26A","511101077","9124873","ITQOS","Finalitzada","86","Oristano","Barletta","F","14-15","82501-1","2026-03-04","2026-03-03 20:51:00","Palau","ERSHIP SA","T8A4321"
"2026","0050","TR","2026-03-16 18:32:00","DONAU EKSPRES II","5,84","","https://www.marinetraffic.com/en/ais/details/ships/mmsi:271043190","TRAFICO DE MERCANCIAS SA","13:46","2026-03-15 12:46:00","2026-03-15","2026-03-16 17:32:00","Càrrega (Lo-Lo)","18:32","IEFOV","26A","271043190","9598804","DZBJA","Finalitzada","97,18","Bejaia (ex Bougie)","Foynes","F","14-15","82740-1","2026-03-16","2026-03-15 13:46:00","Turquia","ERSHIP SA","TCUR7"
"2026","172133","IM","2026-02-16 06:49:00","MAGIC STRIKER","15","","https://www.marinetraffic.com/en/ais/details/ships/mmsi:232041699","ELIAN BARCELONA SL","17:56","2026-02-07 16:56:00","2026-02-07","2026-02-16 05:49:00","Granelers","06:49","GIGIB","26A","232041699","9493664","USBTR","Finalitzada","190","Baton Rouge","Gibraltar","F","8-12","81296-1","2026-02-16","2026-02-07 17:56:00","Illa de Man","H JOSE M  MASIQUES SA","MLJQ9"
"2026","172133","LV","2026-02-07 16:07:00","JONGLEUR","6,55","15,2","https://www.marinetraffic.com/en/ais/details/ships/mmsi:275559000","ELIAN BARCELONA SL","01:51","2026-01-30 00:51:00","2026-01-30","2026-02-07 15:07:00","Càrrega (Lo-Lo)","16:07","DEBKE","26A","275559000","9976329","ITVCE","Finalitzada","86,57","Venezia","Brake","F","10-12","81316-1","2026-02-07","2026-01-30 01:51:00","Letònia","H JOSE M  MASIQUES SA","YLSP"
"2026","172133","MH","2026-03-05 19:04:00","IONIC SMYRNI","11,6","","https://www.marinetraffic.com/en/ais/details/ships/mmsi:538005056","ELIAN BARCELONA SL","14:40","2026-02-18 13:40:00","2026-02-18","2026-03-05 18:04:00","Granelers","19:04","GIGIB","26A","538005056","9638070","BRSTM","Finalitzada","190","Santarem","Gibraltar","F","8-12","81615-1","2026-03-05","2026-02-18 14:40:00","Illes Marshall","H JOSE M  MASIQUES SA","V7AR8"
"2026","172133","VU","2026-03-10 03:36:00","GERD","5,6","","https://www.marinetraffic.com/en/ais/details/ships/mmsi:577414000","ELIAN BARCELONA SL","02:21","2026-03-06 01:21:00","2026-03-06","2026-03-10 02:36:00","Càrrega (Lo-Lo)","03:36","ITRAN","26A","577414000","9052707","ESVLC","Finalitzada","88,94","Valencia","Ravenna","F","10-12","82515-1","2026-03-10","2026-03-06 02:21:00","Vanuatu","H JOSE M  MASIQUES SA","YJWL3"
"2026","199896","BS","2026-03-02 13:07:00","TRANS TIND","8,81","","https://www.marinetraffic.com/en/ais/details/ships/mmsi:311001289","MILADERTO SL","13:30","2026-03-01 12:30:00","2026-03-01","2026-03-02 12:07:00","Tancs","13:07","ZZZZZ","32C","311001289","9594054","ITGOA","Finalitzada","134,16","Genoa","Desconegut","F","1","82387-1","2026-03-02","2026-03-01 13:30:00","Bahames","IBERICA MARITIMA BARCELONA SA","C6GM7"
"2026","199896","DE","2026-02-21 20:47:00","SEATROUT","11","32,2","https://www.marinetraffic.com/en/ais/details/ships/mmsi:211881000","MILADERTO SL","17:56","2026-02-20 16:56:00","2026-02-20","2026-02-21 19:47:00","Tancs","20:47","ESALG","34B","211881000","9352303","ESCAR","Finalitzada","188,33","Cartagena","Algeciras","F","1","81824-1","2026-02-21","2026-02-20 17:56:00","Alemanya","ALFASHIP MARITIME SERVICES SL ","DDPN"
"2026","199896","HK","2026-01-20 20:55:00","SC VIRGO","11,11","","https://www.marinetraffic.com/en/ais/details/ships/mmsi:477150200","MILADERTO SL","17:56","2026-01-19 16:56:00","2026-01-19","2026-01-20 19:55:00","Tancs","20:55","BEANR","32C","477150200","9801093","ITLIV","Finalitzada","182,8","Livorno","Anvers","F","1","81082-1","2026-01-20","2026-01-19 17:56:00","Hong Kong","IBERICA MARITIMA BARCELONA SA","VRRJ3"
"2026","199896","HK","2026-02-23 03:06:00","SC DRACO","11,12","32","https://www.marinetraffic.com/en/ais/details/ships/mmsi:477439800","MILADERTO SL","04:53","2026-02-22 03:53:00","2026-02-22","2026-02-23 02:06:00","Tancs","03:06","EGSUZ","32C","477439800","9752022","ITLIV","Finalitzada","182,8","Livorno","El Suweis (= Suez)","F","1","82132-2","2026-02-23","2026-02-22 04:53:00","Hong Kong","IBERICA MARITIMA BARCELONA SA","VRQF3"
"2026","199896","MH","2026-01-24 23:34:00","NOLDE","15","","https://www.marinetraffic.com/en/ais/details/ships/mmsi:538009968","MILADERTO SL","16:25","2026-01-21 15:25:00","2026-01-21","2026-01-24 22:34:00","Petroliers","23:34","GRPIR","34B","538009968","9787924","MTMLA","Finalitzada","249,9","Malta (Valetta)","Piraeus","F","1","81083-1","2026-01-24","2026-01-21 16:25:00","Illes Marshall","ERHARDT SHIPPING SERVICES SL","V7A5405"
"2026","199896","MH","2026-02-15 06:56:00","ARDMORE PURSUIT","13,31","","https://www.marinetraffic.com/en/ais/details/ships/mmsi:538009233","MILADERTO SL","09:49","2026-02-13 08:49:00","2026-02-13","2026-02-15 05:56:00","Tancs","06:56","ESALG","34B","538009233","9732931","USBTR","Finalitzada","183","Baton Rouge","Algeciras","F","1","81707-1","2026-02-15","2026-02-13 09:49:00","Illes Marshall","INCHCAPE SHIPPING SERVICIOS ESPAÑA SA","V7A4485"
"2026","199896","MT","2026-02-28 15:21:00","NQ TULIPA","7,61","18,7","https://www.marinetraffic.com/en/ais/details/ships/mmsi:249502000","MILADERTO SL","01:32","2026-02-28 00:32:00","2026-02-28","2026-02-28 14:21:00","Tancs","15:21","ZZZZZ","32C","249502000","9312406","ESAVS","Finalitzada","115,5","Aviles","Desconegut","F","1","82139-2","2026-02-28","2026-02-28 01:32:00","Malta","IBERICA MARITIMA BARCELONA SA","9HA4269"
"2026","199896","MT","2026-03-14 10:55:00","HISTRIA NARVI","11,11","32,26","https://www.marinetraffic.com/en/ais/details/ships/mmsi:256945000","MILADERTO SL","17:04","2026-03-12 16:04:00","2026-03-12","2026-03-14 09:55:00","Tancs","10:55","ITPFX","34B","256945000","9800829","EGEDK","Finalitzada","180","El Dekheila","Porto Foxi (Sarroch)","F","1","82635-1","2026-03-14","2026-03-12 17:04:00","Malta","ALFASHIP MARITIME SERVICES SL ","9HA6033"
"2026","2252","BB","2026-03-14 08:38:00","GRIFFIN T","8,31","19,2","https://www.marinetraffic.com/en/ais/details/ships/mmsi:314807000","RECEPTORA DE LIQUIDOS SA","21:04","2026-03-11 20:04:00","2026-03-11","2026-03-14 07:38:00","Tancs","08:38","TRYAL","32E","314807000","9390537","COBAQ","Finalitzada","121,4","Barranquilla","Yalova","F","1","82498-3","2026-03-14","2026-03-11 21:04:00","Barbados","IBERICA MARITIMA BARCELONA SA","8PTO9"
"2026","2252","DK","2026-01-17 23:32:00","ORASUND","6,3","","https://www.marinetraffic.com/en/ais/details/ships/mmsi:220514000","RECEPTORA DE LIQUIDOS SA","21:45","2026-01-16 20:45:00","2026-01-16","2026-01-17 22:32:00","Tancs","23:32","ZZZZZ","32E","220514000","9336701","FRBOD","Finalitzada","106,2","Bordeaux","Desconegut","F","1","80912-1","2026-01-17","2026-01-16 21:45:00","Dinamarca","IBERICA MARITIMA BARCELONA SA","OXBU2"
"2026","2252","GI","2026-02-14 01:35:00","KEY BREEZE","6,2","14,2","https://www.marinetraffic.com/en/ais/details/ships/mmsi:236111791","RECEPTORA DE LIQUIDOS SA","23:46","2026-02-12 22:46:00","2026-02-12","2026-02-14 00:35:00","Tancs","01:35","MRNDB","32C","236111791","9344265","NLRTM","Finalitzada","96","Rotterdam","Nouadhibou","F","1","81728-1","2026-02-14","2026-02-12 23:46:00","Gibraltar","IBERICA MARITIMA BARCELONA SA","ZDKS2"
"2026","2252","IT","2026-01-28 10:29:00","LUCA IEVOLI","6,45","","https://www.marinetraffic.com/en/ais/details/ships/mmsi:247069600","RECEPTORA DE LIQUIDOS SA","09:57","2026-01-27 08:57:00","2026-01-27","2026-01-28 09:29:00","Tancs","10:29","ITLIV","32G","247069600","9250086","FRFOS","Finalitzada","99,9","Fos-sur-Mer","Livorno","F","1","81307-1","2026-01-28","2026-01-27 09:57:00","Itàlia","IBERICA MARITIMA BARCELONA SA","IBFD"
"2026","2252","IT","2026-02-14 20:13:00","LUCA IEVOLI","6,45","","https://www.marinetraffic.com/en/ais/details/ships/mmsi:247069600","RECEPTORA DE LIQUIDOS SA","16:42","2026-02-13 15:42:00","2026-02-13","2026-02-14 19:13:00","Tancs","20:13","FRLAV","32E","247069600","9250086","FRLAV","Finalitzada","99,9","Lavera","Lavera","F","1","81742-1","2026-02-14","2026-02-13 16:42:00","Itàlia","IBERICA MARITIMA BARCELONA SA","IBFD"
"2026","2252","LR","2026-02-15 20:51:00","XT SEA LION","10,2","27","https://www.marinetraffic.com/en/ais/details/ships/mmsi:636025467","RECEPTORA DE LIQUIDOS SA","02:05","2026-02-15 01:05:00","2026-02-15","2026-02-15 19:51:00","Tancs","20:51","ITRAN","32D","636025467","1042378","MAAGA","Finalitzada","158,98","Agadir","Ravenna","F","1","81542-1","2026-02-15","2026-02-15 02:05:00","Libèria","ALFASHIP MARITIME SERVICES SL ","5LXP5"
"2026","2252","LR","2026-02-18 13:03:00","XT SEA LION","10,2","27","https://www.marinetraffic.com/en/ais/details/ships/mmsi:636025467","RECEPTORA DE LIQUIDOS SA","20:52","2026-02-15 19:52:00","2026-02-15","2026-02-18 12:03:00","Tancs","13:03","ITRAN","32E","636025467","1042378","MAAGA","Finalitzada","158,98","Agadir","Ravenna","F","1","81542-2","2026-02-18","2026-02-15 20:52:00","Libèria","ALFASHIP MARITIME SERVICES SL ","5LXP5"
"2026","2252","LR","2026-02-24 02:35:00","WAN CHENG","12,18","32,2","https://www.marinetraffic.com/en/ais/details/ships/mmsi:311001843","RECEPTORA DE LIQUIDOS SA","18:36","2026-02-18 17:36:00","2026-02-18","2026-02-24 01:35:00","Tancs","02:35","RUSAK","32E","311001843","9234587","GRPSA","Finalitzada","182,9","Psakhna","Aleksandrovsk-Sakhalinskiy         ","F","1","81791-1","2026-02-24","2026-02-18 18:36:00","Libèria","IBERICA MARITIMA BARCELONA SA","C6JC9"
"2026","2252","LR","2026-03-03 12:10:00","AHINOS","13,5","","https://www.marinetraffic.com/en/ais/details/ships/mmsi:636024537","RECEPTORA DE LIQUIDOS SA","15:19","2026-03-02 14:19:00","2026-03-02","2026-03-03 11:10:00","Tancs","12:10","GRGPA","32C","636024537","9328144","ESTAR","Finalitzada","183,2","Tarragona","Patras","F","1","82287-1","2026-03-03","2026-03-02 15:19:00","Libèria","IBERICA MARITIMA BARCELONA SA","5LTB8"
"2026","2252","LR","2026-03-09 03:40:00","MUBARIZ IBRAHIMOV","4,6","","https://www.marinetraffic.com/en/ais/details/ships/mmsi:636093062","RECEPTORA DE LIQUIDOS SA","04:53","2026-03-08 03:53:00","2026-03-08","2026-03-09 02:40:00","Tancs","03:40","ZZZZZ","32E","636093062","9575292","FRMRS","Finalitzada","139,95","Marseille","Desconegut","F","1","82294-1","2026-03-09","2026-03-08 04:53:00","Libèria","IBERICA MARITIMA BARCELONA SA","5LDU3"
"2026","2252","MH","2026-01-19 06:15:00","TONDA","10,6","","https://www.marinetraffic.com/en/ais/details/ships/mmsi:538009156","RECEPTORA DE LIQUIDOS SA","02:03","2026-01-18 01:03:00","2026-01-18","2026-01-19 05:15:00","Tancs","06:15","ESTAR","32E","538009156","9274654","EGSUZ","Finalitzada","185,6","El Suweis (= Suez)","Tarragona","F","1","80836-1","2026-01-19","2026-01-18 02:03:00","Illes Marshall","IBERICA MARITIMA BARCELONA SA","V7A4391"
"2026","2252","MT","2026-01-28 06:35:00","EUROTRADER","13,28","32,2","https://www.marinetraffic.com/en/ais/details/ships/mmsi:215935000","RECEPTORA DE LIQUIDOS SA","00:10","2026-01-25 23:10:00","2026-01-26","2026-01-28 05:35:00","Tancs","06:35","NLRTM","32C","215935000","9895927","HNPCR","Finalitzada","183,06","Puerto Cortes","Rotterdam","F","1","81086-1","2026-01-28","2026-01-26 00:10:00","Malta","ALFASHIP MARITIME SERVICES SL ","9HA5375"
"2026","2252","MT","2026-02-16 11:52:00","SAMU","8,7","21,7","https://www.marinetraffic.com/en/ais/details/ships/mmsi:248533000","RECEPTORA DE LIQUIDOS SA","22:04","2026-02-15 21:04:00","2026-02-15","2026-02-16 10:52:00","Tancs","11:52","FRLAV","32G","248533000","9458054","ESBCN","Finalitzada","142,98","Barcelona","Lavera","F","1","81703-2","2026-02-16","2026-02-15 22:04:00","Malta","MH BLAND SL","9HA2401"
"2026","2252","MT","2026-02-27 15:51:00","DENSA DERYA","6,86","","https://www.marinetraffic.com/en/ais/details/ships/mmsi:229259000","RECEPTORA DE LIQUIDOS SA","04:42","2026-02-26 03:42:00","2026-02-26","2026-02-27 14:51:00","Tancs","15:51","TNSFA","32E","229259000","9367358","FRSET","Finalitzada","122,66","Sete","Sfax","F","1","82181-1","2026-02-27","2026-02-26 04:42:00","Malta","IBERICA MARITIMA BARCELONA SA","9HA5428"
"2026","2252","MT","2026-03-11 20:00:00","BOMAR MARS","6,58","","https://www.marinetraffic.com/en/ais/details/ships/mmsi:256784000","RECEPTORA DE LIQUIDOS SA","23:05","2026-03-10 22:05:00","2026-03-10","2026-03-11 19:00:00","Tancs","20:00","MAAGA","32E","256784000","9377030","ESBCN","Finalitzada","107,34","Barcelona","Agadir","F","1","82633-1","2026-03-11","2026-03-10 23:05:00","Malta","IBERICA MARITIMA BARCELONA SA","9HCM9"
"2026","2252","NO","2026-03-09 17:47:00","EKFJORD","9","23","https://www.marinetraffic.com/en/ais/details/ships/mmsi:257555000","RECEPTORA DE LIQUIDOS SA","03:58","2026-03-09 02:58:00","2026-03-09","2026-03-09 16:47:00","Tancs","17:47","FRMRS","32G","257555000","9356622","BEANR","Finalitzada","144,05","Anvers","Marseille","F","1","82486-2","2026-03-09","2026-03-09 03:58:00","Noruega","IBERICA MARITIMA BARCELONA SA","LAJX7"
"2026","2252","PA","2026-02-22 01:32:00","VEYSEL VARDAL","5,4","","https://www.marinetraffic.com/en/ais/details/ships/mmsi:352001336","RECEPTORA DE LIQUIDOS SA","16:51","2026-02-20 15:51:00","2026-02-20","2026-02-22 00:32:00","Tancs","01:32","ZZZZZ","32C","352001336","9079303","UAILK","Finalitzada","84,35","Chornomorsk","Desconegut","F","1","81713-1","2026-02-22","2026-02-20 16:51:00","Panamà","ALFASHIP MARITIME SERVICES SL ","TCHV"
"2026","2252","PA","2026-03-04 22:53:00","BARBAROS HAYRETTIN VARDAL","6,29","","https://www.marinetraffic.com/en/ais/details/ships/mmsi:352002015","RECEPTORA DE LIQUIDOS SA","04:13","2026-03-04 03:13:00","2026-03-04","2026-03-04 21:53:00","Tancs","22:53","ESSVQ","32G","352002015","9282675","FRLAV","Finalitzada","105,5","Lavera","Sevilla","F","1","82480-1","2026-03-04","2026-03-04 04:13:00","Panamà","IBERICA MARITIMA BARCELONA SA","3E2183"
"2026","2252","PA","2026-03-07 02:59:00","RAVYA","8,62","20,8","https://www.marinetraffic.com/en/ais/details/ships/mmsi:352003053","RECEPTORA DE LIQUIDOS SA","20:39","2026-02-27 19:39:00","2026-02-27","2026-03-07 01:59:00","Tancs","02:59","TRTUZ","32E","352003053","9526708","EGSUZ","Finalitzada","142,6","El Suweis (= Suez)","Tuzla","F","1","81245-3","2026-03-07","2026-02-27 20:39:00","Panamà","IBERICA MARITIMA BARCELONA SA","3E6601"
"2026","2252","PH","2026-03-10 03:59:00","EVA PEARL","9,72","23,7","https://www.marinetraffic.com/en/ais/details/ships/mmsi:548748000","RECEPTORA DE LIQUIDOS SA","09:36","2026-03-07 08:36:00","2026-03-07","2026-03-10 02:59:00","Tancs","03:59","ZZZZZ","32C","548748000","9985992","COCTG","Finalitzada","145,53","Cartagena","Desconegut","F","1","82264-1","2026-03-10","2026-03-07 09:36:00","Filipines","ALFASHIP MARITIME SERVICES SL ","DYOX"
"2026","2252","PT","2026-02-19 10:50:00","MUT OZT","6,86","","https://www.marinetraffic.com/en/ais/details/ships/mmsi:255915716","RECEPTORA DE LIQUIDOS SA","03:50","2026-02-18 02:50:00","2026-02-18","2026-02-19 09:50:00","Tancs","10:50","ESCAR","32C","255915716","9382114","ROGAL","Finalitzada","120,98","Galati","Cartagena","F","1","81715-1","2026-02-19","2026-02-18 03:50:00","Portugal","ALFASHIP MARITIME SERVICES SL ","CQ2174"
"2026","2252","SG","2026-02-24 21:57:00","GINGA MERLIN","9,78","","https://www.marinetraffic.com/en/ais/details/ships/mmsi:564580000","RECEPTORA DE LIQUIDOS SA","16:54","2026-02-23 15:54:00","2026-02-23","2026-02-24 20:57:00","Tancs","21:57","TNSFA","32G","564580000","9254252","ESCRS","Finalitzada","147,83","Carboneras","Sfax","F","1","81606-1","2026-02-24","2026-02-23 16:54:00","Singapur","IBERICA MARITIMA BARCELONA SA","9V2695"
"2026","2252","SG","2026-03-08 03:24:00","MTM VANCOUVER","10,17","24,6","https://www.marinetraffic.com/en/ais/details/ships/mmsi:563090600","RECEPTORA DE LIQUIDOS SA","04:53","2026-03-07 03:53:00","2026-03-07","2026-03-08 02:24:00","Tancs","03:24","NLRTM","32E","563090600","9867607","IDDUM","Finalitzada","149,93","Dumai, Sumatra","Rotterdam","F","1","82283-1","2026-03-08","2026-03-07 04:53:00","Singapur","IBERICA MARITIMA BARCELONA SA","9V6014"
"2026","2252","TR","2026-02-05 17:27:00","ERDEK","7,76","","https://www.marinetraffic.com/en/ais/details/ships/mmsi:271049599","RECEPTORA DE LIQUIDOS SA","10:54","2026-02-04 09:54:00","2026-02-04","2026-02-05 16:27:00","Tancs","17:27","ESSVQ","32C","271049599","9175767","ROCND","Finalitzada","125","Constanta","Sevilla","F","1","81462-1","2026-02-05","2026-02-04 10:54:00","Turquia","ALFASHIP MARITIME SERVICES SL ","TCA6723"
"2026","2252","TV","2026-01-27 11:15:00","BEGONIA","9,93","","https://www.marinetraffic.com/en/ais/details/ships/mmsi:572572220","RECEPTORA DE LIQUIDOS SA","10:15","2026-01-26 09:15:00","2026-01-26","2026-01-27 10:15:00","Tancs","11:15","ESVGO","32E","572572220","9287297","EGSUZ","Finalitzada","145,53","El Suweis (= Suez)","Vigo","F","1","81174-1","2026-01-27","2026-01-26 10:15:00","Tuvalu","IBERICA MARITIMA BARCELONA SA","T2WL5"
"2026","2256","LR","2026-02-08 16:17:00","SUDETY","14,43","","https://www.marinetraffic.com/en/ais/details/ships/mmsi:636015816","ERGRANSA SA","10:24","2026-01-30 09:24:00","2026-01-30","2026-02-08 15:17:00","Granelers","16:17","ZZZZZ","22B","636015816","9582518","ESCAR","Finalitzada","228,99","Cartagena","Desconegut","F","1-5","81322-1","2026-02-08","2026-01-30 10:24:00","Libèria","ALFASHIP MARITIME SERVICES SL ","D5CZ4"
"2026","2256","LR","2026-03-07 15:16:00","MEDI PALMAROLA","14,43","","https://www.marinetraffic.com/en/ais/details/ships/mmsi:636018574","ERGRANSA SA","03:32","2026-02-27 02:32:00","2026-02-27","2026-03-07 14:16:00","Granelers","15:16","GIGIB","22B","636018574","9802205","ESCAR","Finalitzada","228,99","Cartagena","Gibraltar","F","1-5","82383-1","2026-03-07","2026-02-27 03:32:00","Libèria","ALFASHIP MARITIME SERVICES SL ","D5QH9"
"2026","2256","MH","2026-03-14 06:37:00","SSI SURPRISE","14,45","","https://www.marinetraffic.com/en/ais/details/ships/mmsi:538011872","ERGRANSA SA","09:59","2026-03-09 08:59:00","2026-03-09","2026-03-14 05:37:00","Granelers","06:37","GIGIB","22B","538011872","9603142","MTMLA","Finalitzada","229,06","Malta (Valetta)","Gibraltar","F","1-5","82528-1","2026-03-14","2026-03-09 09:59:00","Illes Marshall","ALFASHIP MARITIME SERVICES SL ","V7A3591"
"2026","2256","PT","2026-01-06 16:13:00","TANKER BEE 11","6,86","","https://www.marinetraffic.com/en/ais/details/ships/mmsi:255915715","ERGRANSA SA","11:01","2026-01-06 10:01:00","2026-01-06","2026-01-06 15:13:00","Tancs","16:13","ESTAR","22C","255915715","9356646","DZBJA","Finalitzada","122,66","Bejaia (ex Bougie)","Tarragona","F","6-8","80761-1","2026-01-06","2026-01-06 11:01:00","Portugal","NEXT MARITIME SL","CQ2173"
"2026","2256","TR","2026-03-05 17:18:00","IASOS","12,02","","https://www.marinetraffic.com/en/ais/details/ships/mmsi:271045342","ERGRANSA SA","13:08","2026-02-23 12:08:00","2026-02-23","2026-03-05 16:18:00","Granelers","17:18","ZZZZZ","22C","271045342","9233882","UAILK","Finalitzada","189,99","Chornomorsk","Desconegut","F","5-8","82129-1","2026-03-05","2026-02-23 13:08:00","Turquia","ALFASHIP MARITIME SERVICES SL ","TCA4683"
"2026","2376","CY","2026-01-17 11:05:00","SIRIOS CEMENT V","5,31","","https://www.marinetraffic.com/en/ais/details/ships/mmsi:212781000","PORTCEMEN SA","15:37","2026-01-16 14:37:00","2026-01-16","2026-01-17 10:05:00","Granelers","11:05","ESACA","22C","212781000","8816352","ESACA","Finalitzada","86","Alcanar","Alcanar","F","2-3","81045-1","2026-01-17","2026-01-16 15:37:00","Xipre","ERSHIP SA","5BSG4"
"2026","2376","CY","2026-02-20 20:09:00","ENVIK","5,5","","https://www.marinetraffic.com/en/ais/details/ships/mmsi:210164000","PORTCEMEN SA","17:43","2026-02-19 16:43:00","2026-02-19","2026-02-20 19:09:00","Granelers","20:09","ESACA","22C","210164000","8208464","ESACA","Finalitzada","95,81","Alcanar","Alcanar","F","2-3","82103-1","2026-02-20","2026-02-19 17:43:00","Xipre","ERSHIP SA","5BGB6"
"2026","2376","CY","2026-03-14 08:49:00","SIRIOS CEMENT V","5,31","","https://www.marinetraffic.com/en/ais/details/ships/mmsi:212781000","PORTCEMEN SA","02:48","2026-03-13 01:48:00","2026-03-13","2026-03-14 07:49:00","Granelers","08:49","ESACA","22C","212781000","8816352","ESACA","Finalitzada","86","Alcanar","Alcanar","F","2-3","82636-1","2026-03-14","2026-03-13 02:48:00","Xipre","ERSHIP SA","5BSG4"
"2026","2376","IE","2026-02-11 16:16:00","ARKLOW MILL","8,9","","https://www.marinetraffic.com/en/ais/details/ships/mmsi:250002045","PORTCEMEN SA","12:34","2026-02-10 11:34:00","2026-02-10","2026-02-11 15:16:00","Càrrega (Lo-Lo)","16:16","FRMTX","22C","250002045","9440265","FRMRS","Finalitzada","136,47","Marseille","Montoir-de-Bretagne","F","1-3","81595-1","2026-02-11","2026-02-10 12:34:00","Irlanda","COMA Y RIBAS SL","EIJD9"
"2026","2376","MH","2026-01-16 14:32:00","CAPTAIN D","9,93","30","https://www.marinetraffic.com/en/ais/details/ships/mmsi:538006297","PORTCEMEN SA","20:55","2026-01-13 19:55:00","2026-01-13","2026-01-16 13:32:00","Granelers","14:32","ROCND","22C","538006297","9744752","ESTAR","Finalitzada","176,99","Tarragona","Constanta","F","1-4","80899-1","2026-01-16","2026-01-13 20:55:00","Illes Marshall","COMA Y RIBAS SL","V7LM3"
"2026","2376","MH","2026-03-09 08:22:00","FEDERAL FRANKLIN","10,83","23,76","https://www.marinetraffic.com/en/ais/details/ships/mmsi:538009145","PORTCEMEN SA","13:10","2026-03-07 12:10:00","2026-03-07","2026-03-09 07:22:00","Granelers","08:22","ROCND","22C","538009145","9866732","MACAS","Finalitzada","199,98","Casablanca","Constanta","F","1-4","82497-1","2026-03-09","2026-03-07 13:10:00","Illes Marshall","COMA Y RIBAS SL","V7A4378"
"2026","2376","PA","2026-01-28 02:52:00","MINNEAPOLIS MIYO","10,53","30","https://www.marinetraffic.com/en/ais/details/ships/mmsi:353123000","PORTCEMEN SA","16:27","2026-01-25 15:27:00","2026-01-25","2026-01-28 01:52:00","Càrrega (Lo-Lo)","02:52","MXPGO","22C","353123000","9875721","ESCAS","Finalitzada","179,93","Castellon de la Plana","Progreso","F","1-4","81247-1","2026-01-28","2026-01-25 16:27:00","Panamà","COMA Y RIBAS SL","3FOW5"
"2026","2376","PT","2026-01-31 06:17:00","MANISA CAMILLA","6,99","","https://www.marinetraffic.com/en/ais/details/ships/mmsi:255806503","PORTCEMEN SA","05:34","2026-01-30 04:34:00","2026-01-30","2026-01-31 05:17:00","Càrrega (Lo-Lo)","06:17","ITQOS","22C","255806503","9362669","PTLEI","Finalitzada","108","Leixoes","Oristano","F","1-3","81339-1","2026-01-31","2026-01-30 05:34:00","Portugal","COMA Y RIBAS SL","CQEW4"
"2026","2396","BS","2026-02-04 07:56:00","RCC PRESTIGE","8,7","","https://www.marinetraffic.com/en/ais/details/ships/mmsi:311048300","SETRAM","04:28","2026-02-03 03:28:00","2026-02-03","2026-02-04 06:56:00","Car-carrier","07:56","GBTYN","30C","311048300","9455715","ITCVV","Finalitzada","168,06","Civitavecchia","Tyne","F","1-4","81438-1","2026-02-04","2026-02-03 04:28:00","Bahames","NEPTUNE BARCELONA SA","C6YX4"
"2026","2396","GR","2026-01-27 21:32:00","NEPTUNE ETHOS","9","","https://www.marinetraffic.com/en/ais/details/ships/mmsi:241816000","SETRAM","12:36","2026-01-26 11:36:00","2026-01-26","2026-01-27 20:32:00","Car-carrier","21:32","ESTAR","31A","241816000","9431862","FRSET","Finalitzada","182,79","Sete","Tarragona","F","2-6","81183-1","2026-01-27","2026-01-26 12:36:00","Grècia","NEPTUNE BARCELONA SA","SVDQ6"
"2026","2396","GR","2026-01-28 18:29:00","NEPTUNE THARROS","9","","https://www.marinetraffic.com/en/ais/details/ships/mmsi:241812000","SETRAM","06:12","2026-01-27 05:12:00","2026-01-27","2026-01-28 17:29:00","Car-carrier","18:29","GBSHS","30C","241812000","9431850","ITLIV","Finalitzada","183","Livorno","Sheerness","F","1-5","81106-1","2026-01-28","2026-01-27 06:12:00","Grècia","NEPTUNE BARCELONA SA","SVDQ4"
"2026","2396","GR","2026-01-31 00:50:00","NEPTUNE ODYSSEY","8","","https://www.marinetraffic.com/en/ais/details/ships/mmsi:241954000","SETRAM","04:05","2026-01-30 03:05:00","2026-01-30","2026-01-30 23:50:00","Car-carrier","00:50","MAPTM","31A","241954000","9440095","FRSET","Finalitzada","169,59","Sete","Tanger Med","F","3-6","81333-1","2026-01-31","2026-01-30 04:05:00","Grècia","NEPTUNE BARCELONA SA","SVDZ9"
"2026","2396","GR","2026-02-22 20:15:00","NEPTUNE ETHOS","9","","https://www.marinetraffic.com/en/ais/details/ships/mmsi:241816000","SETRAM","04:09","2026-02-22 03:09:00","2026-02-22","2026-02-22 19:15:00","Car-carrier","20:15","ESVLC","30C","241816000","9431862","FRFOS","Finalitzada","182,79","Fos-sur-Mer","Valencia","F","1-5","82082-1","2026-02-22","2026-02-22 04:09:00","Grècia","NEPTUNE BARCELONA SA","SVDQ6"
"2026","2396","GR","2026-03-11 16:00:00","NEPTUNE THARROS","9","","https://www.marinetraffic.com/en/ais/details/ships/mmsi:241812000","SETRAM","17:45","2026-03-09 16:45:00","2026-03-09","2026-03-11 15:00:00","Car-carrier","16:00","PTSET","31A","241812000","9431850","ITSVN","Finalitzada","183","Savona","Setubal","F","2-6","82558-1","2026-03-11","2026-03-09 17:45:00","Grècia","NEPTUNE BARCELONA SA","SVDQ4"
"2026","2396","LR","2026-01-21 04:16:00","LAKE KIVU","9","","https://www.marinetraffic.com/en/ais/details/ships/mmsi:636015993","SETRAM","16:58","2026-01-19 15:58:00","2026-01-19","2026-01-21 03:16:00","Car-carrier","04:16","GBSHS","31A","636015993","9308792","ITLIV","Finalitzada","182,8","Livorno","Sheerness","F","2-6","80981-1","2026-01-21","2026-01-19 16:58:00","Libèria","NEPTUNE BARCELONA SA","D5DX4"
"2026","2396","LR","2026-02-03 09:08:00","SFL CONDUCTOR","9,73","","https://www.marinetraffic.com/en/ais/details/ships/mmsi:636021786","SETRAM","14:06","2026-02-02 13:06:00","2026-02-02","2026-02-03 08:08:00","Ro-Ro","09:08","DEEME","31A","636021786","9293909","USJAX","Finalitzada","199,99","Jacksonville","Emden","F","2-6","81193-1","2026-02-03","2026-02-02 14:06:00","Libèria","BERGE MARITIMA SL","5LFR3"
"2026","2396","LR","2026-02-23 21:28:00","EMDEN","10","","https://www.marinetraffic.com/en/ais/details/ships/mmsi:636022757","SETRAM","23:42","2026-02-22 22:42:00","2026-02-22","2026-02-23 20:28:00","Car-carrier","21:28","DEEME","31A","636022757","9941788","USJAX","Finalitzada","199,86","Jacksonville","Emden","F","2-6","81737-1","2026-02-23","2026-02-22 23:42:00","Libèria","BERGE MARITIMA SL","5LKH7"
"2026","2396","LR","2026-02-26 21:19:00","LAKE KIVU","9","","https://www.marinetraffic.com/en/ais/details/ships/mmsi:636015993","SETRAM","07:40","2026-02-25 06:40:00","2026-02-25","2026-02-26 20:19:00","Car-carrier","21:19","PTSET","31A","636015993","9308792","FRFOS","Finalitzada","182,8","Fos-sur-Mer","Setubal","F","2-6","82253-1","2026-02-26","2026-02-25 07:40:00","Libèria","NEPTUNE BARCELONA SA","D5DX4"
"2026","2396","LR","2026-03-12 21:29:00","TRANS CARRIER","6,06","","https://www.marinetraffic.com/en/ais/details/ships/mmsi:636022734","SETRAM","12:55","2026-03-12 11:55:00","2026-03-12","2026-03-12 20:29:00","Ro-Ro","21:29","MAPTM","31A","636022734","9007879","MAPTM","Finalitzada","144,15","Tanger Med","Tanger Med","F","3-6","82656-1","2026-03-12","2026-03-12 12:55:00","Libèria","NOATUM MARITIME SPAIN SAU","5LR2"
"2026","2396","LR","2026-03-18 00:53:00","TRANS CARRIER","6,06","","https://www.marinetraffic.com/en/ais/details/ships/mmsi:636022734","SETRAM","12:46","2026-03-17 11:46:00","2026-03-17","2026-03-17 23:53:00","Ro-Ro","00:53","MAPTM","31A","636022734","9007879","MAPTM","Finalitzada","144,15","Tanger Med","Tanger Med","F","3-6","82794-1","2026-03-18","2026-03-17 12:46:00","Libèria","NOATUM MARITIME SPAIN SAU","5LR2"
"2026","2396","MH","2026-02-04 16:49:00","AL JUBAIL","11,5","37,5","https://www.marinetraffic.com/en/ais/details/ships/mmsi:538010831","SETRAM","05:40","2026-02-04 04:40:00","2026-02-04","2026-02-04 15:49:00","Ro-Ro","16:49","EGALY","30A","538010831","9547219","ESBCN","Finalitzada","239","Barcelona","El Iskandariya (= Alexandria)","F","2-7","81547-1","2026-02-04","2026-02-04 05:40:00","Illes Marshall","NOATUM MARITIME SPAIN SAU","V7A7482"
"2026","2396","MH","2026-02-04 21:05:00","SUNBELT SPIRIT","9,82","","https://www.marinetraffic.com/en/ais/details/ships/mmsi:538001657","SETRAM","12:40","2026-02-03 11:40:00","2026-02-03","2026-02-04 20:05:00","Car-carrier","21:05","ESTAR","31A","538001657","9233246","FRSET","Finalitzada","212","Sete","Tarragona","F","2-6","81423-1","2026-02-04","2026-02-03 12:40:00","Illes Marshall","NEPTUNE BARCELONA SA","V7DK4"
"2026","2396","MH","2026-03-12 18:04:00","SUNBELT SPIRIT","9,82","","https://www.marinetraffic.com/en/ais/details/ships/mmsi:538001657","SETRAM","23:47","2026-03-11 22:47:00","2026-03-11","2026-03-12 17:04:00","Car-carrier","18:04","ESVLC","30C","538001657","9233246","FRSET","Finalitzada","212","Sete","Valencia","F","1-5","82559-1","2026-03-12","2026-03-11 23:47:00","Illes Marshall","NEPTUNE BARCELONA SA","V7DK4"
"2026","2396","MT","2026-02-13 20:52:00","NEPTUNE KOPER","8,41","","https://www.marinetraffic.com/en/ais/details/ships/mmsi:215940000","SETRAM","02:00","2026-02-13 01:00:00","2026-02-13","2026-02-13 19:52:00","Ro-Ro","20:52","ESVLC","30C","215940000","9279812","FRSET","Finalitzada","196,4","Sete","Valencia","F","1-5","81619-1","2026-02-13","2026-02-13 02:00:00","Malta","NEPTUNE BARCELONA SA","9HA5382"
"2026","2396","MT","2026-02-28 14:07:00","NEPTUNE HELLAS","8,7","","https://www.marinetraffic.com/en/ais/details/ships/mmsi:256575000","SETRAM","05:10","2026-02-27 04:10:00","2026-02-27","2026-02-28 13:07:00","Car-carrier","14:07","ESVLC","31A","256575000","9440148","FRSET","Finalitzada","168,06","Sete","Valencia","F","2-6","82305-1","2026-02-28","2026-02-27 05:10:00","Malta","NEPTUNE BARCELONA SA","9HA3957"
"2026","2396","NO","2026-01-30 02:41:00","HOEGH JEDDAH","10","","https://www.marinetraffic.com/en/ais/details/ships/mmsi:258975000","SETRAM","04:41","2026-01-29 03:41:00","2026-01-29","2026-01-30 01:41:00","Car-carrier","02:41","BEZEE","31A","258975000","9673381","SGSIN","Finalitzada","199,95","Singapore","Zeebrugge","F","2-6","81149-1","2026-01-30","2026-01-29 04:41:00","Noruega","NOATUM MARITIME SPAIN SAU","LASZ7"
"2026","2396","PA","2026-03-17 01:11:00","ERK IZMIR","5,5","","https://www.marinetraffic.com/en/ais/details/ships/mmsi:352002302","SETRAM","16:18","2026-03-16 15:18:00","2026-03-16","2026-03-17 00:11:00","Car-carrier","01:11","MACAS","31B","352002302","9179983","TRYAL","Finalitzada","99,9","Yalova","Casablanca","F","1-3","82710-1","2026-03-17","2026-03-16 16:18:00","Panamà","NOATUM MARITIME SPAIN SAU","3E3517"
"2026","2396","TR","2026-02-18 17:10:00","SAFFET BEY","8,82","","https://www.marinetraffic.com/en/ais/details/ships/mmsi:271000419","SETRAM","08:14","2026-02-18 07:14:00","2026-02-18","2026-02-18 16:10:00","Ro-Ro","17:10","EGALY","30C","271000419","8417118","GRKLL","Finalitzada","163,81","Kalilimenes","El Iskandariya (= Alexandria)","F","1-4","81662-1","2026-02-18","2026-02-18 08:14:00","Turquia","NOATUM MARITIME SPAIN SAU","TCUZ"
"2026","2396","TR","2026-03-09 16:00:00","SAFFET BEY","8,82","","https://www.marinetraffic.com/en/ais/details/ships/mmsi:271000419","SETRAM","16:15","2026-03-08 15:15:00","2026-03-08","2026-03-09 15:00:00","Ro-Ro","16:00","EGALY","31A","271000419","8417118","GRKLL","Finalitzada","163,81","Kalilimenes","El Iskandariya (= Alexandria)","F","3-6","82507-1","2026-03-09","2026-03-08 16:15:00","Turquia","NOATUM MARITIME SPAIN SAU","TCUZ"
"2026","2398","DK","2026-02-01 14:23:00","STENA SHIPPER","8,6","","https://www.marinetraffic.com/en/ais/details/ships/mmsi:219034351","TERMINAL PORT NOU SA","08:44","2026-02-01 07:44:00","2026-02-01","2026-02-01 13:23:00","Ro-Ro","14:23","TNRDS","30A","219034351","9503639","FRMRS","Finalitzada","193","Marseille","Rades/Tunis","F","3-7","81365-1","2026-02-01","2026-02-01 08:44:00","Dinamarca","ROMEU Y CIA SA","OUJI2"
"2026","2398","EE","2026-01-20 18:43:00","NANTO","7,42","","https://www.marinetraffic.com/en/ais/details/ships/mmsi:276870000","TERMINAL PORT NOU SA","11:14","2026-01-19 10:14:00","2026-01-19","2026-01-20 17:43:00","Portacontenidors","18:43","TRDRC","29A","276870000","9083043","ESALC","Finalitzada","151,14","Alicante","Derince","F","18-21","80716-1","2026-01-20","2026-01-19 11:14:00","Estònia","EUROPEAN FORWARDING SL","ESRR"
"2026","2398","EE","2026-01-31 23:51:00","NANTO","7,42","","https://www.marinetraffic.com/en/ais/details/ships/mmsi:276870000","TERMINAL PORT NOU SA","07:01","2026-01-31 06:01:00","2026-01-31","2026-01-31 22:51:00","Portacontenidors","23:51","ESALC","29A","276870000","9083043","ESALC","Finalitzada","151,14","Alicante","Alicante","F","18-21","81243-1","2026-01-31","2026-01-31 07:01:00","Estònia","EUROPEAN FORWARDING SL","ESRR"
"2026","2398","EE","2026-02-10 19:42:00","NANTO","7,42","","https://www.marinetraffic.com/en/ais/details/ships/mmsi:276870000","TERMINAL PORT NOU SA","07:41","2026-02-10 06:41:00","2026-02-10","2026-02-10 18:42:00","Portacontenidors","19:42","TRDRC","29A","276870000","9083043","ESALC","Finalitzada","151,14","Alicante","Derince","F","18-21","81459-1","2026-02-10","2026-02-10 07:41:00","Estònia","EUROPEAN FORWARDING SL","ESRR"
"2026","2398","EE","2026-02-21 20:54:00","NANTO","7,42","","https://www.marinetraffic.com/en/ais/details/ships/mmsi:276870000","TERMINAL PORT NOU SA","07:15","2026-02-21 06:15:00","2026-02-21","2026-02-21 19:54:00","Portacontenidors","20:54","ESALC","29A","276870000","9083043","TRDRC","Finalitzada","151,14","Derince","Alicante","F","18-21","81901-1","2026-02-21","2026-02-21 07:15:00","Estònia","EUROPEAN FORWARDING SL","ESRR"
"2026","2398","EE","2026-03-05 08:36:00","NANTO","7,42","","https://www.marinetraffic.com/en/ais/details/ships/mmsi:276870000","TERMINAL PORT NOU SA","16:49","2026-03-03 15:49:00","2026-03-03","2026-03-05 07:36:00","Portacontenidors","08:36","ESALC","29A","276870000","9083043","TRDRC","Finalitzada","151,14","Derince","Alicante","F","18-21","82301-1","2026-03-05","2026-03-03 16:49:00","Estònia","EUROPEAN FORWARDING SL","ESRR"
"2026","2398","EE","2026-03-05 16:00:00","NANTO","7,42","","https://www.marinetraffic.com/en/ais/details/ships/mmsi:276870000","TERMINAL PORT NOU SA","08:37","2026-03-05 07:37:00","2026-03-05","2026-03-05 15:00:00","Portacontenidors","16:00","ESALC","29A","276870000","9083043","TRDRC","Finalitzada","151,14","Derince","Alicante","F","13-16","82301-2","2026-03-05","2026-03-05 08:37:00","Estònia","EUROPEAN FORWARDING SL","ESRR"
"2026","2398","EE","2026-03-06 03:46:00","NANTO","7,42","","https://www.marinetraffic.com/en/ais/details/ships/mmsi:276870000","TERMINAL PORT NOU SA","16:01","2026-03-05 15:01:00","2026-03-05","2026-03-06 02:46:00","Portacontenidors","03:46","ESALC","30A","276870000","9083043","TRDRC","Finalitzada","151,14","Derince","Alicante","F","2-5","82301-3","2026-03-06","2026-03-05 16:01:00","Estònia","EUROPEAN FORWARDING SL","ESRR"
"2026","2398","EE","2026-03-17 08:20:00","NANTO","7,42","","https://www.marinetraffic.com/en/ais/details/ships/mmsi:276870000","TERMINAL PORT NOU SA","09:26","2026-03-16 08:26:00","2026-03-16","2026-03-17 07:20:00","Portacontenidors","08:20","ESSCT","29A","276870000","9083043","ESALC","Finalitzada","151,14","Alicante","Santa Cruz de Tenerife","F","18-21","82530-1","2026-03-17","2026-03-16 09:26:00","Estònia","EUROPEAN FORWARDING SL","ESRR"
"2026","2398","MT","2026-02-26 19:22:00","POL STELLA","7,02","","https://www.marinetraffic.com/en/ais/details/ships/mmsi:229296000","TERMINAL PORT NOU SA","13:11","2026-02-26 12:11:00","2026-02-26","2026-02-26 18:22:00","Ro-Ro","19:22","TNTUN","30A","229296000","9457165","FRMRS","Finalitzada","193","Marseille","Tunis","F","3-7","82288-1","2026-02-26","2026-02-26 13:11:00","Malta","ROMEU Y CIA SA","9HA5323"
"2026","2398","MT","2026-03-11 02:16:00","NEPTUNE THELISIS","6,65","","https://www.marinetraffic.com/en/ais/details/ships/mmsi:256049000","TERMINAL PORT NOU SA","00:29","2026-03-09 23:29:00","2026-03-10","2026-03-11 01:16:00","Car-carrier","02:16","ITSVN","30A","256049000","9306718","PTSET","Finalitzada","164,4","Setubal","Savona","F","4-7","82595-1","2026-03-11","2026-03-10 00:29:00","Malta","NEPTUNE BARCELONA SA","9HZV7"
"2026","2398","MT","2026-03-15 12:39:00","POL STELLA","7,02","","https://www.marinetraffic.com/en/ais/details/ships/mmsi:229296000","TERMINAL PORT NOU SA","05:47","2026-03-15 04:47:00","2026-03-15","2026-03-15 11:39:00","Ro-Ro","12:39","TNTUN","30A","229296000","9457165","FRMRS","Finalitzada","193","Marseille","Tunis","F","3-7","82596-1","2026-03-15","2026-03-15 05:47:00","Malta","ROMEU Y CIA SA","9HA5323"
"2026","2398","NL","2026-01-21 20:30:00","ENDURANCE","7,1","","https://www.marinetraffic.com/en/ais/details/ships/mmsi:244357000","TERMINAL PORT NOU SA","11:35","2026-01-21 10:35:00","2026-01-21","2026-01-21 19:30:00","Portacontenidors","20:30","TRDRC","29A","244357000","9312200","ESACE","Finalitzada","134,58","Arrecife de Lanzarote","Derince","F","18-21","81107-1","2026-01-21","2026-01-21 11:35:00","Països Baixos","EUROPEAN FORWARDING SL","PBKO"
"2026","2398","NL","2026-01-23 23:30:00","ENDURANCE","7,1","","https://www.marinetraffic.com/en/ais/details/ships/mmsi:244357000","TERMINAL PORT NOU SA","20:31","2026-01-21 19:31:00","2026-01-21","2026-01-23 22:30:00","Portacontenidors","23:30","TRDRC","30A","244357000","9312200","ESACE","Finalitzada","134,58","Arrecife de Lanzarote","Derince","F","2-5","81107-3","2026-01-23","2026-01-21 20:31:00","Països Baixos","EUROPEAN FORWARDING SL","PBKO"
"2026","2398","NL","2026-02-03 09:36:00","ENDURANCE","7,1","","https://www.marinetraffic.com/en/ais/details/ships/mmsi:244357000","TERMINAL PORT NOU SA","02:08","2026-02-03 01:08:00","2026-02-03","2026-02-03 08:36:00","Portacontenidors","09:36","TRDRC","29A","244357000","9312200","ESALC","Finalitzada","134,58","Alicante","Derince","F","18-21","81244-1","2026-02-03","2026-02-03 02:08:00","Països Baixos","EUROPEAN FORWARDING SL","PBKO"
"2026","2398","NL","2026-02-07 16:34:00","NJORD","7,3","","https://www.marinetraffic.com/en/ais/details/ships/mmsi:245872000","TERMINAL PORT NOU SA","01:24","2026-02-07 00:24:00","2026-02-07","2026-02-07 15:34:00","Portacontenidors","16:34","ESALC","29A","245872000","9349227","TRDRC","Finalitzada","141,58","Derince","Alicante","F","18-21","81509-1","2026-02-07","2026-02-07 01:24:00","Països Baixos","EUROPEAN FORWARDING SL","PDHA"
"2026","2398","NL","2026-02-17 19:55:00","ENDURANCE","7,1","","https://www.marinetraffic.com/en/ais/details/ships/mmsi:244357000","TERMINAL PORT NOU SA","11:16","2026-02-16 10:16:00","2026-02-16","2026-02-17 18:55:00","Portacontenidors","19:55","ESSCT","29A","244357000","9312200","ESALC","Finalitzada","134,58","Alicante","Santa Cruz de Tenerife","F","18-21","81691-1","2026-02-17","2026-02-16 11:16:00","Països Baixos","EUROPEAN FORWARDING SL","PBKO"
"2026","2398","NL","2026-02-19 01:17:00","NJORD","7,3","","https://www.marinetraffic.com/en/ais/details/ships/mmsi:245872000","TERMINAL PORT NOU SA","18:07","2026-02-18 17:07:00","2026-02-18","2026-02-19 00:17:00","Portacontenidors","01:17","TRDRC","29A","245872000","9349227","ESALC","Finalitzada","141,58","Alicante","Derince","F","18-21","81727-1","2026-02-19","2026-02-18 18:07:00","Països Baixos","EUROPEAN FORWARDING SL","PDHA"
"2026","2398","NL","2026-02-27 21:33:00","ENDURANCE","7,1","","https://www.marinetraffic.com/en/ais/details/ships/mmsi:244357000","TERMINAL PORT NOU SA","06:02","2026-02-27 05:02:00","2026-02-27","2026-02-27 20:33:00","Portacontenidors","21:33","TRDRC","30A","244357000","9312200","ESALC","Finalitzada","134,58","Alicante","Derince","F","2-5","82078-1","2026-02-27","2026-02-27 06:02:00","Països Baixos","EUROPEAN FORWARDING SL","PBKO"
"2026","2398","NL","2026-02-28 21:46:00","NJORD","7,3","","https://www.marinetraffic.com/en/ais/details/ships/mmsi:245872000","TERMINAL PORT NOU SA","06:10","2026-02-28 05:10:00","2026-02-28","2026-02-28 20:46:00","Portacontenidors","21:46","ESALC","29A","245872000","9349227","TRDRC","Finalitzada","141,58","Derince","Alicante","F","18-21","82252-1","2026-02-28","2026-02-28 06:10:00","Països Baixos","EUROPEAN FORWARDING SL","PDHA"
"2026","2398","NL","2026-03-10 14:38:00","NJORD","7,3","","https://www.marinetraffic.com/en/ais/details/ships/mmsi:245872000","TERMINAL PORT NOU SA","02:19","2026-03-10 01:19:00","2026-03-10","2026-03-10 13:38:00","Portacontenidors","14:38","ESALC","29A","245872000","9349227","ESALC","Finalitzada","141,58","Alicante","Alicante","F","18-21","82442-1","2026-03-10","2026-03-10 02:19:00","Països Baixos","EUROPEAN FORWARDING SL","PDHA"
"2026","2398","PT","2026-01-24 03:47:00","CARLOTA B","6,8","","https://www.marinetraffic.com/en/ais/details/ships/mmsi:255805878","TERMINAL PORT NOU SA","05:43","2026-01-22 04:43:00","2026-01-22","2026-01-24 02:47:00","Portacontenidors","03:47","ESCAD","29A","255805878","9404065","ESALC","Finalitzada","141","Alicante","Cadiz","F","18-21","80824-1","2026-01-24","2026-01-22 05:43:00","Portugal","BOLUDA LINES SA","CQZY"
"2026","2398","PT","2026-01-31 03:28:00","LOLA B","7,33","","https://www.marinetraffic.com/en/ais/details/ships/mmsi:255806261","TERMINAL PORT NOU SA","05:40","2026-01-29 04:40:00","2026-01-29","2026-01-31 02:28:00","Portacontenidors","03:28","ESVLC","29A","255806261","9353723","ESALC","Finalitzada","154,85","Alicante","Valencia","F","18-21","80825-1","2026-01-31","2026-01-29 05:40:00","Portugal","BOLUDA LINES SA","CQAS3"
"2026","2398","PT","2026-02-07 00:21:00","NIEVES B","8","","https://www.marinetraffic.com/en/ais/details/ships/mmsi:255701240","TERMINAL PORT NOU SA","05:49","2026-02-06 04:49:00","2026-02-06","2026-02-06 23:21:00","Portacontenidors","00:21","ESVLC","29A","255701240","9483683","ESALC","Finalitzada","151,72","Alicante","Valencia","F","18-21","81171-1","2026-02-07","2026-02-06 05:49:00","Portugal","BOLUDA LINES SA","CQFO"
"2026","2398","PT","2026-02-14 02:58:00","LOLA B","7,33","21,5","https://www.marinetraffic.com/en/ais/details/ships/mmsi:255806261","TERMINAL PORT NOU SA","21:12","2026-02-12 20:12:00","2026-02-12","2026-02-14 01:58:00","Portacontenidors","02:58","ESVLC","29A","255806261","9353723","ESALC","Finalitzada","154,85","Alicante","Valencia","F","18-21","81202-1","2026-02-14","2026-02-12 21:12:00","Portugal","BOLUDA LINES SA","CQAS3"
"2026","2398","PT","2026-02-20 22:07:00","NIEVES B","8","","https://www.marinetraffic.com/en/ais/details/ships/mmsi:255701240","TERMINAL PORT NOU SA","05:57","2026-02-19 04:57:00","2026-02-19","2026-02-20 21:07:00","Portacontenidors","22:07","ESVLC","29A","255701240","9483683","ESALC","Finalitzada","151,72","Alicante","Valencia","F","18-21","81329-1","2026-02-20","2026-02-19 05:57:00","Portugal","BOLUDA LINES SA","CQFO"
"2026","2398","PT","2026-02-28 01:45:00","LOLA B","7,33","","https://www.marinetraffic.com/en/ais/details/ships/mmsi:255806261","TERMINAL PORT NOU SA","06:08","2026-02-26 05:08:00","2026-02-26","2026-02-28 00:45:00","Portacontenidors","01:45","ESVLC","29A","255806261","9353723","ESALC","Finalitzada","154,85","Alicante","Valencia","F","18-21","81545-1","2026-02-28","2026-02-26 06:08:00","Portugal","BOLUDA LINES SA","CQAS3"
"2026","2398","PT","2026-03-07 02:25:00","NIEVES B","8","","https://www.marinetraffic.com/en/ais/details/ships/mmsi:255701240","TERMINAL PORT NOU SA","10:02","2026-03-05 09:02:00","2026-03-05","2026-03-07 01:25:00","Portacontenidors","02:25","ESVLC","29A","255701240","9483683","ESALC","Finalitzada","151,72","Alicante","Valencia","F","18-21","81724-1","2026-03-07","2026-03-05 10:02:00","Portugal","BOLUDA LINES SA","CQFO"
"2026","2398","PT","2026-03-14 19:35:00","LOLA B","7,33","","https://www.marinetraffic.com/en/ais/details/ships/mmsi:255806261","TERMINAL PORT NOU SA","06:08","2026-03-12 05:08:00","2026-03-12","2026-03-14 18:35:00","Portacontenidors","19:35","ESVLC","29A","255806261","9353723","ESALC","Finalitzada","154,85","Alicante","Valencia","F","18-21","82064-1","2026-03-14","2026-03-12 06:08:00","Portugal","BOLUDA LINES SA","CQAS3"
"2026","2398","TN","2026-02-15 12:51:00","ULYSSE","6,02","","https://www.marinetraffic.com/en/ais/details/ships/mmsi:672248000","TERMINAL PORT NOU SA","06:36","2026-02-13 05:36:00","2026-02-13","2026-02-15 11:51:00","Ro-Ro","12:51","TNTUN","30A","672248000","9142459","ESSAG","Finalitzada","161,5","Sagunto","Tunis","F","3-7","81745-1","2026-02-15","2026-02-13 06:36:00","Tunísia","ROMEU Y CIA SA","TSMU"
"2026","2398","TN","2026-02-22 06:40:00","AMILCAR","7,4","","https://www.marinetraffic.com/en/ais/details/ships/mmsi:672747000","TERMINAL PORT NOU SA","06:46","2026-02-21 05:46:00","2026-02-21","2026-02-22 05:40:00","Ro-Ro","06:40","TNRDS","30A","672747000","9207998","TNRDS","Finalitzada","193","Rades/Tunis","Rades/Tunis","F","3-7","82025-1","2026-02-22","2026-02-21 06:46:00","Tunísia","ROMEU Y CIA SA","TSNA"
"2026","6037","DK","2026-01-30 01:04:00","BORINGIA SWAN","7,1","17,42","","DECAL ESPAÑA SA","08:26","2026-01-29 07:26:00","2026-01-29","2026-01-30 00:04:00","Tancs","01:04","ITAUG","32C","","9566693","NLRTM","Finalitzada","109,92","Rotterdam","Augusta","F","1","81335-1","2026-01-30","2026-01-29 08:26:00","Dinamarca","IBERICA MARITIMA BARCELONA SA","OWNY2"
"2026","6037","DK","2026-02-13 19:03:00","MAERSK ADRIATIC","12","","https://www.marinetraffic.com/en/ais/details/ships/mmsi:219733000","DECAL ESPAÑA SA","01:16","2026-02-08 00:16:00","2026-02-08","2026-02-13 18:03:00","Tancs","19:03","ZZZZZ","32A","219733000","9636632","ITPFX","Finalitzada","184","Porto Foxi (Sarroch)","Desconegut","F","1","81693-1","2026-02-13","2026-02-08 01:16:00","Dinamarca","ALFASHIP MARITIME SERVICES SL ","OVTV2"
"2026","6037","DK","2026-02-17 23:32:00","MAERSK ADRIATIC","11,5","","https://www.marinetraffic.com/en/ais/details/ships/mmsi:219733000","DECAL ESPAÑA SA","14:49","2026-02-16 13:49:00","2026-02-16","2026-02-17 22:32:00","Tancs","23:32","ZZZZZ","32A","219733000","9636632","ESBCN","Finalitzada","184","Barcelona","Desconegut","F","1","82034-1","2026-02-17","2026-02-16 14:49:00","Dinamarca","ALFASHIP MARITIME SERVICES SL ","OVTV2"
"2026","6037","DK","2026-03-07 17:27:00","BORINGIA SWAN","7,1","17,42","","DECAL ESPAÑA SA","21:20","2026-03-05 20:20:00","2026-03-05","2026-03-07 16:27:00","Tancs","17:27","ESHUV","32A","","9566693","ITTAR","Finalitzada","109,92","Taranto","Huelva","F","","82484-1","2026-03-07","2026-03-05 21:20:00","Dinamarca","ALFASHIP MARITIME SERVICES SL ","OWNY2"
"2026","6037","HK","2026-01-26 00:19:00","DING HENG 23","7,49","18,5","https://www.marinetraffic.com/en/ais/details/ships/mmsi:477931300","DECAL ESPAÑA SA","00:23","2026-01-24 23:23:00","2026-01-25","2026-01-25 23:19:00","Tancs","00:19","GRAGT","34B","477931300","9841421","ITLIV","Finalitzada","119,98","Livorno","Agio Theodoroi","F","1","81170-1","2026-01-26","2026-01-25 00:23:00","Hong Kong","IBERICA MARITIMA BARCELONA SA","VRVT2"
"2026","6037","LR","2026-03-03 17:40:00","PRELUDE","11,97","","https://www.marinetraffic.com/en/ais/details/ships/mmsi:636021941","DECAL ESPAÑA SA","22:55","2026-03-01 21:55:00","2026-03-01","2026-03-03 16:40:00","Tancs","17:40","ESALG","32A","636021941","9360439","ESCAS","Finalitzada","181,78","Castellon de la Plana","Algeciras","F","1","82397-1","2026-03-03","2026-03-01 22:55:00","Libèria","ITALMAR 3000 SL","5LGK9"
"2026","6037","LR","2026-03-10 10:36:00","CL JANE AUSTEN","13,3","32,2","https://www.marinetraffic.com/en/ais/details/ships/mmsi:636022158","DECAL ESPAÑA SA","04:48","2026-03-09 03:48:00","2026-03-09","2026-03-10 09:36:00","Tancs","10:36","ESCAR","34B","636022158","9943308","ZACPT","Finalitzada","183,24","Cape Town","Cartagena","F","1","82438-1","2026-03-10","2026-03-09 04:48:00","Libèria","ALFASHIP MARITIME SERVICES SL ","5LHL3"
"2026","6037","MH","2026-01-16 10:05:00","HELLAS MARGARITA","13,32","","https://www.marinetraffic.com/en/ais/details/ships/mmsi:538010142","DECAL ESPAÑA SA","14:06","2026-01-15 13:06:00","2026-01-15","2026-01-16 09:05:00","Tancs","10:05","ESCAR","34B","538010142","9794721","MUPLU","Finalitzada","182,99","Port Louis","Cartagena","F","1","80949-1","2026-01-16","2026-01-15 14:06:00","Illes Marshall","ALFASHIP MARITIME SERVICES SL ","V7A5669"
"2026","6037","MH","2026-01-23 09:41:00","DALE","11,52","","https://www.marinetraffic.com/en/ais/details/ships/mmsi:538008428","DECAL ESPAÑA SA","15:13","2026-01-19 14:13:00","2026-01-19","2026-01-23 08:41:00","Tancs","09:41","GNCKY","32A","538008428","9353084","ITFAL","Finalitzada","184","Falconara","Conakry","F","1","81147-1","2026-01-23","2026-01-19 15:13:00","Illes Marshall","NEXT MARITIME SL","V7A2348"
"2026","6037","MH","2026-01-24 23:34:00","NOLDE","15","","https://www.marinetraffic.com/en/ais/details/ships/mmsi:538009968","DECAL ESPAÑA SA","16:25","2026-01-21 15:25:00","2026-01-21","2026-01-24 22:34:00","Petroliers","23:34","GRPIR","34B","538009968","9787924","MTMLA","Finalitzada","249,9","Malta (Valetta)","Piraeus","F","1","81083-1","2026-01-24","2026-01-21 16:25:00","Illes Marshall","ERHARDT SHIPPING SERVICES SL","V7A5405"
"2026","6037","MT","2026-01-11 21:33:00","AA-D","7,1","","https://www.marinetraffic.com/en/ais/details/ships/mmsi:256992000","DECAL ESPAÑA SA","12:59","2026-01-10 11:59:00","2026-01-10","2026-01-11 20:33:00","Tancs","21:33","ESALG","32A","256992000","9566708","ESALG","Finalitzada","109,92","Algeciras","Algeciras","F","1","80792-1","2026-01-11","2026-01-10 12:59:00","Malta","ALFASHIP MARITIME SERVICES SL ","9HA2977"
"2026","6037","MT","2026-03-01 21:01:00","AA-D","7,1","17,2","https://www.marinetraffic.com/en/ais/details/ships/mmsi:256992000","DECAL ESPAÑA SA","04:54","2026-02-27 03:54:00","2026-02-27","2026-03-01 20:01:00","Tancs","21:01","MAEUN","32A","256992000","9566708","ESALG","Finalitzada","109,92","Algeciras","Laayoune (El Aaiun)","F","1","82172-1","2026-03-01","2026-02-27 04:54:00","Malta","ALFASHIP MARITIME SERVICES SL ","9HA2977"
"2026","6037","MT","2026-03-10 14:30:00","TIGER EYE","13,31","32,2","https://www.marinetraffic.com/en/ais/details/ships/mmsi:256199000","DECAL ESPAÑA SA","21:26","2026-03-07 20:26:00","2026-03-07","2026-03-10 13:30:00","Tancs","14:30","ITGOA","32A","256199000","9746255","ITMLZ","Finalitzada","183","Milazzo","Genoa","F","1","82483-1","2026-03-10","2026-03-07 21:26:00","Malta","NEXT MARITIME SL","9HA5736"
"2026","6037","PA","2026-02-25 10:33:00","CRYSTAL","15,2","44","https://www.marinetraffic.com/en/ais/details/ships/mmsi:352003342","DECAL ESPAÑA SA","01:03","2026-02-24 00:03:00","2026-02-24","2026-02-25 09:33:00","Tancs","10:33","FRLAV","34B","352003342","9956020","ESCAS","Finalitzada","239,5","Castellon de la Plana","Lavera","F","1","82036-2","2026-02-25","2026-02-24 01:03:00","Panamà","ERHARDT SHIPPING SERVICES SL","3E7498"
"2026","6037","SG","2026-02-24 21:20:00","NAVIG8 GALLANTRY","13,32","","https://www.marinetraffic.com/en/ais/details/ships/mmsi:563259800","DECAL ESPAÑA SA","09:34","2026-02-21 08:34:00","2026-02-21","2026-02-24 20:20:00","Tancs","21:20","ITPFX","32A","563259800","9833668","ESCEU","Finalitzada","183,23","Ceuta","Porto Foxi (Sarroch)","F","1","82174-1","2026-02-24","2026-02-21 09:34:00","Singapur","IBERICA MARITIMA BARCELONA SA","9VDO7"
"2026","6154","BS","2026-02-04 07:56:00","RCC PRESTIGE","8,7","","https://www.marinetraffic.com/en/ais/details/ships/mmsi:311048300","AUTOTERMINAL SA","04:28","2026-02-03 03:28:00","2026-02-03","2026-02-04 06:56:00","Car-carrier","07:56","GBTYN","30C","311048300","9455715","ITCVV","Finalitzada","168,06","Civitavecchia","Tyne","F","1-4","81438-1","2026-02-04","2026-02-03 04:28:00","Bahames","NEPTUNE BARCELONA SA","C6YX4"
"2026","6154","BS","2026-03-08 14:51:00","SUNSHINE ACE","9,82","","https://www.marinetraffic.com/en/ais/details/ships/mmsi:311015100","AUTOTERMINAL SA","08:14","2026-03-07 07:14:00","2026-03-07","2026-03-08 13:51:00","Car-carrier","14:51","TRAUT","31A","311015100","9338852","IEDUB","Finalitzada","199,95","Dublin","Yenikoy-Autoport","F","2-6","81404-1","2026-03-08","2026-03-07 08:14:00","Bahames","TRANSPORTES CONSIGNACION MARITIMAS SA","C6XN6"
"2026","6154","GR","2026-01-12 14:24:00","NEPTUNE GALENE","8,7","","https://www.marinetraffic.com/en/ais/details/ships/mmsi:241298000","AUTOTERMINAL SA","03:55","2026-01-12 02:55:00","2026-01-12","2026-01-12 13:24:00","Car-carrier","14:24","ESTAR","30C","241298000","9668491","FRSET","Finalitzada","169,55","Sete","Tarragona","F","1-4","80769-1","2026-01-12","2026-01-12 03:55:00","Grècia","NEPTUNE BARCELONA SA","SVBX5"
"2026","6154","GR","2026-01-22 19:35:00","NEPTUNE THALASSA","8,7","","https://www.marinetraffic.com/en/ais/details/ships/mmsi:241859000","AUTOTERMINAL SA","04:44","2026-01-22 03:44:00","2026-01-22","2026-01-22 18:35:00","Car-carrier","19:35","ESVLC","30C","241859000","9668506","FRSET","Finalitzada","169,55","Sete","Valencia","F","1-4","81104-1","2026-01-22","2026-01-22 04:44:00","Grècia","NEPTUNE BARCELONA SA","SVDU4"
"2026","6154","GR","2026-01-27 21:32:00","NEPTUNE ETHOS","9","","https://www.marinetraffic.com/en/ais/details/ships/mmsi:241816000","AUTOTERMINAL SA","12:36","2026-01-26 11:36:00","2026-01-26","2026-01-27 20:32:00","Car-carrier","21:32","ESTAR","31A","241816000","9431862","FRSET","Finalitzada","182,79","Sete","Tarragona","F","2-6","81183-1","2026-01-27","2026-01-26 12:36:00","Grècia","NEPTUNE BARCELONA SA","SVDQ6"
"2026","6154","GR","2026-01-28 18:29:00","NEPTUNE THARROS","9","","https://www.marinetraffic.com/en/ais/details/ships/mmsi:241812000","AUTOTERMINAL SA","06:12","2026-01-27 05:12:00","2026-01-27","2026-01-28 17:29:00","Car-carrier","18:29","GBSHS","30C","241812000","9431850","ITLIV","Finalitzada","183","Livorno","Sheerness","F","1-5","81106-1","2026-01-28","2026-01-27 06:12:00","Grècia","NEPTUNE BARCELONA SA","SVDQ4"
"2026","6154","GR","2026-01-31 00:50:00","NEPTUNE ODYSSEY","8","","https://www.marinetraffic.com/en/ais/details/ships/mmsi:241954000","AUTOTERMINAL SA","04:05","2026-01-30 03:05:00","2026-01-30","2026-01-30 23:50:00","Car-carrier","00:50","MAPTM","31A","241954000","9440095","FRSET","Finalitzada","169,59","Sete","Tanger Med","F","3-6","81333-1","2026-01-31","2026-01-30 04:05:00","Grècia","NEPTUNE BARCELONA SA","SVDZ9"
"2026","6154","GR","2026-02-05 14:26:00","NEPTUNE GALENE","8,7","","https://www.marinetraffic.com/en/ais/details/ships/mmsi:241298000","AUTOTERMINAL SA","11:25","2026-02-04 10:25:00","2026-02-04","2026-02-05 13:26:00","Car-carrier","14:26","ESTAR","30C","241298000","9668491","FRSET","Finalitzada","169,55","Sete","Tarragona","F","1-4","81493-1","2026-02-05","2026-02-04 11:25:00","Grècia","NEPTUNE BARCELONA SA","SVBX5"
"2026","6154","GR","2026-02-22 20:15:00","NEPTUNE ETHOS","9","","https://www.marinetraffic.com/en/ais/details/ships/mmsi:241816000","AUTOTERMINAL SA","04:09","2026-02-22 03:09:00","2026-02-22","2026-02-22 19:15:00","Car-carrier","20:15","ESVLC","30C","241816000","9431862","FRFOS","Finalitzada","182,79","Fos-sur-Mer","Valencia","F","1-5","82082-1","2026-02-22","2026-02-22 04:09:00","Grècia","NEPTUNE BARCELONA SA","SVDQ6"
"2026","6154","GR","2026-03-03 02:59:00","NEPTUNE THALASSA","8,7","","https://www.marinetraffic.com/en/ais/details/ships/mmsi:241859000","AUTOTERMINAL SA","03:54","2026-03-02 02:54:00","2026-03-02","2026-03-03 01:59:00","Car-carrier","02:59","SIKOP","31A","241859000","9668506","FRFOS","Finalitzada","169,55","Fos-sur-Mer","Koper","F","3-6","82081-1","2026-03-03","2026-03-02 03:54:00","Grècia","NEPTUNE BARCELONA SA","SVDU4"
"2026","6154","GR","2026-03-11 16:00:00","NEPTUNE THARROS","9","","https://www.marinetraffic.com/en/ais/details/ships/mmsi:241812000","AUTOTERMINAL SA","17:45","2026-03-09 16:45:00","2026-03-09","2026-03-11 15:00:00","Car-carrier","16:00","PTSET","31A","241812000","9431850","ITSVN","Finalitzada","183","Savona","Setubal","F","2-6","82558-1","2026-03-11","2026-03-09 17:45:00","Grècia","NEPTUNE BARCELONA SA","SVDQ4"
"2026","6154","GR","2026-03-16 19:49:00","NEPTUNE GALENE","8,7","","https://www.marinetraffic.com/en/ais/details/ships/mmsi:241298000","AUTOTERMINAL SA","03:15","2026-03-16 02:15:00","2026-03-16","2026-03-16 18:49:00","Car-carrier","19:49","MAPTM","31A","241298000","9668491","ESVLC","Finalitzada","169,55","Valencia","Tanger Med","F","3-6","82556-1","2026-03-16","2026-03-16 03:15:00","Grècia","NEPTUNE BARCELONA SA","SVBX5"
"2026","6154","HK","2026-01-27 01:26:00","BYD JINAN","10,2","37,7","https://www.marinetraffic.com/en/ais/details/ships/mmsi:477180300","AUTOTERMINAL SA","10:46","2026-01-26 09:46:00","2026-01-26","2026-01-27 00:26:00","Car-carrier","01:26","GBSOU","30C","477180300","9993951","ITLIV","Finalitzada","219,9","Livorno","Southampton","F","1-5","81195-1","2026-01-27","2026-01-26 10:46:00","Hong Kong","NOATUM MARITIME SPAIN SAU","VRXA9"
"2026","6154","HK","2026-03-09 20:10:00","BYD XI'AN","10,2","","https://www.marinetraffic.com/en/ais/details/ships/mmsi:477155200","AUTOTERMINAL SA","12:18","2026-03-07 11:18:00","2026-03-07","2026-03-09 19:10:00","Car-carrier","20:10","GBSOU","30C","477155200","9993975","ITLIV","Finalitzada","219,9","Livorno","Southampton","F","1-5","82151-1","2026-03-09","2026-03-07 12:18:00","Hong Kong","NOATUM MARITIME SPAIN SAU","VRWY4"
"2026","6154","IT","2026-02-21 13:55:00","ETRUSCO","6,87","","https://www.marinetraffic.com/en/ais/details/ships/mmsi:247163500","AUTOTERMINAL SA","07:35","2026-02-21 06:35:00","2026-02-21","2026-02-21 12:55:00","Tancs","13:55","ESTAR","30B","247163500","9327346","ESCAR","Finalitzada","113,85","Cartagena","Tarragona","F","1-3","82161-1","2026-02-21","2026-02-21 07:35:00","Itàlia","NEXT MARITIME SL","IBWJ"
"2026","6154","KR","2026-03-11 21:52:00","GLOVIS SUNRISE","10,02","","https://www.marinetraffic.com/en/ais/details/ships/mmsi:440202000","AUTOTERMINAL SA","21:47","2026-03-09 20:47:00","2026-03-09","2026-03-11 20:52:00","Car-carrier","21:52","DZALG","30C","440202000","9702405","SGSIN","Finalitzada","199,97","Singapore","Alger (Algiers)","F","1-5","81744-1","2026-03-11","2026-03-09 21:47:00","Corea del Sud","BERGE MARITIMA SL","D7FX"
"2026","6154","LR","2026-01-21 00:26:00","JASMINE LEADER","10,1","38","https://www.marinetraffic.com/en/ais/details/ships/mmsi:636022332","AUTOTERMINAL SA","12:17","2026-01-19 11:17:00","2026-01-19","2026-01-20 23:26:00","Car-carrier","00:26","GBBRS","30C","636022332","9925368","MYPGG","Finalitzada","199,9","Pengerang","Bristol","F","1-5","80798-1","2026-01-21","2026-01-19 12:17:00","Libèria","NOATUM MARITIME SPAIN SAU","5LIG8"
"2026","6154","LR","2026-01-21 04:16:00","LAKE KIVU","9","","https://www.marinetraffic.com/en/ais/details/ships/mmsi:636015993","AUTOTERMINAL SA","16:58","2026-01-19 15:58:00","2026-01-19","2026-01-21 03:16:00","Car-carrier","04:16","GBSHS","31A","636015993","9308792","ITLIV","Finalitzada","182,8","Livorno","Sheerness","F","2-6","80981-1","2026-01-21","2026-01-19 16:58:00","Libèria","NEPTUNE BARCELONA SA","D5DX4"
"2026","6154","LR","2026-01-24 00:40:00","UNITED SPIRIT","8,52","","https://www.marinetraffic.com/en/ais/details/ships/mmsi:636011280","AUTOTERMINAL SA","05:06","2026-01-23 04:06:00","2026-01-23","2026-01-23 23:40:00","Car-carrier","00:40","ITLIV","30C","636011280","9185047","GBTYN","Finalitzada","174,98","Tyne","Livorno","F","1-5","80717-1","2026-01-24","2026-01-23 05:06:00","Libèria","TRANSPORTES CONSIGNACION MARITIMAS SA","ELYB2"
"2026","6154","LR","2026-02-07 16:09:00","LAKE LUGU","10","","https://www.marinetraffic.com/en/ais/details/ships/mmsi:636021539","AUTOTERMINAL SA","23:38","2026-02-06 22:38:00","2026-02-06","2026-02-07 15:09:00","Car-carrier","16:09","ITLIV","31A","636021539","9946087","BEZEE","Finalitzada","199,9","Zeebrugge","Livorno","F","2-6","80729-1","2026-02-07","2026-02-06 23:38:00","Libèria","TRANSPORTES CONSIGNACION MARITIMAS SA","5LEK8"
"2026","6154","LR","2026-02-17 19:38:00","SUMIRE LEADER","10,1","","https://www.marinetraffic.com/en/ais/details/ships/mmsi:636022335","AUTOTERMINAL SA","04:56","2026-02-17 03:56:00","2026-02-17","2026-02-17 18:38:00","Car-carrier","19:38","BEANR","30C","636022335","9933999","SGSIN","Finalitzada","199,85","Singapore","Anvers","F","1-5","81736-1","2026-02-17","2026-02-17 04:56:00","Libèria","NOATUM MARITIME SPAIN SAU","5LIH3"
"2026","6154","LR","2026-02-26 21:19:00","LAKE KIVU","9","","https://www.marinetraffic.com/en/ais/details/ships/mmsi:636015993","AUTOTERMINAL SA","07:40","2026-02-25 06:40:00","2026-02-25","2026-02-26 20:19:00","Car-carrier","21:19","PTSET","31A","636015993","9308792","FRFOS","Finalitzada","182,8","Fos-sur-Mer","Setubal","F","2-6","82253-1","2026-02-26","2026-02-25 07:40:00","Libèria","NEPTUNE BARCELONA SA","D5DX4"
"2026","6154","LR","2026-02-28 13:08:00","TOURMALINE ACE","10,12","38","https://www.marinetraffic.com/en/ais/details/ships/mmsi:636024846","AUTOTERMINAL SA","09:46","2026-02-27 08:46:00","2026-02-27","2026-02-28 12:08:00","Car-carrier","13:08","ITLIV","30C","636024846","9979084","GBNCL","Finalitzada","199,93","Newcastle upon Tyne","Livorno","F","1-5","81213-1","2026-02-28","2026-02-27 09:46:00","Libèria","TRANSPORTES CONSIGNACION MARITIMAS SA","5LUO6"
"2026","6154","LR","2026-03-02 21:51:00","ANJI COMMONALITY","10,2","38","https://www.marinetraffic.com/en/ais/details/ships/mmsi:636023524","AUTOTERMINAL SA","01:59","2026-03-01 00:59:00","2026-03-01","2026-03-02 20:51:00","Car-carrier","21:51","CNYAT","30C","636023524","9973406","ESTAR","Finalitzada","199,9","Tarragona","Yantai","F","1-5","81738-1","2026-03-02","2026-03-01 01:59:00","Libèria","NOATUM MARITIME SPAIN SAU","5LOC9"
"2026","6154","LR","2026-03-12 07:55:00","POLARIS MILA","9","","https://www.marinetraffic.com/en/ais/details/ships/mmsi:636016205","AUTOTERMINAL SA","17:29","2026-03-11 16:29:00","2026-03-11","2026-03-12 06:55:00","Car-carrier","07:55","TRDRC","31A","636016205","9289908","ESTAR","Finalitzada","182,8","Tarragona","Derince","F","2-6","82524-1","2026-03-12","2026-03-11 17:29:00","Libèria","BERGE MARITIMA SL","D5EZ7"
"2026","6154","LR","2026-03-12 21:29:00","TRANS CARRIER","6,06","","https://www.marinetraffic.com/en/ais/details/ships/mmsi:636022734","AUTOTERMINAL SA","12:55","2026-03-12 11:55:00","2026-03-12","2026-03-12 20:29:00","Ro-Ro","21:29","MAPTM","31A","636022734","9007879","MAPTM","Finalitzada","144,15","Tanger Med","Tanger Med","F","3-6","82656-1","2026-03-12","2026-03-12 12:55:00","Libèria","NOATUM MARITIME SPAIN SAU","5LR2"
"2026","6154","LR","2026-03-14 19:48:00","LAKE HERMAN","10","","https://www.marinetraffic.com/en/ais/details/ships/mmsi:636021536","AUTOTERMINAL SA","20:10","2026-03-12 19:10:00","2026-03-12","2026-03-14 18:48:00","Car-carrier","19:48","SIKOP","30C","636021536","9953119","GBBRS","Finalitzada","199,9","Bristol","Koper","F","1-5","82173-1","2026-03-14","2026-03-12 20:10:00","Libèria","TRANSPORTES CONSIGNACION MARITIMAS SA","5LEK5"
"2026","6154","LR","2026-03-15 18:46:00","UNITED SPIRIT","8,52","","https://www.marinetraffic.com/en/ais/details/ships/mmsi:636011280","AUTOTERMINAL SA","22:43","2026-03-14 21:43:00","2026-03-14","2026-03-15 17:46:00","Car-carrier","18:46","TRAUT","30C","636011280","9185047","GBTYN","Finalitzada","174,98","Tyne","Yenikoy-Autoport","F","1-5","82584-1","2026-03-15","2026-03-14 22:43:00","Libèria","TRANSPORTES CONSIGNACION MARITIMAS SA","ELYB2"
"2026","6154","LR","2026-03-18 00:53:00","TRANS CARRIER","6,06","","https://www.marinetraffic.com/en/ais/details/ships/mmsi:636022734","AUTOTERMINAL SA","12:46","2026-03-17 11:46:00","2026-03-17","2026-03-17 23:53:00","Ro-Ro","00:53","MAPTM","31A","636022734","9007879","MAPTM","Finalitzada","144,15","Tanger Med","Tanger Med","F","3-6","82794-1","2026-03-18","2026-03-17 12:46:00","Libèria","NOATUM MARITIME SPAIN SAU","5LR2"
"2026","6154","MH","2026-01-13 16:56:00","UGR AL REEF","9","31,5","https://www.marinetraffic.com/en/ais/details/ships/mmsi:538011969","AUTOTERMINAL SA","06:14","2026-01-13 05:14:00","2026-01-13","2026-01-13 15:56:00","Car-carrier","16:56","FRMRS","31A","538011969","9448138","FRTLN","Finalitzada","182,8","Toulon","Marseille","F","2-6","80846-1","2026-01-13","2026-01-13 06:14:00","Illes Marshall","NOATUM MARITIME SPAIN SAU","V7A3741"
"2026","6154","MH","2026-01-28 22:59:00","MORNING PROSPERITY","10,52","","https://www.marinetraffic.com/en/ais/details/ships/mmsi:538007250","AUTOTERMINAL SA","07:52","2026-01-28 06:52:00","2026-01-28","2026-01-28 21:59:00","Car-carrier","22:59","GBBRS","31A","538007250","9780639","SGSIN","Finalitzada","199,9","Singapore","Bristol","F","2-6","80791-1","2026-01-28","2026-01-28 07:52:00","Illes Marshall","BERGE MARITIMA SL","V7BJ2"
"2026","6154","MH","2026-01-31 00:08:00","ABU SAMRAH","6,82","26","https://www.marinetraffic.com/en/ais/details/ships/mmsi:538010634","AUTOTERMINAL SA","04:36","2026-01-30 03:36:00","2026-01-30","2026-01-30 23:08:00","Ro-Ro","00:08","DZDJE","30C","538010634","9925655","FRMRS","Finalitzada","209,79","Marseille","Djen-Djen","F","1-5","81242-1","2026-01-31","2026-01-30 04:36:00","Illes Marshall","NOATUM MARITIME SPAIN SAU","V7A7177"
"2026","6154","MH","2026-02-04 16:49:00","AL JUBAIL","11,5","37,5","https://www.marinetraffic.com/en/ais/details/ships/mmsi:538010831","AUTOTERMINAL SA","05:40","2026-02-04 04:40:00","2026-02-04","2026-02-04 15:49:00","Ro-Ro","16:49","EGALY","30A","538010831","9547219","ESBCN","Finalitzada","239","Barcelona","El Iskandariya (= Alexandria)","F","2-7","81547-1","2026-02-04","2026-02-04 05:40:00","Illes Marshall","NOATUM MARITIME SPAIN SAU","V7A7482"
"2026","6154","MH","2026-02-04 21:05:00","SUNBELT SPIRIT","9,82","","https://www.marinetraffic.com/en/ais/details/ships/mmsi:538001657","AUTOTERMINAL SA","12:40","2026-02-03 11:40:00","2026-02-03","2026-02-04 20:05:00","Car-carrier","21:05","ESTAR","31A","538001657","9233246","FRSET","Finalitzada","212","Sete","Tarragona","F","2-6","81423-1","2026-02-04","2026-02-03 12:40:00","Illes Marshall","NEPTUNE BARCELONA SA","V7DK4"
"2026","6154","MH","2026-02-18 15:44:00","SUNBELT SPIRIT","9,82","","https://www.marinetraffic.com/en/ais/details/ships/mmsi:538001657","AUTOTERMINAL SA","02:59","2026-02-17 01:59:00","2026-02-17","2026-02-18 14:44:00","Car-carrier","15:44","ITLIV","31A","538001657","9233246","FRFOS","Finalitzada","212","Fos-sur-Mer","Livorno","F","2-6","81618-1","2026-02-18","2026-02-17 02:59:00","Illes Marshall","NEPTUNE BARCELONA SA","V7DK4"
"2026","6154","MH","2026-03-02 23:02:00","ABU SAMRAH","6,82","","https://www.marinetraffic.com/en/ais/details/ships/mmsi:538010634","AUTOTERMINAL SA","10:49","2026-03-02 09:49:00","2026-03-02","2026-03-02 22:02:00","Ro-Ro","23:02","ITGOA","30A","538010634","9925655","FRMRS","Finalitzada","209,79","Marseille","Genoa","F","3-7","82254-1","2026-03-02","2026-03-02 10:49:00","Illes Marshall","NOATUM MARITIME SPAIN SAU","V7A7177"
"2026","6154","MH","2026-03-12 18:04:00","SUNBELT SPIRIT","9,82","","https://www.marinetraffic.com/en/ais/details/ships/mmsi:538001657","AUTOTERMINAL SA","23:47","2026-03-11 22:47:00","2026-03-11","2026-03-12 17:04:00","Car-carrier","18:04","ESVLC","30C","538001657","9233246","FRSET","Finalitzada","212","Sete","Valencia","F","1-5","82559-1","2026-03-12","2026-03-11 23:47:00","Illes Marshall","NEPTUNE BARCELONA SA","V7DK4"
"2026","6154","MT","2026-01-14 14:31:00","NEPTUNE HORIZON","8,7","","https://www.marinetraffic.com/en/ais/details/ships/mmsi:256488000","AUTOTERMINAL SA","05:01","2026-01-14 04:01:00","2026-01-14","2026-01-14 13:31:00","Car-carrier","14:31","ESVLC","31A","256488000","9451721","FRSET","Finalitzada","168,06","Sete","Valencia","F","2-6","80796-1","2026-01-14","2026-01-14 05:01:00","Malta","NEPTUNE BARCELONA SA","9HA3929"
"2026","6154","MT","2026-01-21 22:42:00","POL STELLA","7,02","","https://www.marinetraffic.com/en/ais/details/ships/mmsi:229296000","AUTOTERMINAL SA","15:45","2026-01-21 14:45:00","2026-01-21","2026-01-21 21:42:00","Ro-Ro","22:42","FRMRS","30C","229296000","9457165","FRTLN","Finalitzada","193","Toulon","Marseille","F","1-5","81144-1","2026-01-21","2026-01-21 15:45:00","Malta","NOATUM MARITIME SPAIN SAU","9HA5323"
"2026","6154","MT","2026-02-05 19:50:00","NEPTUNE HELLAS","8,7","28","https://www.marinetraffic.com/en/ais/details/ships/mmsi:256575000","AUTOTERMINAL SA","03:50","2026-02-05 02:50:00","2026-02-05","2026-02-05 18:50:00","Car-carrier","19:50","GRPIR","31A","256575000","9440148","ESAGP","Finalitzada","168,06","Malaga","Piraeus","F","2-6","81580-1","2026-02-05","2026-02-05 03:50:00","Malta","NEPTUNE BARCELONA SA","9HA3957"
"2026","6154","MT","2026-02-13 20:52:00","NEPTUNE KOPER","8,41","","https://www.marinetraffic.com/en/ais/details/ships/mmsi:215940000","AUTOTERMINAL SA","02:00","2026-02-13 01:00:00","2026-02-13","2026-02-13 19:52:00","Ro-Ro","20:52","ESVLC","30C","215940000","9279812","FRSET","Finalitzada","196,4","Sete","Valencia","F","1-5","81619-1","2026-02-13","2026-02-13 02:00:00","Malta","NEPTUNE BARCELONA SA","9HA5382"
"2026","6154","MT","2026-02-14 17:01:00","NEPTUNE KALLOS","8,7","","https://www.marinetraffic.com/en/ais/details/ships/mmsi:256010000","AUTOTERMINAL SA","17:51","2026-02-13 16:51:00","2026-02-13","2026-02-14 16:01:00","Car-carrier","17:01","MAPTM","31A","256010000","9442122","ESTAR","Finalitzada","168,06","Tarragona","Tanger Med","F","2-6","81674-1","2026-02-14","2026-02-13 17:51:00","Malta","NEPTUNE BARCELONA SA","9HA5657"
"2026","6154","MT","2026-02-16 16:15:00","NEPTUNE OKEANIS","6,65","","https://www.marinetraffic.com/en/ais/details/ships/mmsi:215912000","AUTOTERMINAL SA","16:19","2026-02-15 15:19:00","2026-02-15","2026-02-16 15:15:00","Car-carrier","16:15","ESAGP","30C","215912000","9306706","FRMRS","Finalitzada","164,4","Marseille","Malaga","F","1-4","81684-1","2026-02-16","2026-02-15 16:19:00","Malta","NEPTUNE BARCELONA SA","9HZW7"
"2026","6154","MT","2026-02-28 14:07:00","NEPTUNE HELLAS","8,7","","https://www.marinetraffic.com/en/ais/details/ships/mmsi:256575000","AUTOTERMINAL SA","05:10","2026-02-27 04:10:00","2026-02-27","2026-02-28 13:07:00","Car-carrier","14:07","ESVLC","31A","256575000","9440148","FRSET","Finalitzada","168,06","Sete","Valencia","F","2-6","82305-1","2026-02-28","2026-02-27 05:10:00","Malta","NEPTUNE BARCELONA SA","9HA3957"
"2026","6154","NO","2026-01-30 02:41:00","HOEGH JEDDAH","10","","https://www.marinetraffic.com/en/ais/details/ships/mmsi:258975000","AUTOTERMINAL SA","04:41","2026-01-29 03:41:00","2026-01-29","2026-01-30 01:41:00","Car-carrier","02:41","BEZEE","31A","258975000","9673381","SGSIN","Finalitzada","199,95","Singapore","Zeebrugge","F","2-6","81149-1","2026-01-30","2026-01-29 04:41:00","Noruega","NOATUM MARITIME SPAIN SAU","LASZ7"
"2026","6154","NO","2026-02-07 20:23:00","DON PASQUALE","11,02","","https://www.marinetraffic.com/en/ais/details/ships/mmsi:259023000","AUTOTERMINAL SA","21:53","2026-02-05 20:53:00","2026-02-05","2026-02-07 19:23:00","Car-carrier","20:23","GBSOU","30C","259023000","9138513","SGSIN","Finalitzada","227,9","Singapore","Southampton","F","1-5","81190-1","2026-02-07","2026-02-05 21:53:00","Noruega","BERGE MARITIMA SL","LATF8"
"2026","6154","PA","2026-01-22 20:17:00","PRESTIGE ACE","10,02","","https://www.marinetraffic.com/en/ais/details/ships/mmsi:355745000","AUTOTERMINAL SA","10:32","2026-01-21 09:32:00","2026-01-21","2026-01-22 19:17:00","Car-carrier","20:17","BEANR","31A","355745000","9213454","MTMLA","Finalitzada","199,94","Malta (Valetta)","Anvers","F","2-6","80835-1","2026-01-22","2026-01-21 10:32:00","Panamà","NOATUM MARITIME SPAIN SAU","H3NG"
"2026","6154","PA","2026-02-02 19:42:00","CANADIAN HIGHWAY","10,02","","https://www.marinetraffic.com/en/ais/details/ships/mmsi:352718000","AUTOTERMINAL SA","09:17","2026-02-02 08:17:00","2026-02-02","2026-02-02 18:42:00","Car-carrier","19:42","GBBRS","30C","352718000","9574066","GIGIB","Finalitzada","199,97","Gibraltar","Bristol","F","1-5","81188-1","2026-02-02","2026-02-02 09:17:00","Panamà","BERGE MARITIMA SL","3EVW3"
"2026","6154","PA","2026-02-12 22:58:00","LAPIS ACE","10,12","38","https://www.marinetraffic.com/en/ais/details/ships/mmsi:352004369","AUTOTERMINAL SA","22:38","2026-02-11 21:38:00","2026-02-11","2026-02-12 21:58:00","Car-carrier","22:58","SIKOP","30C","352004369","9991159","GBBRS","Finalitzada","199,93","Bristol","Koper","F","1-5","80720-1","2026-02-12","2026-02-11 22:38:00","Panamà","TRANSPORTES CONSIGNACION MARITIMAS SA","3E6680"
"2026","6154","PA","2026-02-19 22:14:00","MERMAID ACE","9,82","","https://www.marinetraffic.com/en/ais/details/ships/mmsi:355139000","AUTOTERMINAL SA","20:06","2026-02-18 19:06:00","2026-02-18","2026-02-19 21:14:00","Car-carrier","22:14","ITLIV","30C","355139000","9561289","GBNCL","Finalitzada","199,95","Newcastle upon Tyne","Livorno","F","1-5","81712-1","2026-02-19","2026-02-18 20:06:00","Panamà","TRANSPORTES CONSIGNACION MARITIMAS SA","3FCG3"
"2026","6154","PA","2026-03-05 17:29:00","CIELO ACE","9,98","","https://www.marinetraffic.com/en/ais/details/ships/mmsi:352004807","AUTOTERMINAL SA","00:56","2026-03-02 23:56:00","2026-03-03","2026-03-05 16:29:00","Car-carrier","17:29","SGSIN","30C","352004807","9999383","GBBRS","Finalitzada","199,96","Bristol","Singapore","F","1-5","81403-1","2026-03-05","2026-03-03 00:56:00","Panamà","TRANSPORTES CONSIGNACION MARITIMAS SA","3E7047"
"2026","6154","PA","2026-03-16 01:53:00","SEA PATRIS","9,02","","https://www.marinetraffic.com/en/ais/details/ships/mmsi:351732000","AUTOTERMINAL SA","16:07","2026-03-14 15:07:00","2026-03-14","2026-03-16 00:53:00","Car-carrier","01:53","ITLIV","31A","351732000","8415794","CYLCA","Finalitzada","176,72","Larnaca","Livorno","F","2-6","82693-1","2026-03-16","2026-03-14 16:07:00","Panamà","BERGE MARITIMA SL","3FWI7"
"2026","6154","PA","2026-03-17 01:11:00","ERK IZMIR","5,5","","https://www.marinetraffic.com/en/ais/details/ships/mmsi:352002302","AUTOTERMINAL SA","16:18","2026-03-16 15:18:00","2026-03-16","2026-03-17 00:11:00","Car-carrier","01:11","MACAS","31B","352002302","9179983","TRYAL","Finalitzada","99,9","Yalova","Casablanca","F","1-3","82710-1","2026-03-17","2026-03-16 16:18:00","Panamà","NOATUM MARITIME SPAIN SAU","3E3517"
"2026","6154","PA","2026-03-18 05:49:00","CERULEAN ACE","9,98","","https://www.marinetraffic.com/en/ais/details/ships/mmsi:352003313","AUTOTERMINAL SA","09:47","2026-03-17 08:47:00","2026-03-17","2026-03-18 04:49:00","Car-carrier","05:49","SGSIN","30C","352003313","9973872","GBBRS","Finalitzada","199,96","Bristol","Singapore","F","1-5","82175-1","2026-03-18","2026-03-17 09:47:00","Panamà","TRANSPORTES CONSIGNACION MARITIMAS SA","3E7475"
"2026","6154","SA","2026-01-16 15:55:00","BAHRI HOFUF","9,5","32,3","https://www.marinetraffic.com/en/ais/details/ships/mmsi:403521001","AUTOTERMINAL SA","21:04","2026-01-15 20:04:00","2026-01-15","2026-01-16 14:55:00","Ro-Ro","15:55","BEANR","30C","403521001","9620956","EGALY","Finalitzada","224,96","El Iskandariya (= Alexandria)","Anvers","F","1-5","80758-1","2026-01-16","2026-01-15 21:04:00","Aràbia Saudita","BERGE MARITIMA SL","HZEM"
"2026","6154","TR","2026-02-18 17:10:00","SAFFET BEY","8,82","","https://www.marinetraffic.com/en/ais/details/ships/mmsi:271000419","AUTOTERMINAL SA","08:14","2026-02-18 07:14:00","2026-02-18","2026-02-18 16:10:00","Ro-Ro","17:10","EGALY","30C","271000419","8417118","GRKLL","Finalitzada","163,81","Kalilimenes","El Iskandariya (= Alexandria)","F","1-4","81662-1","2026-02-18","2026-02-18 08:14:00","Turquia","NOATUM MARITIME SPAIN SAU","TCUZ"
"2026","6154","TR","2026-03-09 16:00:00","SAFFET BEY","8,82","","https://www.marinetraffic.com/en/ais/details/ships/mmsi:271000419","AUTOTERMINAL SA","16:15","2026-03-08 15:15:00","2026-03-08","2026-03-09 15:00:00","Ro-Ro","16:00","EGALY","31A","271000419","8417118","GRKLL","Finalitzada","163,81","Kalilimenes","El Iskandariya (= Alexandria)","F","3-6","82507-1","2026-03-09","2026-03-08 16:15:00","Turquia","NOATUM MARITIME SPAIN SAU","TCUZ"
"2026","6212","AG","2026-01-23 16:46:00","SYNETOS","8,8","","https://www.marinetraffic.com/en/ais/details/ships/mmsi:304978000","TERMINAL CATALUNYA SA","03:54","2026-01-23 02:54:00","2026-01-23","2026-01-23 15:46:00","Portacontenidors","16:46","DZDJE","36A","304978000","9347774","DZORN","Finalitzada","139,15","Oran","Djen-Djen","F","27-29","81151-1","2026-01-23","2026-01-23 03:54:00","Antigua i Barbuda","CMA CGM IBERICA SAU","V2CB8"
"2026","6212","AG","2026-03-02 18:43:00","MANDO","10,12","","https://www.marinetraffic.com/en/ais/details/ships/mmsi:304490000","TERMINAL CATALUNYA SA","09:47","2026-03-02 08:47:00","2026-03-02","2026-03-02 17:43:00","Portacontenidors","18:43","ITGOA","36A","304490000","9175705","ITGOA","Finalitzada","153,6","Genoa","Genoa","F","20-23","82415-1","2026-03-02","2026-03-02 09:47:00","Antigua i Barbuda","A PEREZ Y CIA SL","V2BC4"
"2026","6212","AG","2026-03-10 21:01:00","MANDO","10,12","","https://www.marinetraffic.com/en/ais/details/ships/mmsi:304490000","TERMINAL CATALUNYA SA","11:16","2026-03-10 10:16:00","2026-03-10","2026-03-10 20:01:00","Portacontenidors","21:01","ITGOA","36A","304490000","9175705","ITGOA","Finalitzada","153,6","Genoa","Genoa","F","27-30","82549-1","2026-03-10","2026-03-10 11:16:00","Antigua i Barbuda","A PEREZ Y CIA SL","V2BC4"
"2026","6212","BE","2026-02-14 18:07:00","A LA MARINE","9,5","","https://www.marinetraffic.com/en/ais/details/ships/mmsi:205795000","TERMINAL CATALUNYA SA","07:51","2026-02-14 06:51:00","2026-02-14","2026-02-14 17:07:00","Portacontenidors","18:07","MACAS","36A","205795000","9386524","ITSPE","Finalitzada","170,06","La Spezia","Casablanca","F","22-25","81207-1","2026-02-14","2026-02-14 07:51:00","Bèlgica","CMA CGM IBERICA SAU","ONKP"
"2026","6212","BE","2026-03-09 13:45:00","A LA MARINE","9,5","25","https://www.marinetraffic.com/en/ais/details/ships/mmsi:205795000","TERMINAL CATALUNYA SA","13:59","2026-03-08 12:59:00","2026-03-08","2026-03-09 12:45:00","Portacontenidors","13:45","FRMRS","36A","205795000","9386524","PTSET","Finalitzada","170,06","Setubal","Marseille","F","26-29","81552-1","2026-03-09","2026-03-08 13:59:00","Bèlgica","CMA CGM IBERICA SAU","ONKP"
"2026","6212","BS","2026-02-27 15:04:00","FELIXSTOWE","12,63","","https://www.marinetraffic.com/en/ais/details/ships/mmsi:311001345","TERMINAL CATALUNYA SA","03:16","2026-02-27 02:16:00","2026-02-27","2026-02-27 14:04:00","Portacontenidors","15:04","ESVLC","36A","311001345","9227039","ITGOA","Finalitzada","259,8","Genoa","Valencia","F","20-25","80987-1","2026-02-27","2026-02-27 03:16:00","Bahames","A PEREZ Y CIA SL","C6GT4"
"2026","6212","CY","2026-01-15 22:34:00","MSC CLARITA III","12","","https://www.marinetraffic.com/en/ais/details/ships/mmsi:636026166","TERMINAL CATALUNYA SA","13:58","2026-01-14 12:58:00","2026-01-14","2026-01-15 21:34:00","Portacontenidors","22:34","ESCAS","36A","636026166","9300972","ITSPE","Finalitzada","212,84","La Spezia","Castellon de la Plana","F","26-30","80774-1","2026-01-15","2026-01-14 13:58:00","Xipre","MEDITERRANEAN SHIPPING COM ESPAÑA SLU","A8MT5"
"2026","6212","CY","2026-01-25 17:32:00","WEC VAN GOGH","8,7","22,5","https://www.marinetraffic.com/en/ais/details/ships/mmsi:212641000","TERMINAL CATALUNYA SA","19:58","2026-01-24 18:58:00","2026-01-24","2026-01-25 16:32:00","Portacontenidors","17:32","ESVLC","36A","212641000","9246566","ESAGP","Finalitzada","134,44","Malaga","Valencia","F","27-29","80889-1","2026-01-25","2026-01-24 19:58:00","Xipre","WEC LINES ESPAÑA SLU","C4TK2"
"2026","6212","CY","2026-01-31 03:25:00","FALKENBERG","6,45","","https://www.marinetraffic.com/en/ais/details/ships/mmsi:210724000","TERMINAL CATALUNYA SA","08:21","2026-01-30 07:21:00","2026-01-30","2026-01-31 02:25:00","Càrrega (Lo-Lo)","03:25","GHTEM","22C","210724000","9520508","MACAS","Finalitzada","117","Casablanca","Tema","F","6-8","80984-1","2026-01-31","2026-01-30 08:21:00","Xipre","NOATUM MARITIME SPAIN SAU","5BKT2"
"2026","6212","CY","2026-01-31 12:49:00","FALKENBERG","6,45","","https://www.marinetraffic.com/en/ais/details/ships/mmsi:210724000","TERMINAL CATALUNYA SA","03:26","2026-01-31 02:26:00","2026-01-31","2026-01-31 11:49:00","Càrrega (Lo-Lo)","12:49","GHTEM","36A","210724000","9520508","MACAS","Finalitzada","117","Casablanca","Tema","F","12-15","80984-2","2026-01-31","2026-01-31 03:26:00","Xipre","NOATUM MARITIME SPAIN SAU","5BKT2"
"2026","6212","CY","2026-02-13 20:21:00","AMERICA","15","","https://www.marinetraffic.com/en/ais/details/ships/mmsi:209550000","TERMINAL CATALUNYA SA","08:13","2026-02-13 07:13:00","2026-02-13","2026-02-13 19:21:00","Portacontenidors","20:21","ESVLC","36A","209550000","9285990","ITLIV","Finalitzada","334","Livorno","Valencia","F","12-19","81236-1","2026-02-13","2026-02-13 08:13:00","Xipre","MEDITERRANEAN SHIPPING COM ESPAÑA SLU","P3XP9"
"2026","6212","CY","2026-02-18 05:36:00","WEC VAN GOGH","8,7","","https://www.marinetraffic.com/en/ais/details/ships/mmsi:212641000","TERMINAL CATALUNYA SA","16:53","2026-02-17 15:53:00","2026-02-17","2026-02-18 04:36:00","Portacontenidors","05:36","ESVLC","36A","212641000","9246566","ESFUE","Finalitzada","134,44","Puerto del Rosario-Fuerteventura","Valencia","F","21-24","81469-1","2026-02-18","2026-02-17 16:53:00","Xipre","WEC LINES ESPAÑA SLU","C4TK2"
"2026","6212","CY","2026-03-08 06:59:00","WEC VAN GOGH","8,7","22,5","https://www.marinetraffic.com/en/ais/details/ships/mmsi:212641000","TERMINAL CATALUNYA SA","19:32","2026-03-07 18:32:00","2026-03-07","2026-03-08 05:59:00","Portacontenidors","06:59","ESVLC","36A","212641000","9246566","MAAGA","Finalitzada","134,44","Agadir","Valencia","F","27-30","82258-1","2026-03-08","2026-03-07 19:32:00","Xipre","WEC LINES ESPAÑA SLU","C4TK2"
"2026","6212","CY","2026-03-11 16:29:00","WEC MAJORELLE","6,69","18,2","https://www.marinetraffic.com/en/ais/details/ships/mmsi:210312000","TERMINAL CATALUNYA SA","05:23","2026-03-11 04:23:00","2026-03-11","2026-03-11 15:29:00","Portacontenidors","16:29","ESVLC","36A","210312000","9134153","ESALG","Finalitzada","121,83","Algeciras","Valencia","F","27-30","81155-2","2026-03-11","2026-03-11 05:23:00","Xipre","A PEREZ Y CIA SL","5BSJ3"
"2026","6212","CY","2026-03-12 18:46:00","CONTSHIP PAX","8,5","","https://www.marinetraffic.com/en/ais/details/ships/mmsi:209575000","TERMINAL CATALUNYA SA","04:11","2026-03-12 03:11:00","2026-03-12","2026-03-12 17:46:00","Portacontenidors","18:46","FRMRS","36A","209575000","9435521","DZORN","Finalitzada","147,83","Oran","Marseille","F","27-30","81754-1","2026-03-12","2026-03-12 04:11:00","Xipre","CMA CGM IBERICA SAU","5BFG5"
"2026","6212","CY","2026-03-13 23:53:00","MSC EVEREST VIII","14,5","","https://www.marinetraffic.com/en/ais/details/ships/mmsi:210644000","TERMINAL CATALUNYA SA","14:18","2026-03-12 13:18:00","2026-03-12","2026-03-13 22:53:00","Portacontenidors","23:53","ITGIT","36A","210644000","9286231","BSFPO","Finalitzada","334","Freeport, Grand Bahama","Gioia Tauro","F","18-25","82060-1","2026-03-13","2026-03-12 14:18:00","Xipre","MEDITERRANEAN SHIPPING COM ESPAÑA SLU","5BWU6"
"2026","6212","DE","2026-02-20 19:22:00","MSC CADIZ","13,5","","https://www.marinetraffic.com/en/ais/details/ships/mmsi:218847000","TERMINAL CATALUNYA SA","09:08","2026-02-20 08:08:00","2026-02-20","2026-02-20 18:22:00","Portacontenidors","19:22","ITGIT","36A","218847000","9480203","BSFPO","Finalitzada","270,4","Freeport, Grand Bahama","Gioia Tauro","F","19-25","81534-1","2026-02-20","2026-02-20 09:08:00","Alemanya","MEDITERRANEAN SHIPPING COM ESPAÑA SLU","DITI2"
"2026","6212","DK","2026-01-20 04:04:00","MAERSK NORFOLK","11,4","","https://www.marinetraffic.com/en/ais/details/ships/mmsi:219225000","TERMINAL CATALUNYA SA","14:34","2026-01-19 13:34:00","2026-01-19","2026-01-20 03:04:00","Portacontenidors","04:04","MACAS","36A","219225000","9356139","ESVLC","Finalitzada","210,49","Valencia","Casablanca","F","25-29","80759-1","2026-01-20","2026-01-19 14:34:00","Dinamarca","NOATUM MARITIME SPAIN SAU","OZDK2"
"2026","6212","DK","2026-01-30 15:13:00","MAERSK NORFOLK","11,4","29,8","https://www.marinetraffic.com/en/ais/details/ships/mmsi:219225000","TERMINAL CATALUNYA SA","18:21","2026-01-29 17:21:00","2026-01-29","2026-01-30 14:13:00","Portacontenidors","15:13","MACAS","36A","219225000","9356139","ESBCN","Finalitzada","210,49","Barcelona","Casablanca","F","12-16","81348-1","2026-01-30","2026-01-29 18:21:00","Dinamarca","NOATUM MARITIME SPAIN SAU","OZDK2"
"2026","6212","DK","2026-03-15 11:48:00","MAERSK NORFOLK","11,4","","https://www.marinetraffic.com/en/ais/details/ships/mmsi:219225000","TERMINAL CATALUNYA SA","01:26","2026-03-15 00:26:00","2026-03-15","2026-03-15 10:48:00","Portacontenidors","11:48","ESALG","36A","219225000","9356139","ESVLC","Finalitzada","210,49","Valencia","Algeciras","F","26-30","81700-2","2026-03-15","2026-03-15 01:26:00","Dinamarca","NOATUM MARITIME SPAIN SAU","OZDK2"
"2026","6212","DZ","2026-02-24 22:15:00","DJANET","9,5","","https://www.marinetraffic.com/en/ais/details/ships/mmsi:605086090","TERMINAL CATALUNYA SA","15:11","2026-02-24 14:11:00","2026-02-24","2026-02-24 21:15:00","Portacontenidors","22:15","DZALG","36A","605086090","9845063","DZALG","Finalitzada","171,9","Alger (Algiers)","Alger (Algiers)","F","26-29","81405-1","2026-02-24","2026-02-24 15:11:00","Algèria","TRANSPORTES CONSIGNACION MARITIMAS SA","7THR"
"2026","6212","FR","2026-01-31 17:27:00","CMA CGM KIMBERLEY","16","51","https://www.marinetraffic.com/en/ais/details/ships/mmsi:228409900","TERMINAL CATALUNYA SA","18:52","2026-01-29 17:52:00","2026-01-29","2026-01-31 16:27:00","Portacontenidors","17:27","FRFOS","36A","228409900","9894973","ESVLC","Finalitzada","366","Valencia","Fos-sur-Mer","F","3-10","80786-1","2026-01-31","2026-01-29 18:52:00","França","CMA CGM IBERICA SAU","FMPR"
"2026","6212","FR","2026-02-10 23:43:00","CMA CGM GREENLAND","16","51","https://www.marinetraffic.com/en/ais/details/ships/mmsi:228410800","TERMINAL CATALUNYA SA","04:42","2026-02-09 03:42:00","2026-02-09","2026-02-10 22:43:00","Portacontenidors","23:43","FRFOS","36A","228410800","9895006","ESVLC","Finalitzada","366","Valencia","Fos-sur-Mer","F","2-9","81115-1","2026-02-10","2026-02-09 04:42:00","França","CMA CGM IBERICA SAU","FMPU"
"2026","6212","FR","2026-02-23 16:16:00","CMA CGM LAGUNA","16","51","https://www.marinetraffic.com/en/ais/details/ships/mmsi:228459700","TERMINAL CATALUNYA SA","22:08","2026-02-21 21:08:00","2026-02-21","2026-02-23 15:16:00","Portacontenidors","16:16","FRFOS","36A","228459700","9938171","ESVLC","Finalitzada","366","Valencia","Fos-sur-Mer","F","12-19","81216-1","2026-02-23","2026-02-21 22:08:00","França","CMA CGM IBERICA SAU","FMYQ"
"2026","6212","FR","2026-02-27 19:26:00","CMA CGM BIG SUR","16","","https://www.marinetraffic.com/en/ais/details/ships/mmsi:228459900","TERMINAL CATALUNYA SA","17:46","2026-02-25 16:46:00","2026-02-25","2026-02-27 18:26:00","Portacontenidors","19:26","FRFOS","36A","228459900","9938169","ESVLC","Finalitzada","366","Valencia","Fos-sur-Mer","F","12-19","81342-1","2026-02-27","2026-02-25 17:46:00","França","CMA CGM IBERICA SAU","FMYS"
"2026","6212","HK","2026-02-03 04:30:00","NORA MAERSK","11,15","","https://www.marinetraffic.com/en/ais/details/ships/mmsi:477642600","TERMINAL CATALUNYA SA","10:11","2026-02-02 09:11:00","2026-02-02","2026-02-03 03:30:00","Portacontenidors","04:30","ESALG","36A","477642600","9192478","ESVLC","Finalitzada","198,6","Valencia","Algeciras","F","19-22","81146-1","2026-02-03","2026-02-02 10:11:00","Hong Kong","NOATUM MARITIME SPAIN SAU","VRTU2"
"2026","6212","HK","2026-02-23 22:24:00","MAERSK NARMADA","11,4","","https://www.marinetraffic.com/en/ais/details/ships/mmsi:477552700","TERMINAL CATALUNYA SA","02:06","2026-02-23 01:06:00","2026-02-23","2026-02-23 21:24:00","Portacontenidors","22:24","MAPTM","36A","477552700","9356098","ESVLC","Finalitzada","210,54","Valencia","Tanger Med","F","20-24","81211-1","2026-02-23","2026-02-23 02:06:00","Hong Kong","NOATUM MARITIME SPAIN SAU","VRKZ6"
"2026","6212","HK","2026-03-01 10:48:00","MSC AGADIR","14,52","","https://www.marinetraffic.com/en/ais/details/ships/mmsi:477001100","TERMINAL CATALUNYA SA","21:06","2026-02-27 20:06:00","2026-02-27","2026-03-01 09:48:00","Portacontenidors","10:48","ITNAP","36A","477001100","9619464","ESVLC","Finalitzada","299,18","Valencia","Napoli","F","12-18","81620-1","2026-03-01","2026-02-27 21:06:00","Hong Kong","MEDITERRANEAN SHIPPING COM ESPAÑA SLU","VRLC2"
"2026","6212","HK","2026-03-03 17:29:00","NORA MAERSK","11,15","","https://www.marinetraffic.com/en/ais/details/ships/mmsi:477642600","TERMINAL CATALUNYA SA","06:59","2026-03-03 05:59:00","2026-03-03","2026-03-03 16:29:00","Portacontenidors","17:29","ESVLC","36A","477642600","9192478","EGALY","Finalitzada","198,6","El Iskandariya (= Alexandria)","Valencia","F","25-29","82306-1","2026-03-03","2026-03-03 06:59:00","Hong Kong","NOATUM MARITIME SPAIN SAU","VRTU2"
"2026","6212","HK","2026-03-16 17:00:00","MAERSK NARMADA","11,4","","https://www.marinetraffic.com/en/ais/details/ships/mmsi:477552700","TERMINAL CATALUNYA SA","21:51","2026-03-15 20:51:00","2026-03-15","2026-03-16 16:00:00","Portacontenidors","17:00","MACAS","36A","477552700","9356098","EGALY","Finalitzada","210,54","El Iskandariya (= Alexandria)","Casablanca","F","26-30","82582-1","2026-03-16","2026-03-15 21:51:00","Hong Kong","NOATUM MARITIME SPAIN SAU","VRKZ6"
"2026","6212","IL","2026-02-15 20:01:00","ZIM VIRGINIA","13,5","","https://www.marinetraffic.com/en/ais/details/ships/mmsi:428002000","TERMINAL CATALUNYA SA","11:48","2026-02-15 10:48:00","2026-02-15","2026-02-15 19:01:00","Portacontenidors","20:01","ESVLC","36A","428002000","9231808","ITGOA","Finalitzada","294","Genoa","Valencia","F","24-29","80986-1","2026-02-15","2026-02-15 11:48:00","Israel","A PEREZ Y CIA SL","4XFV"
"2026","6212","IT","2026-03-02 07:56:00","JOLLY ARGENTO","13,5","","https://www.marinetraffic.com/en/ais/details/ships/mmsi:247487700","TERMINAL CATALUNYA SA","20:42","2026-03-01 19:42:00","2026-03-01","2026-03-02 06:56:00","Portacontenidors","07:56","ITGOA","36A","247487700","9467043","ESCAS","Finalitzada","264,28","Castellon de la Plana","Genoa","F","20-25","81210-1","2026-03-02","2026-03-01 20:42:00","Itàlia","BERGE MARITIMA SL","IBMJ"
"2026","6212","LR","2026-01-11 02:01:00","MSC VIOLA","19","51","https://www.marinetraffic.com/en/ais/details/ships/mmsi:636024513","TERMINAL CATALUNYA SA","12:37","2026-01-10 11:37:00","2026-01-10","2026-01-11 01:01:00","Portacontenidors","02:01","TRTEK","36A","636024513","9947172","ESALG","Finalitzada","366","Algeciras","Tekirdag","F","12-19","80770-1","2026-01-11","2026-01-10 12:37:00","Libèria","MEDITERRANEAN SHIPPING COM ESPAÑA SLU","5LSY9"
"2026","6212","LR","2026-01-12 09:08:00","MSC CARPATHIA III","12","","https://www.marinetraffic.com/en/ais/details/ships/mmsi:636022611","TERMINAL CATALUNYA SA","19:44","2026-01-11 18:44:00","2026-01-11","2026-01-12 08:08:00","Portacontenidors","09:08","ESVLC","36A","636022611","9253038","ITGOA","Finalitzada","222","Genoa","Valencia","F","25-29","80765-1","2026-01-12","2026-01-11 19:44:00","Libèria","MEDITERRANEAN SHIPPING COM ESPAÑA SLU","A8HI8"
"2026","6212","LR","2026-01-13 01:26:00","MSC OAK F","8,51","","https://www.marinetraffic.com/en/ais/details/ships/mmsi:636016702","TERMINAL CATALUNYA SA","10:29","2026-01-12 09:29:00","2026-01-12","2026-01-13 00:26:00","Càrrega (Lo-Lo)","01:26","DZORN","36A","636016702","9373917","DZMOS","Finalitzada","148","Mostaganem","Oran","F","26-29","80826-1","2026-01-13","2026-01-12 10:29:00","Libèria","MEDITERRANEAN SHIPPING COM ESPAÑA SLU","A8NX8"
"2026","6212","LR","2026-01-13 12:59:00","MSC ANZIO II","10,2","","https://www.marinetraffic.com/en/ais/details/ships/mmsi:636019221","TERMINAL CATALUNYA SA","03:29","2026-01-13 02:29:00","2026-01-13","2026-01-13 11:59:00","Portacontenidors","12:59","DZALG","36A","636019221","9306237","ITSPE","Finalitzada","168","La Spezia","Alger (Algiers)","F","26-30","80793-1","2026-01-13","2026-01-13 03:29:00","Libèria","MEDITERRANEAN SHIPPING COM ESPAÑA SLU","A8MM4"
"2026","6212","LR","2026-01-14 12:18:00","CONTSHIP ZEN","8,05","","https://www.marinetraffic.com/en/ais/details/ships/mmsi:636018704","TERMINAL CATALUNYA SA","23:57","2026-01-13 22:57:00","2026-01-13","2026-01-14 11:18:00","Portacontenidors","12:18","DZSKI","36A","636018704","9683491","DZGHZ","Finalitzada","158,37","Ghazaouet","Skikda (ex Philippeville)","F","26-29","80807-1","2026-01-14","2026-01-13 23:57:00","Libèria","CMA CGM IBERICA SAU","D5QZ5"
"2026","6212","LR","2026-01-16 20:04:00","CONTSHIP RAY","8,5","","https://www.marinetraffic.com/en/ais/details/ships/mmsi:352006505","TERMINAL CATALUNYA SA","06:22","2026-01-16 05:22:00","2026-01-16","2026-01-16 19:04:00","Càrrega (Lo-Lo)","20:04","ESVLC","36A","352006505","9388338","MACAS","Finalitzada","147,83","Casablanca","Valencia","F","19-22","80785-1","2026-01-16","2026-01-16 06:22:00","Libèria","CMA CGM IBERICA SAU","3EA5246"
"2026","6212","LR","2026-01-19 03:11:00","MSC EMILIE","10,9","","https://www.marinetraffic.com/en/ais/details/ships/mmsi:636020695","TERMINAL CATALUNYA SA","22:35","2026-01-17 21:35:00","2026-01-17","2026-01-19 02:11:00","Portacontenidors","03:11","DZALG","36A","636020695","9334832","DZDJE","Finalitzada","176,96","Djen-Djen","Alger (Algiers)","F","19-22","80827-1","2026-01-19","2026-01-17 22:35:00","Libèria","MEDITERRANEAN SHIPPING COM ESPAÑA SLU","A8IU3"
"2026","6212","LR","2026-01-23 01:47:00","MSC JIANI","9,7","","https://www.marinetraffic.com/en/ais/details/ships/mmsi:636023100","TERMINAL CATALUNYA SA","21:06","2026-01-21 20:06:00","2026-01-21","2026-01-23 00:47:00","Portacontenidors","01:47","DZBJA","36A","636023100","9966934","DZBJA","Finalitzada","172","Bejaia (ex Bougie)","Bejaia (ex Bougie)","F","26-30","80943-1","2026-01-23","2026-01-21 21:06:00","Libèria","MEDITERRANEAN SHIPPING COM ESPAÑA SLU","5LLY4"
"2026","6212","LR","2026-01-23 22:40:00","MSC RADIANT III","11,4","","https://www.marinetraffic.com/en/ais/details/ships/mmsi:636016943","TERMINAL CATALUNYA SA","21:45","2026-01-22 20:45:00","2026-01-22","2026-01-23 21:40:00","Portacontenidors","22:40","DZALG","36A","636016943","9235402","DZDJE","Finalitzada","208","Djen-Djen","Alger (Algiers)","F","20-24","80942-1","2026-01-23","2026-01-22 21:45:00","Libèria","MEDITERRANEAN SHIPPING COM ESPAÑA SLU","A8HA7"
"2026","6212","LR","2026-01-24 09:25:00","AS CONSTANTINA","11,4","","https://www.marinetraffic.com/en/ais/details/ships/mmsi:636093054","TERMINAL CATALUNYA SA","00:09","2026-01-23 23:09:00","2026-01-24","2026-01-24 08:25:00","Portacontenidors","09:25","GRPIR","36A","636093054","9308390","ESALG","Finalitzada","221,69","Algeciras","Piraeus","F","20-24","80797-1","2026-01-24","2026-01-24 00:09:00","Libèria","COSCO SHIPPING LINES SPAIN SA","5LDH6"
"2026","6212","LR","2026-01-25 02:05:00","ZIM NORFOLK","14,5","","https://www.marinetraffic.com/en/ais/details/ships/mmsi:636016983","TERMINAL CATALUNYA SA","10:51","2026-01-24 09:51:00","2026-01-24","2026-01-25 01:05:00","Portacontenidors","02:05","ITGOA","36A","636016983","9710220","ESVLC","Finalitzada","299,95","Valencia","Genoa","F","19-25","80722-1","2026-01-25","2026-01-24 10:51:00","Libèria","A PEREZ Y CIA SL","D5IS4"
"2026","6212","LR","2026-01-25 22:37:00","PANDA 006","14,52","42,8","https://www.marinetraffic.com/en/ais/details/ships/mmsi:636015872","TERMINAL CATALUNYA SA","03:32","2026-01-25 02:32:00","2026-01-25","2026-01-25 21:37:00","Portacontenidors","22:37","MYPKG","36A","636015872","9677026","SIKOP","Finalitzada","270,07","Koper","Port Kelang","F","19-24","81181-1","2026-01-25","2026-01-25 03:32:00","Libèria","MARTICO SL","D5DG4"
"2026","6212","LR","2026-01-26 08:20:00","MSC VIOLA","19","51","https://www.marinetraffic.com/en/ais/details/ships/mmsi:636024513","TERMINAL CATALUNYA SA","13:18","2026-01-25 12:18:00","2026-01-25","2026-01-26 07:20:00","Portacontenidors","08:20","ESVLC","36A","636024513","9947172","ITSPE","Finalitzada","366","La Spezia","Valencia","F","2-9","80782-1","2026-01-26","2026-01-25 13:18:00","Libèria","MEDITERRANEAN SHIPPING COM ESPAÑA SLU","5LSY9"
"2026","6212","LR","2026-01-26 16:56:00","ZIM PACIFIC","12,5","","https://www.marinetraffic.com/en/ais/details/ships/mmsi:636021362","TERMINAL CATALUNYA SA","03:33","2026-01-26 02:33:00","2026-01-26","2026-01-26 15:56:00","Portacontenidors","16:56","ESVLC","36A","636021362","9440837","ITGOA","Finalitzada","262","Genoa","Valencia","F","12-18","80749-1","2026-01-26","2026-01-26 03:33:00","Libèria","A PEREZ Y CIA SL","5LDO9"
"2026","6212","LR","2026-01-26 22:49:00","MSC POTOMAC F","7,8","","https://www.marinetraffic.com/en/ais/details/ships/mmsi:636020662","TERMINAL CATALUNYA SA","09:39","2026-01-26 08:39:00","2026-01-26","2026-01-26 21:49:00","Portacontenidors","22:49","DZALG","36A","636020662","9236274","FRFOS","Finalitzada","149","Fos-sur-Mer","Alger (Algiers)","F","26-29","81200-1","2026-01-26","2026-01-26 09:39:00","Libèria","MEDITERRANEAN SHIPPING COM ESPAÑA SLU","5LAC3"
"2026","6212","LR","2026-01-27 07:32:00","MSC ADONIS","10","","https://www.marinetraffic.com/en/ais/details/ships/mmsi:636021251","TERMINAL CATALUNYA SA","11:07","2026-01-26 10:07:00","2026-01-26","2026-01-27 06:32:00","Portacontenidors","07:32","ESVLC","36A","636021251","9706310","ITSPE","Finalitzada","299,99","La Spezia","Valencia","F","4-10","80781-1","2026-01-27","2026-01-26 11:07:00","Libèria","MEDITERRANEAN SHIPPING COM ESPAÑA SLU","5LDA3"
"2026","6212","LR","2026-01-27 14:19:00","MONTPELLIER","12,02","","https://www.marinetraffic.com/en/ais/details/ships/mmsi:636090971","TERMINAL CATALUNYA SA","23:46","2026-01-26 22:46:00","2026-01-26","2026-01-27 13:19:00","Portacontenidors","14:19","GRPIR","36A","636090971","9314973","ESALG","Finalitzada","222,17","Algeciras","Piraeus","F","12-16","80927-1","2026-01-27","2026-01-26 23:46:00","Libèria","ORIENT OVERSEAS CONTAINER LINE SPAIN SL","A8IG2"
"2026","6212","LR","2026-01-29 14:34:00","MSC ASLI II","9,5","26,66","https://www.marinetraffic.com/en/ais/details/ships/mmsi:636018322","TERMINAL CATALUNYA SA","21:57","2026-01-28 20:57:00","2026-01-28","2026-01-29 13:34:00","Portacontenidors","14:34","FRFOS","36A","636018322","9162631","ESVLC","Finalitzada","217,02","Valencia","Fos-sur-Mer","F","18-22","81232-1","2026-01-29","2026-01-28 21:57:00","Libèria","MEDITERRANEAN SHIPPING COM ESPAÑA SLU","D5PF2"
"2026","6212","LR","2026-01-29 17:02:00","MSC ISTANBUL","17,4","54","https://www.marinetraffic.com/en/ais/details/ships/mmsi:636017537","TERMINAL CATALUNYA SA","09:42","2026-01-27 08:42:00","2026-01-27","2026-01-29 16:02:00","Portacontenidors","17:02","ITGIT","36A","636017537","9606326","ESVLC","Finalitzada","399","Valencia","Gioia Tauro","F","3-10","80779-1","2026-01-29","2026-01-27 09:42:00","Libèria","MEDITERRANEAN SHIPPING COM ESPAÑA SLU","D5LL2"
"2026","6212","LR","2026-01-29 21:12:00","MSC NAIROBI X","16,15","","https://www.marinetraffic.com/en/ais/details/ships/mmsi:636023421","TERMINAL CATALUNYA SA","12:57","2026-01-28 11:57:00","2026-01-28","2026-01-29 20:12:00","Portacontenidors","21:12","ITLIV","36A","636023421","9605243","ESVLC","Finalitzada","299,92","Valencia","Livorno","F","24-30","80828-1","2026-01-29","2026-01-28 12:57:00","Libèria","MEDITERRANEAN SHIPPING COM ESPAÑA SLU","5LNQ5"
"2026","6212","LR","2026-01-30 15:03:00","BELITAKI","9,94","25,3","https://www.marinetraffic.com/en/ais/details/ships/mmsi:636018081","TERMINAL CATALUNYA SA","00:00","2026-01-29 23:00:00","2026-01-30","2026-01-30 14:03:00","Portacontenidors","15:03","FRMRS","36A","636018081","9152923","PTSET","Finalitzada","179,23","Setubal","Marseille","F","26-30","80794-1","2026-01-30","2026-01-30 00:00:00","Libèria","CMA CGM IBERICA SAU","D5OC2"
"2026","6212","LR","2026-01-30 23:58:00","MSC EMILIE","10,9","","https://www.marinetraffic.com/en/ais/details/ships/mmsi:636020695","TERMINAL CATALUNYA SA","23:30","2026-01-29 22:30:00","2026-01-29","2026-01-30 22:58:00","Portacontenidors","23:58","DZBJA","36A","636020695","9334832","DZBJA","Finalitzada","176,96","Bejaia (ex Bougie)","Bejaia (ex Bougie)","F","22-25","81246-1","2026-01-30","2026-01-29 23:30:00","Libèria","MEDITERRANEAN SHIPPING COM ESPAÑA SLU","A8IU3"
"2026","6212","LR","2026-01-31 11:59:00","MSC CEDAR II","11,2","","https://www.marinetraffic.com/en/ais/details/ships/mmsi:636025342","TERMINAL CATALUNYA SA","15:54","2026-01-29 14:54:00","2026-01-29","2026-01-31 10:59:00","Càrrega (Lo-Lo)","11:59","DZALG","36A","636025342","9231092","GNCKY","Finalitzada","192,9","Conakry","Alger (Algiers)","F","17-21","81167-1","2026-01-31","2026-01-29 15:54:00","Libèria","MEDITERRANEAN SHIPPING COM ESPAÑA SLU","5LWY8"
"2026","6212","LR","2026-01-31 20:34:00","CONTSHIP BOX","9,5","","https://www.marinetraffic.com/en/ais/details/ships/mmsi:636023449","TERMINAL CATALUNYA SA","14:11","2026-01-31 13:11:00","2026-01-31","2026-01-31 19:34:00","Portacontenidors","20:34","MACAS","36A","636023449","9449845","MACAS","Finalitzada","180,42","Casablanca","Casablanca","F","12-16","80841-1","2026-01-31","2026-01-31 14:11:00","Libèria","CMA CGM IBERICA SAU","5LNT9"
"2026","6212","LR","2026-02-02 08:56:00","MSC RAPALLO","16","","https://www.marinetraffic.com/en/ais/details/ships/mmsi:636092271","TERMINAL CATALUNYA SA","08:27","2026-02-01 07:27:00","2026-02-01","2026-02-02 07:56:00","Portacontenidors","08:56","TRTEK","36A","636092271","9484455","ESVLC","Finalitzada","365,8","Valencia","Tekirdag","F","22-29","81044-1","2026-02-02","2026-02-01 08:27:00","Libèria","MEDITERRANEAN SHIPPING COM ESPAÑA SLU","A8ZV3"
"2026","6212","LR","2026-02-02 11:30:00","MSC MILAN","18,54","51","https://www.marinetraffic.com/en/ais/details/ships/mmsi:636024421","TERMINAL CATALUNYA SA","09:12","2026-02-01 08:12:00","2026-02-01","2026-02-02 10:30:00","Portacontenidors","11:30","ESVLC","36A","636024421","9964235","ITSPE","Finalitzada","365,97","La Spezia","Valencia","F","2-9","80908-1","2026-02-02","2026-02-01 09:12:00","Libèria","MEDITERRANEAN SHIPPING COM ESPAÑA SLU","5LSM9"
"2026","6212","LR","2026-02-02 13:41:00","MSC ASLI II","9,5","","https://www.marinetraffic.com/en/ais/details/ships/mmsi:636018322","TERMINAL CATALUNYA SA","10:35","2026-02-01 09:35:00","2026-02-01","2026-02-02 12:41:00","Portacontenidors","13:41","ESCAS","36A","636018322","9162631","ITSPE","Finalitzada","217,02","La Spezia","Castellon de la Plana","F","12-17","81326-1","2026-02-02","2026-02-01 10:35:00","Libèria","MEDITERRANEAN SHIPPING COM ESPAÑA SLU","D5PF2"
"2026","6212","LR","2026-02-03 08:37:00","MSC JOSSELINE","16,5","48,2","https://www.marinetraffic.com/en/ais/details/ships/mmsi:636019206","TERMINAL CATALUNYA SA","13:04","2026-02-02 12:04:00","2026-02-02","2026-02-03 07:37:00","Portacontenidors","08:37","ITSPE","36A","636019206","9842061","ITGIT","Finalitzada","365,86","Gioia Tauro","La Spezia","F","2-9","80790-1","2026-02-03","2026-02-02 13:04:00","Libèria","MEDITERRANEAN SHIPPING COM ESPAÑA SLU","D5TL3"
"2026","6212","LR","2026-02-05 22:59:00","CONTSHIP LUV","8,51","","https://www.marinetraffic.com/en/ais/details/ships/mmsi:636024683","TERMINAL CATALUNYA SA","07:54","2026-02-05 06:54:00","2026-02-05","2026-02-05 21:59:00","Portacontenidors","22:59","MTMAR","36A","636024683","9406934","TNSUS","Finalitzada","147,87","Sousse","Marsaxlokk","F","27-30","80842-1","2026-02-05","2026-02-05 07:54:00","Libèria","CMA CGM IBERICA SAU","5LTU7"
"2026","6212","LR","2026-02-06 11:24:00","MSC SOFIA PAZ","14,5","","https://www.marinetraffic.com/en/ais/details/ships/mmsi:636016306","TERMINAL CATALUNYA SA","11:50","2026-02-04 10:50:00","2026-02-04","2026-02-06 10:24:00","Portacontenidors","11:24","ITLIV","36A","636016306","9695028","ESAGP","Finalitzada","299,92","Malaga","Livorno","F","12-18","81075-1","2026-02-06","2026-02-04 11:50:00","Libèria","MEDITERRANEAN SHIPPING COM ESPAÑA SLU","D5FL9"
"2026","6212","LR","2026-02-07 02:14:00","MSC MEXICO V","13,5","","https://www.marinetraffic.com/en/ais/details/ships/mmsi:636015496","TERMINAL CATALUNYA SA","13:04","2026-02-06 12:04:00","2026-02-06","2026-02-07 01:14:00","Portacontenidors","02:14","ESVLC","36A","636015496","9231779","ITLIV","Finalitzada","294","Livorno","Valencia","F","11-17","81076-1","2026-02-07","2026-02-06 13:04:00","Libèria","MEDITERRANEAN SHIPPING COM ESPAÑA SLU","D5BC5"
"2026","6212","LR","2026-02-07 07:36:00","MSC CLAUDE GIRARDET","18,39","61,5","https://www.marinetraffic.com/en/ais/details/ships/mmsi:636022921","TERMINAL CATALUNYA SA","11:22","2026-02-03 10:22:00","2026-02-03","2026-02-07 06:36:00","Portacontenidors","07:36","ITGIT","36A","636022921","9936628","ESVLC","Finalitzada","399,99","Valencia","Gioia Tauro","F","2-9","80956-1","2026-02-07","2026-02-03 11:22:00","Libèria","MEDITERRANEAN SHIPPING COM ESPAÑA SLU","5LLB7"
"2026","6212","LR","2026-02-07 10:31:00","MSC JIANI","9,7","","https://www.marinetraffic.com/en/ais/details/ships/mmsi:636023100","TERMINAL CATALUNYA SA","09:24","2026-02-06 08:24:00","2026-02-06","2026-02-07 09:31:00","Portacontenidors","10:31","DZALG","36A","636023100","9966934","ESVLC","Finalitzada","172","Valencia","Alger (Algiers)","F","23-26","81506-1","2026-02-07","2026-02-06 09:24:00","Libèria","MEDITERRANEAN SHIPPING COM ESPAÑA SLU","5LLY4"
"2026","6212","LR","2026-02-07 12:42:00","ZIM CHINA","12,62","","https://www.marinetraffic.com/en/ais/details/ships/mmsi:636021739","TERMINAL CATALUNYA SA","04:12","2026-02-07 03:12:00","2026-02-07","2026-02-07 11:42:00","Portacontenidors","12:42","ESVLC","36A","636021739","9389382","ITGOA","Finalitzada","261,4","Genoa","Valencia","F","11-16","80750-1","2026-02-07","2026-02-07 04:12:00","Libèria","A PEREZ Y CIA SL","5LFL9"
"2026","6212","LR","2026-02-07 18:59:00","SHENZHEN","14,52","","https://www.marinetraffic.com/en/ais/details/ships/mmsi:636024949","TERMINAL CATALUNYA SA","09:46","2026-02-07 08:46:00","2026-02-07","2026-02-07 17:59:00","Portacontenidors","18:59","ITGOA","36A","636024949","9461491","ESVLC","Finalitzada","335,63","Valencia","Genoa","F","2-9","80963-1","2026-02-07","2026-02-07 09:46:00","Libèria","A PEREZ Y CIA SL","5LVB4"
"2026","6212","LR","2026-02-07 22:11:00","MSC ASLI II","9,5","","https://www.marinetraffic.com/en/ais/details/ships/mmsi:636018322","TERMINAL CATALUNYA SA","11:50","2026-02-07 10:50:00","2026-02-07","2026-02-07 21:11:00","Portacontenidors","22:11","MACAS","36A","636018322","9162631","ESVLC","Finalitzada","217,02","Valencia","Casablanca","F","18-22","81546-1","2026-02-07","2026-02-07 11:50:00","Libèria","MEDITERRANEAN SHIPPING COM ESPAÑA SLU","D5PF2"
"2026","6212","LR","2026-02-07 23:30:00","VENTO DI GRECALE","9,7","","https://www.marinetraffic.com/en/ais/details/ships/mmsi:636023407","TERMINAL CATALUNYA SA","11:33","2026-02-07 10:33:00","2026-02-07","2026-02-07 22:30:00","Portacontenidors","23:30","MACAS","36A","636023407","9985045","ITSPE","Finalitzada","171,9","La Spezia","Casablanca","F","23-26","80965-1","2026-02-07","2026-02-07 11:33:00","Libèria","INSIGNIA SHIPPING SAU","5LNO6"
"2026","6212","LR","2026-02-08 16:55:00","MSC VIRGINIA","17,02","","https://www.marinetraffic.com/en/ais/details/ships/mmsi:636021366","TERMINAL CATALUNYA SA","20:57","2026-02-07 19:57:00","2026-02-07","2026-02-08 15:55:00","Portacontenidors","16:55","ESVLC","36A","636021366","9908059","ITSPE","Finalitzada","335","La Spezia","Valencia","F","2-9","81160-1","2026-02-08","2026-02-07 20:57:00","Libèria","MEDITERRANEAN SHIPPING COM ESPAÑA SLU","5LDP5"
"2026","6212","LR","2026-02-08 22:58:00","MSC NIOVI VIII","14,5","","https://www.marinetraffic.com/en/ais/details/ships/mmsi:636022795","TERMINAL CATALUNYA SA","03:18","2026-02-08 02:18:00","2026-02-08","2026-02-08 21:58:00","Portacontenidors","22:58","ESVLC","36A","636022795","9290488","ITGOA","Finalitzada","300","Genoa","Valencia","F","11-17","81310-1","2026-02-08","2026-02-08 03:18:00","Libèria","MEDITERRANEAN SHIPPING COM ESPAÑA SLU","5LKM6"
"2026","6212","LR","2026-02-09 23:28:00","MSC VERONA","17","51","https://www.marinetraffic.com/en/ais/details/ships/mmsi:636024514","TERMINAL CATALUNYA SA","04:11","2026-02-08 03:11:00","2026-02-08","2026-02-09 22:28:00","Portacontenidors","23:28","TRTEK","36A","636024514","9987287","ESVLC","Finalitzada","366","Valencia","Tekirdag","F","22-30","80979-1","2026-02-09","2026-02-08 04:11:00","Libèria","MEDITERRANEAN SHIPPING COM ESPAÑA SLU","5LSZ2"
"2026","6212","LR","2026-02-10 09:08:00","CMA CGM TOPAZ","12,6","","https://www.marinetraffic.com/en/ais/details/ships/mmsi:636014169","TERMINAL CATALUNYA SA","02:47","2026-02-10 01:47:00","2026-02-10","2026-02-10 08:08:00","Portacontenidors","09:08","ESVLC","36A","636014169","9397602","MTMAR","Finalitzada","259,8","Marsaxlokk","Valencia","F","19-24","80808-1","2026-02-10","2026-02-10 02:47:00","Libèria","CMA CGM IBERICA SAU","A8RV4"
"2026","6212","LR","2026-02-11 02:12:00","MSC SENA","12,2","","https://www.marinetraffic.com/en/ais/details/ships/mmsi:636017582","TERMINAL CATALUNYA SA","01:04","2026-02-10 00:04:00","2026-02-10","2026-02-11 01:12:00","Portacontenidors","02:12","ESCAS","36A","636017582","9116369","ITSPE","Finalitzada","202","La Spezia","Castellon de la Plana","F","25-30","81593-1","2026-02-11","2026-02-10 01:04:00","Libèria","MEDITERRANEAN SHIPPING COM ESPAÑA SLU","D5LQ7"
"2026","6212","LR","2026-02-11 11:37:00","MSC CEDAR II","11,2","","https://www.marinetraffic.com/en/ais/details/ships/mmsi:636025342","TERMINAL CATALUNYA SA","13:36","2026-02-10 12:36:00","2026-02-10","2026-02-11 10:37:00","Càrrega (Lo-Lo)","11:37","DZALG","36A","636025342","9231092","DZALG","Finalitzada","192,9","Alger (Algiers)","Alger (Algiers)","F","12-16","81504-1","2026-02-11","2026-02-10 13:36:00","Libèria","MEDITERRANEAN SHIPPING COM ESPAÑA SLU","5LWY8"
"2026","6212","LR","2026-02-11 16:46:00","MSC GAETA II","10,2","25,3","https://www.marinetraffic.com/en/ais/details/ships/mmsi:636019225","TERMINAL CATALUNYA SA","03:30","2026-02-11 02:30:00","2026-02-11","2026-02-11 15:46:00","Portacontenidors","16:46","DZBJA","36A","636019225","9306213","ESVLC","Finalitzada","168,02","Valencia","Bejaia (ex Bougie)","F","26-30","81613-1","2026-02-11","2026-02-11 03:30:00","Libèria","MEDITERRANEAN SHIPPING COM ESPAÑA SLU","A8MJ4"
"2026","6212","LR","2026-02-11 20:49:00","MSC TIANJIN","15,03","","https://www.marinetraffic.com/en/ais/details/ships/mmsi:636019332","TERMINAL CATALUNYA SA","01:23","2026-02-11 00:23:00","2026-02-11","2026-02-11 19:49:00","Portacontenidors","20:49","ITGIT","36A","636019332","9285471","BSFPO","Finalitzada","323","Freeport, Grand Bahama","Gioia Tauro","F","3-9","81164-1","2026-02-11","2026-02-11 01:23:00","Libèria","MEDITERRANEAN SHIPPING COM ESPAÑA SLU","D5UA6"
"2026","6212","LR","2026-02-13 05:26:00","CONTSHIP ZEN","8,05","","https://www.marinetraffic.com/en/ais/details/ships/mmsi:636018704","TERMINAL CATALUNYA SA","02:34","2026-02-12 01:34:00","2026-02-12","2026-02-13 04:26:00","Portacontenidors","05:26","FRMRS","36A","636018704","9683491","DZSKI","Finalitzada","158,37","Skikda (ex Philippeville)","Marseille","F","17-20","81271-2","2026-02-13","2026-02-12 02:34:00","Libèria","CMA CGM IBERICA SAU","D5QZ5"
"2026","6212","LR","2026-02-13 11:56:00","MSC ANZIO II","10,2","","https://www.marinetraffic.com/en/ais/details/ships/mmsi:636019221","TERMINAL CATALUNYA SA","18:20","2026-02-11 17:20:00","2026-02-11","2026-02-13 10:56:00","Portacontenidors","11:56","DZBJA","36A","636019221","9306237","DZBJA","Finalitzada","168","Bejaia (ex Bougie)","Bejaia (ex Bougie)","F","26-30","81592-1","2026-02-13","2026-02-11 18:20:00","Libèria","MEDITERRANEAN SHIPPING COM ESPAÑA SLU","A8MM4"
"2026","6212","LR","2026-02-14 06:32:00","MSC IZMIR F","9,32","23,5","https://www.marinetraffic.com/en/ais/details/ships/mmsi:636017878","TERMINAL CATALUNYA SA","12:49","2026-02-13 11:49:00","2026-02-13","2026-02-14 05:32:00","Portacontenidors","06:32","DZALG","36A","636017878","9127021","DZALG","Finalitzada","157,15","Alger (Algiers)","Alger (Algiers)","F","22-25","81505-1","2026-02-14","2026-02-13 12:49:00","Libèria","MEDITERRANEAN SHIPPING COM ESPAÑA SLU","D5ND3"
"2026","6212","LR","2026-02-15 23:10:00","MSC ALIYA","16","","https://www.marinetraffic.com/en/ais/details/ships/mmsi:636019215","TERMINAL CATALUNYA SA","00:37","2026-02-14 23:37:00","2026-02-15","2026-02-15 22:10:00","Portacontenidors","23:10","ESVLC","36A","636019215","9842097","ITSPE","Finalitzada","365,86","La Spezia","Valencia","F","12-19","81235-1","2026-02-15","2026-02-15 00:37:00","Libèria","MEDITERRANEAN SHIPPING COM ESPAÑA SLU","D5TM4"
"2026","6212","LR","2026-02-16 05:59:00","MSC RUTH F","9,2","","https://www.marinetraffic.com/en/ais/details/ships/mmsi:636025361","TERMINAL CATALUNYA SA","21:29","2026-02-15 20:29:00","2026-02-15","2026-02-16 04:59:00","Portacontenidors","05:59","DZALG","36A","636025361","9212034","DZALG","Finalitzada","158,72","Alger (Algiers)","Alger (Algiers)","F","26-30","81751-1","2026-02-16","2026-02-15 21:29:00","Libèria","MEDITERRANEAN SHIPPING COM ESPAÑA SLU","5LXB5"
"2026","6212","LR","2026-02-16 19:27:00","MSC LE HAVRE","15","42,8","https://www.marinetraffic.com/en/ais/details/ships/mmsi:636024895","TERMINAL CATALUNYA SA","00:57","2026-02-15 23:57:00","2026-02-16","2026-02-16 18:27:00","Portacontenidors","19:27","ESVLC","36A","636024895","9975583","ITGOA","Finalitzada","272","Genoa","Valencia","F","12-18","81313-1","2026-02-16","2026-02-16 00:57:00","Libèria","MEDITERRANEAN SHIPPING COM ESPAÑA SLU","5LUU8"
"2026","6212","LR","2026-02-17 04:36:00","MSC ELOANE","16,99","58,82","https://www.marinetraffic.com/en/ais/details/ships/mmsi:636017435","TERMINAL CATALUNYA SA","00:32","2026-02-12 23:32:00","2026-02-13","2026-02-17 03:36:00","Portacontenidors","04:36","EGAKI","36A","636017435","9755957","ESVLC","Finalitzada","400","Valencia","Abu Kir","F","2-10","81199-1","2026-02-17","2026-02-13 00:32:00","Libèria","MEDITERRANEAN SHIPPING COM ESPAÑA SLU","D5KY2"
"2026","6212","LR","2026-02-17 08:12:00","FIONA","9,88","","https://www.marinetraffic.com/en/ais/details/ships/mmsi:636023461","TERMINAL CATALUNYA SA","16:11","2026-02-16 15:11:00","2026-02-16","2026-02-17 07:12:00","Portacontenidors","08:12","DZSKI","36A","636023461","9149885","DZSKI","Finalitzada","184,06","Skikda (ex Philippeville)","Skikda (ex Philippeville)","F","21-24","81899-1","2026-02-17","2026-02-16 16:11:00","Libèria","MEDITERRANEAN SHIPPING COM ESPAÑA SLU","5LNV4"
"2026","6212","LR","2026-02-17 11:18:00","MSC SOFIA PAZ","14,5","","https://www.marinetraffic.com/en/ais/details/ships/mmsi:636016306","TERMINAL CATALUNYA SA","20:55","2026-02-16 19:55:00","2026-02-16","2026-02-17 10:18:00","Portacontenidors","11:18","ESVLC","36A","636016306","9695028","ITSPE","Finalitzada","299,92","La Spezia","Valencia","F","12-18","81314-1","2026-02-17","2026-02-16 20:55:00","Libèria","MEDITERRANEAN SHIPPING COM ESPAÑA SLU","D5FL9"
"2026","6212","LR","2026-02-18 08:12:00","MSC ALBANY","14,52","48,2","https://www.marinetraffic.com/en/ais/details/ships/mmsi:636015665","TERMINAL CATALUNYA SA","07:57","2026-02-17 06:57:00","2026-02-17","2026-02-18 07:12:00","Portacontenidors","08:12","ITLIV","36A","636015665","9619438","ESVLC","Finalitzada","299","Valencia","Livorno","F","4-10","81453-1","2026-02-18","2026-02-17 07:57:00","Libèria","MEDITERRANEAN SHIPPING COM ESPAÑA SLU","D5CC8"
"2026","6212","LR","2026-02-18 08:56:00","MSC YUXIN","9,7","28,4","https://www.marinetraffic.com/en/ais/details/ships/mmsi:636023314","TERMINAL CATALUNYA SA","11:24","2026-02-16 10:24:00","2026-02-16","2026-02-18 07:56:00","Portacontenidors","08:56","DZALG","36A","636023314","9966946","DZDJE","Finalitzada","171,86","Djen-Djen","Alger (Algiers)","F","26-30","81752-1","2026-02-18","2026-02-16 11:24:00","Libèria","MEDITERRANEAN SHIPPING COM ESPAÑA SLU","5LNC4"
"2026","6212","LR","2026-02-19 21:20:00","CONTSHIP PEP II","11,35","","https://www.marinetraffic.com/en/ais/details/ships/mmsi:636025274","TERMINAL CATALUNYA SA","07:00","2026-02-19 06:00:00","2026-02-19","2026-02-19 20:20:00","Portacontenidors","21:20","GRPIR","36A","636025274","9470961","ESALG","Finalitzada","189,49","Algeciras","Piraeus","F","26-30","80990-1","2026-02-19","2026-02-19 07:00:00","Libèria","COSCO SHIPPING LINES SPAIN SA","A8TA6"
"2026","6212","LR","2026-02-20 22:52:00","VENTO DI LEVANTE","9,7","","https://www.marinetraffic.com/en/ais/details/ships/mmsi:636023127","TERMINAL CATALUNYA SA","15:43","2026-02-20 14:43:00","2026-02-20","2026-02-20 21:52:00","Portacontenidors","22:52","MACAS","36A","636023127","9683489","ITSPE","Finalitzada","171,9","La Spezia","Casablanca","F","13-16","80967-1","2026-02-20","2026-02-20 15:43:00","Libèria","INSIGNIA SHIPPING SAU","5LMC5"
"2026","6212","LR","2026-02-21 01:35:00","MSC EMILIE","10,9","","https://www.marinetraffic.com/en/ais/details/ships/mmsi:636020695","TERMINAL CATALUNYA SA","02:01","2026-02-20 01:01:00","2026-02-20","2026-02-21 00:35:00","Portacontenidors","01:35","DZBJA","36A","636020695","9334832","DZBJA","Finalitzada","176,96","Bejaia (ex Bougie)","Bejaia (ex Bougie)","F","26-30","81900-1","2026-02-21","2026-02-20 02:01:00","Libèria","MEDITERRANEAN SHIPPING COM ESPAÑA SLU","A8IU3"
"2026","6212","LR","2026-02-21 18:54:00","MSC RAPALLO","16","","https://www.marinetraffic.com/en/ais/details/ships/mmsi:636092271","TERMINAL CATALUNYA SA","00:34","2026-02-20 23:34:00","2026-02-21","2026-02-21 17:54:00","Portacontenidors","18:54","ESVLC","36A","636092271","9484455","ITSPE","Finalitzada","365,8","La Spezia","Valencia","F","12-19","81455-1","2026-02-21","2026-02-21 00:34:00","Libèria","MEDITERRANEAN SHIPPING COM ESPAÑA SLU","A8ZV3"
"2026","6212","LR","2026-02-22 06:52:00","MSC OAK F","8,51","","https://www.marinetraffic.com/en/ais/details/ships/mmsi:636016702","TERMINAL CATALUNYA SA","13:25","2026-02-21 12:25:00","2026-02-21","2026-02-22 05:52:00","Càrrega (Lo-Lo)","06:52","DZORN","36A","636016702","9373917","DZORN","Finalitzada","148","Oran","Oran","F","27-30","82099-1","2026-02-22","2026-02-21 13:25:00","Libèria","MEDITERRANEAN SHIPPING COM ESPAÑA SLU","A8NX8"
"2026","6212","LR","2026-02-23 00:23:00","MSC NAMIBIA","15,8","45,6","https://www.marinetraffic.com/en/ais/details/ships/mmsi:636024939","TERMINAL CATALUNYA SA","17:34","2026-02-21 16:34:00","2026-02-21","2026-02-22 23:23:00","Portacontenidors","00:23","ITGIT","36A","636024939","9974553","ESVLC","Finalitzada","260","Valencia","Gioia Tauro","F","20-26","81535-1","2026-02-23","2026-02-21 17:34:00","Libèria","MEDITERRANEAN SHIPPING COM ESPAÑA SLU","5LVA5"
"2026","6212","LR","2026-02-23 10:08:00","CONTSHIP SKY","8,5","","https://www.marinetraffic.com/en/ais/details/ships/mmsi:636024753","TERMINAL CATALUNYA SA","02:19","2026-02-23 01:19:00","2026-02-23","2026-02-23 09:08:00","Càrrega (Lo-Lo)","10:08","FRMRS","36A","636024753","9403449","DZMOS","Finalitzada","147,74","Mostaganem","Marseille","F","27-30","80969-1","2026-02-23","2026-02-23 02:19:00","Libèria","CMA CGM IBERICA SAU","5LUC6"
"2026","6212","LR","2026-02-23 18:46:00","AITOLIKOS","12,62","","https://www.marinetraffic.com/en/ais/details/ships/mmsi:636014168","TERMINAL CATALUNYA SA","11:38","2026-02-23 10:38:00","2026-02-23","2026-02-23 17:46:00","Portacontenidors","18:46","ESVLC","36A","636014168","9386483","MTMLA","Finalitzada","259,8","Malta (Valetta)","Valencia","F","25-30","81177-1","2026-02-23","2026-02-23 11:38:00","Libèria","CMA CGM IBERICA SAU","A8RV3"
"2026","6212","LR","2026-02-25 02:06:00","MSC RIFAYA","16,99","58,81","https://www.marinetraffic.com/en/ais/details/ships/mmsi:636017685","TERMINAL CATALUNYA SA","00:59","2026-02-21 23:59:00","2026-02-22","2026-02-25 01:06:00","Portacontenidors","02:06","ITGIT","36A","636017685","9767388","ESVLC","Finalitzada","400","Valencia","Gioia Tauro","F","3-10","81311-1","2026-02-25","2026-02-22 00:59:00","Libèria","MEDITERRANEAN SHIPPING COM ESPAÑA SLU","D5MF9"
"2026","6212","LR","2026-02-26 01:49:00","MSC RITA V","14,5","32,18","https://www.marinetraffic.com/en/ais/details/ships/mmsi:636025832","TERMINAL CATALUNYA SA","07:52","2026-02-25 06:52:00","2026-02-25","2026-02-26 00:49:00","Portacontenidors","01:49","MACAS","36A","636025832","9313929","ESVLC","Finalitzada","294,1","Valencia","Casablanca","F","20-26","81533-1","2026-02-26","2026-02-25 07:52:00","Libèria","MEDITERRANEAN SHIPPING COM ESPAÑA SLU","5LZJ3"
"2026","6212","LR","2026-02-28 03:04:00","MSC PRELUDE V","14,5","","https://www.marinetraffic.com/en/ais/details/ships/mmsi:636022708","TERMINAL CATALUNYA SA","16:25","2026-02-27 15:25:00","2026-02-27","2026-02-28 02:04:00","Portacontenidors","03:04","ESVLC","36A","636022708","9450325","ITLIV","Finalitzada","264,29","Livorno","Valencia","F","20-25","81777-1","2026-02-28","2026-02-27 16:25:00","Libèria","MEDITERRANEAN SHIPPING COM ESPAÑA SLU","A8TL4"
"2026","6212","LR","2026-02-28 18:19:00","MSC JIANI","9,7","","https://www.marinetraffic.com/en/ais/details/ships/mmsi:636023100","TERMINAL CATALUNYA SA","15:23","2026-02-26 14:23:00","2026-02-26","2026-02-28 17:19:00","Portacontenidors","18:19","DZALG","36A","636023100","9966934","DZALG","Finalitzada","172","Alger (Algiers)","Alger (Algiers)","F","27-30","82038-1","2026-02-28","2026-02-26 15:23:00","Libèria","MEDITERRANEAN SHIPPING COM ESPAÑA SLU","5LLY4"
"2026","6212","LR","2026-03-01 10:04:00","VENTO DI GRECALE","9,7","","https://www.marinetraffic.com/en/ais/details/ships/mmsi:636023407","TERMINAL CATALUNYA SA","16:28","2026-02-28 15:28:00","2026-02-28","2026-03-01 09:04:00","Portacontenidors","10:04","FRMWR","36A","636023407","9985045","PTSET","Finalitzada","171,9","Setubal","Marseillan                         ","F","20-24","80966-1","2026-03-01","2026-02-28 16:28:00","Libèria","INSIGNIA SHIPPING SAU","5LNO6"
"2026","6212","LR","2026-03-01 19:39:00","CONTSHIP BOX","9,5","","https://www.marinetraffic.com/en/ais/details/ships/mmsi:636023449","TERMINAL CATALUNYA SA","07:50","2026-03-01 06:50:00","2026-03-01","2026-03-01 18:39:00","Portacontenidors","19:39","FRMRS","36A","636023449","9449845","PTSET","Finalitzada","180,42","Setubal","Marseille","F","26-30","81178-1","2026-03-01","2026-03-01 07:50:00","Libèria","CMA CGM IBERICA SAU","5LNT9"
"2026","6212","LR","2026-03-02 22:48:00","CONTSHIP JET","9,5","","https://www.marinetraffic.com/en/ais/details/ships/mmsi:636019532","TERMINAL CATALUNYA SA","20:30","2026-03-01 19:30:00","2026-03-01","2026-03-02 21:48:00","Portacontenidors","22:48","DZSKI","36A","636019532","9348625","DZBJA","Finalitzada","159,8","Bejaia (ex Bougie)","Skikda (ex Philippeville)","F","27-30","82390-1","2026-03-02","2026-03-01 20:30:00","Libèria","CMA CGM IBERICA SAU","D5UX8"
"2026","6212","LR","2026-03-05 18:28:00","MSC LUANDA VIII","14,5","","https://www.marinetraffic.com/en/ais/details/ships/mmsi:636024876","TERMINAL CATALUNYA SA","09:32","2026-03-03 08:32:00","2026-03-03","2026-03-05 17:28:00","Portacontenidors","18:28","ESVLC","36A","636024876","9301471","ITGOA","Finalitzada","334,1","Genoa","Valencia","F","12-19","81782-1","2026-03-05","2026-03-03 09:32:00","Libèria","MEDITERRANEAN SHIPPING COM ESPAÑA SLU","5LUS5"
"2026","6212","LR","2026-03-08 02:00:00","ZIM ASIA","12,6","","https://www.marinetraffic.com/en/ais/details/ships/mmsi:636021664","TERMINAL CATALUNYA SA","09:06","2026-03-07 08:06:00","2026-03-07","2026-03-08 01:00:00","Portacontenidors","02:00","ESVLC","36A","636021664","9464716","ITGOA","Finalitzada","260","Genoa","Valencia","F","20-25","81351-1","2026-03-08","2026-03-07 09:06:00","Libèria","A PEREZ Y CIA SL","5LFB9"
"2026","6212","LR","2026-03-08 07:48:00","CARMEL I","12,6","","https://www.marinetraffic.com/en/ais/details/ships/mmsi:636019061","TERMINAL CATALUNYA SA","10:55","2026-03-07 09:55:00","2026-03-07","2026-03-08 06:48:00","Portacontenidors","07:48","EGDAM","36A","636019061","9395927","ESVLC","Finalitzada","258,89","Valencia","Damietta","F","5-10","81598-1","2026-03-08","2026-03-07 10:55:00","Libèria","A PEREZ Y CIA SL","A8TX8"
"2026","6212","LR","2026-03-10 02:42:00","MSC MARIE LESLIE","17","","https://www.marinetraffic.com/en/ais/details/ships/mmsi:636025346","TERMINAL CATALUNYA SA","01:34","2026-03-08 00:34:00","2026-03-08","2026-03-10 01:42:00","Portacontenidors","02:42","ESAGP","36A","636025346","9968310","ITSPE","Finalitzada","365,89","La Spezia","Malaga","F","12-19","81912-1","2026-03-10","2026-03-08 01:34:00","Libèria","MEDITERRANEAN SHIPPING COM ESPAÑA SLU","5LWZ4"
"2026","6212","LR","2026-03-10 09:48:00","MSC RADIANT III","11,4","29,8","https://www.marinetraffic.com/en/ais/details/ships/mmsi:636016943","TERMINAL CATALUNYA SA","12:03","2026-03-08 11:03:00","2026-03-08","2026-03-10 08:48:00","Portacontenidors","09:48","DZALG","36A","636016943","9235402","DZDJE","Finalitzada","208","Djen-Djen","Alger (Algiers)","F","20-24","82246-1","2026-03-10","2026-03-08 12:03:00","Libèria","MEDITERRANEAN SHIPPING COM ESPAÑA SLU","A8HA7"
"2026","6212","LR","2026-03-10 09:59:00","MSC POTOMAC F","7,8","","https://www.marinetraffic.com/en/ais/details/ships/mmsi:636020662","TERMINAL CATALUNYA SA","15:36","2026-03-09 14:36:00","2026-03-09","2026-03-10 08:59:00","Portacontenidors","09:59","DZALG","36A","636020662","9236274","DZALG","Finalitzada","149","Alger (Algiers)","Alger (Algiers)","F","26-29","82488-1","2026-03-10","2026-03-09 15:36:00","Libèria","MEDITERRANEAN SHIPPING COM ESPAÑA SLU","5LAC3"
"2026","6212","LR","2026-03-10 15:27:00","MSC IVORY COAST","15,8","","https://www.marinetraffic.com/en/ais/details/ships/mmsi:636024506","TERMINAL CATALUNYA SA","00:48","2026-03-09 23:48:00","2026-03-10","2026-03-10 14:27:00","Portacontenidors","15:27","ESVLC","36A","636024506","9974474","ITGOA","Finalitzada","260","Genoa","Valencia","F","5-10","82490-1","2026-03-10","2026-03-10 00:48:00","Libèria","MEDITERRANEAN SHIPPING COM ESPAÑA SLU","5LSY3"
"2026","6212","LR","2026-03-11 00:50:00","MSC HORTENSE","15,5","","https://www.marinetraffic.com/en/ais/details/ships/mmsi:636025507","TERMINAL CATALUNYA SA","04:47","2026-03-10 03:47:00","2026-03-10","2026-03-10 23:50:00","Portacontenidors","00:50","ITLIV","36A","636025507","9978951","ESVLC","Finalitzada","335","Valencia","Livorno","F","12-19","81785-1","2026-03-11","2026-03-10 04:47:00","Libèria","MEDITERRANEAN SHIPPING COM ESPAÑA SLU","5LXU5"
"2026","6212","LR","2026-03-11 06:57:00","BELITAKI","9,94","","https://www.marinetraffic.com/en/ais/details/ships/mmsi:636018081","TERMINAL CATALUNYA SA","22:20","2026-03-10 21:20:00","2026-03-10","2026-03-11 05:57:00","Portacontenidors","06:57","MACAS","36A","636018081","9152923","ITGOA","Finalitzada","179,23","Genoa","Casablanca","F","20-23","81573-1","2026-03-11","2026-03-10 22:20:00","Libèria","CMA CGM IBERICA SAU","D5OC2"
"2026","6212","LR","2026-03-11 11:39:00","VENTO DI LEVANTE","9,7","","https://www.marinetraffic.com/en/ais/details/ships/mmsi:636023127","TERMINAL CATALUNYA SA","02:26","2026-03-11 01:26:00","2026-03-11","2026-03-11 10:39:00","Portacontenidors","11:39","FRMWR","36A","636023127","9683489","PTSET","Finalitzada","171,9","Setubal","Marseillan                         ","F","12-15","82051-1","2026-03-11","2026-03-11 02:26:00","Libèria","INSIGNIA SHIPPING SAU","5LMC5"
"2026","6212","LR","2026-03-11 23:32:00","ZIM ATLANTIC","12,5","","https://www.marinetraffic.com/en/ais/details/ships/mmsi:636021472","TERMINAL CATALUNYA SA","14:53","2026-03-11 13:53:00","2026-03-11","2026-03-11 22:32:00","Portacontenidors","23:32","EGDAM","36A","636021472","9440801","ESVLC","Finalitzada","262,06","Valencia","Damietta","F","12-17","80989-1","2026-03-11","2026-03-11 14:53:00","Libèria","A PEREZ Y CIA SL","5LEC2"
"2026","6212","LR","2026-03-12 03:11:00","AS CONSTANTINA","11,4","","https://www.marinetraffic.com/en/ais/details/ships/mmsi:636093054","TERMINAL CATALUNYA SA","18:03","2026-03-11 17:03:00","2026-03-11","2026-03-12 02:11:00","Portacontenidors","03:11","GRPIR","36A","636093054","9308390","ESALG","Finalitzada","221,69","Algeciras","Piraeus","F","26-30","82063-1","2026-03-12","2026-03-11 18:03:00","Libèria","COSCO SHIPPING LINES SPAIN SA","5LDH6"
"2026","6212","LR","2026-03-12 11:41:00","MSC RENAISSANCE III","13","32,2","https://www.marinetraffic.com/en/ais/details/ships/mmsi:636017608","TERMINAL CATALUNYA SA","08:24","2026-03-11 07:24:00","2026-03-11","2026-03-12 10:41:00","Portacontenidors","11:41","ESCAS","36A","636017608","9358436","ITSPE","Finalitzada","222,54","La Spezia","Castellon de la Plana","F","20-24","82276-1","2026-03-12","2026-03-11 08:24:00","Libèria","MEDITERRANEAN SHIPPING COM ESPAÑA SLU","A8JU3"
"2026","6212","LR","2026-03-13 10:21:00","FIONA","9,88","25,3","https://www.marinetraffic.com/en/ais/details/ships/mmsi:636023461","TERMINAL CATALUNYA SA","20:13","2026-03-12 19:13:00","2026-03-12","2026-03-13 09:21:00","Portacontenidors","10:21","DZBJA","36A","636023461","9149885","ESVLC","Finalitzada","184,06","Valencia","Bejaia (ex Bougie)","F","26-30","82437-1","2026-03-13","2026-03-12 20:13:00","Libèria","MEDITERRANEAN SHIPPING COM ESPAÑA SLU","5LNV4"
"2026","6212","LR","2026-03-13 21:03:00","MSC DIANA","16,99","","https://www.marinetraffic.com/en/ais/details/ships/mmsi:636017433","TERMINAL CATALUNYA SA","07:10","2026-03-12 06:10:00","2026-03-12","2026-03-13 20:03:00","Portacontenidors","21:03","ESVLC","36A","636017433","9755933","ITSPE","Finalitzada","399,9","La Spezia","Valencia","F","3-10","81779-1","2026-03-13","2026-03-12 07:10:00","Libèria","MEDITERRANEAN SHIPPING COM ESPAÑA SLU","D5KX8"
"2026","6212","LR","2026-03-14 05:21:00","MSC YUXIN","9,7","28,4","https://www.marinetraffic.com/en/ais/details/ships/mmsi:636023314","TERMINAL CATALUNYA SA","01:52","2026-03-13 00:52:00","2026-03-13","2026-03-14 04:21:00","Portacontenidors","05:21","DZBJA","36A","636023314","9966946","DZALG","Finalitzada","171,86","Alger (Algiers)","Bejaia (ex Bougie)","F","12-16","82274-1","2026-03-14","2026-03-13 01:52:00","Libèria","MEDITERRANEAN SHIPPING COM ESPAÑA SLU","5LNC4"
"2026","6212","LR","2026-03-14 13:10:00","CONTSHIP LUV","8,51","","https://www.marinetraffic.com/en/ais/details/ships/mmsi:636024683","TERMINAL CATALUNYA SA","01:03","2026-03-14 00:03:00","2026-03-14","2026-03-14 12:10:00","Portacontenidors","13:10","DZDJE","36A","636024683","9406934","DZDJE","Finalitzada","147,87","Djen-Djen","Djen-Djen","F","17-20","82052-1","2026-03-14","2026-03-14 01:03:00","Libèria","CMA CGM IBERICA SAU","5LTU7"
"2026","6212","LR","2026-03-14 21:44:00","VENTO DI MAESTRALE","9,7","","https://www.marinetraffic.com/en/ais/details/ships/mmsi:636023406","TERMINAL CATALUNYA SA","14:21","2026-03-14 13:21:00","2026-03-14","2026-03-14 20:44:00","Portacontenidors","21:44","MACAS","36A","636023406","9985021","ITSPE","Finalitzada","171,9","La Spezia","Casablanca","F","17-20","81508-1","2026-03-14","2026-03-14 14:21:00","Libèria","INSIGNIA SHIPPING SAU","5LNO5"
"2026","6212","LR","2026-03-14 23:52:00","MSC IRA II","10,9","","https://www.marinetraffic.com/en/ais/details/ships/mmsi:636023306","TERMINAL CATALUNYA SA","06:51","2026-03-14 05:51:00","2026-03-14","2026-03-14 22:52:00","Portacontenidors","23:52","DZALG","36A","636023306","9323493","ITCVV","Finalitzada","176,9","Civitavecchia","Alger (Algiers)","F","27-30","82511-1","2026-03-14","2026-03-14 06:51:00","Libèria","MEDITERRANEAN SHIPPING COM ESPAÑA SLU","5LNB4"
"2026","6212","LR","2026-03-15 07:26:00","ZIM PACIFIC","12,5","","https://www.marinetraffic.com/en/ais/details/ships/mmsi:636021362","TERMINAL CATALUNYA SA","23:17","2026-03-14 22:17:00","2026-03-14","2026-03-15 06:26:00","Portacontenidors","07:26","EGDAM","36A","636021362","9440837","ESVLC","Finalitzada","262","Valencia","Damietta","F","12-17","81602-1","2026-03-15","2026-03-14 23:17:00","Libèria","A PEREZ Y CIA SL","5LDO9"
"2026","6212","LR","2026-03-15 22:14:00","MONTPELLIER","12,02","","https://www.marinetraffic.com/en/ais/details/ships/mmsi:636090971","TERMINAL CATALUNYA SA","14:30","2026-03-15 13:30:00","2026-03-15","2026-03-15 21:14:00","Portacontenidors","22:14","GRPIR","36A","636090971","9314973","ESALG","Finalitzada","222,17","Algeciras","Piraeus","F","20-24","81420-1","2026-03-15","2026-03-15 14:30:00","Libèria","ORIENT OVERSEAS CONTAINER LINE SPAIN SL","A8IG2"
"2026","6212","LR","2026-03-17 11:15:00","CONTSHIP SKY","8,5","","https://www.marinetraffic.com/en/ais/details/ships/mmsi:636024753","TERMINAL CATALUNYA SA","20:29","2026-03-16 19:29:00","2026-03-16","2026-03-17 10:15:00","Càrrega (Lo-Lo)","11:15","FRMRS","36A","636024753","9403449","DZMOS","Finalitzada","147,74","Mostaganem","Marseille","F","27-30","82565-1","2026-03-17","2026-03-16 20:29:00","Libèria","CMA CGM IBERICA SAU","5LUC6"
"2026","6212","LR","2026-03-17 21:00:00","MSC JIANI","9,7","","https://www.marinetraffic.com/en/ais/details/ships/mmsi:636023100","TERMINAL CATALUNYA SA","11:55","2026-03-17 10:55:00","2026-03-17","2026-03-17 20:00:00","Portacontenidors","21:00","DZALG","36A","636023100","9966934","DZALG","Finalitzada","172","Alger (Algiers)","Alger (Algiers)","F","27-30","82279-1","2026-03-17","2026-03-17 11:55:00","Libèria","MEDITERRANEAN SHIPPING COM ESPAÑA SLU","5LLY4"
"2026","6212","LR","2026-03-18 01:47:00","MSC LORETO","18,86","61,3","https://www.marinetraffic.com/en/ais/details/ships/mmsi:636022600","TERMINAL CATALUNYA SA","20:34","2026-03-15 19:34:00","2026-03-15","2026-03-18 00:47:00","Portacontenidors","01:47","ITGIT","36A","636022600","9934735","ESVLC","Finalitzada","399,93","Valencia","Gioia Tauro","F","3-10","82251-1","2026-03-18","2026-03-15 20:34:00","Libèria","MEDITERRANEAN SHIPPING COM ESPAÑA SLU","5LJP2"
"2026","6212","LR","2026-03-18 12:50:00","MSC LEVINA III","12","","https://www.marinetraffic.com/en/ais/details/ships/mmsi:636023859","TERMINAL CATALUNYA SA","17:04","2026-03-17 16:04:00","2026-03-17","2026-03-18 11:50:00","Portacontenidors","12:50","ITGIT","36A","636023859","9330513","FRFOS","Finalitzada","222,11","Fos-sur-Mer","Gioia Tauro","F","20-25","82568-1","2026-03-18","2026-03-17 17:04:00","Libèria","MEDITERRANEAN SHIPPING COM ESPAÑA SLU","5LPT8"
"2026","6212","LT","2026-02-06 17:33:00","KANTATA","8,51","","https://www.marinetraffic.com/en/ais/details/ships/mmsi:277549000","TERMINAL CATALUNYA SA","16:07","2026-02-04 15:07:00","2026-02-04","2026-02-06 16:33:00","Portacontenidors","17:33","DZORN","36A","277549000","9327580","DZORN","Finalitzada","147,84","Oran","Oran","F","19-22","81308-1","2026-02-06","2026-02-04 16:07:00","Lituània","MEDITERRANEAN SHIPPING COM ESPAÑA SLU","LYBD"
"2026","6212","LT","2026-03-04 11:42:00","KANTATA","8,51","","https://www.marinetraffic.com/en/ais/details/ships/mmsi:277549000","TERMINAL CATALUNYA SA","11:05","2026-03-03 10:05:00","2026-03-03","2026-03-04 10:42:00","Portacontenidors","11:42","DZORN","36A","277549000","9327580","DZORN","Finalitzada","147,84","Oran","Oran","F","21-24","82398-1","2026-03-04","2026-03-03 11:05:00","Lituània","MEDITERRANEAN SHIPPING COM ESPAÑA SLU","LYBD"
"2026","6212","MT","2026-01-14 16:11:00","MERITO","8,6","","https://www.marinetraffic.com/en/ais/details/ships/mmsi:249096000","TERMINAL CATALUNYA SA","04:01","2026-01-14 03:01:00","2026-01-14","2026-01-14 15:11:00","Portacontenidors","16:11","ESVLC","36A","249096000","9167942","DZORN","Finalitzada","150","Oran","Valencia","F","7-10","80976-1","2026-01-14","2026-01-14 04:01:00","Malta","MEDITERRANEAN SHIPPING COM ESPAÑA SLU","9HKO9"
"2026","6212","MT","2026-01-26 14:40:00","CMA CGM EXEMPLARITY","15","","https://www.marinetraffic.com/en/ais/details/ships/mmsi:256485000","TERMINAL CATALUNYA SA","00:21","2026-01-25 23:21:00","2026-01-26","2026-01-26 13:40:00","Portacontenidors","14:40","ESVLC","36A","256485000","9948229","FRMRS","Finalitzada","272,3","Marseille","Valencia","F","19-24","80806-1","2026-01-26","2026-01-26 00:21:00","Malta","CMA CGM IBERICA SAU","9HA5858"
"2026","6212","MT","2026-02-03 09:37:00","MSC BARCELONA","13,5","","https://www.marinetraffic.com/en/ais/details/ships/mmsi:256573000","TERMINAL CATALUNYA SA","15:10","2026-02-02 14:10:00","2026-02-02","2026-02-03 08:37:00","Portacontenidors","09:37","ESVLC","36A","256573000","9480186","ITGOA","Finalitzada","270,28","Genoa","Valencia","F","12-17","80954-1","2026-02-03","2026-02-02 15:10:00","Malta","MEDITERRANEAN SHIPPING COM ESPAÑA SLU","9HA5887"
"2026","6212","MT","2026-02-05 06:29:00","CAPE AKRITAS","16","","https://www.marinetraffic.com/en/ais/details/ships/mmsi:249202000","TERMINAL CATALUNYA SA","07:55","2026-02-04 06:55:00","2026-02-04","2026-02-05 05:29:00","Portacontenidors","06:29","ESVLC","36A","249202000","9706190","ITSPE","Finalitzada","330","La Spezia","Valencia","F","23-30","80980-1","2026-02-05","2026-02-04 07:55:00","Malta","MEDITERRANEAN SHIPPING COM ESPAÑA SLU","9HA4147"
"2026","6212","MT","2026-02-06 07:41:00","REMAH","9,7","28,4","https://www.marinetraffic.com/en/ais/details/ships/mmsi:249433000","TERMINAL CATALUNYA SA","18:46","2026-02-05 17:46:00","2026-02-05","2026-02-06 06:41:00","Portacontenidors","07:41","ESVLC","36A","249433000","9947720","TRNEM","Finalitzada","171,99","Nemrut Bay","Valencia","F","23-26","81017-1","2026-02-06","2026-02-05 18:46:00","Malta","UNIVERSAL MARITIMA SL","9HA6259"
"2026","6212","MT","2026-02-10 03:31:00","CAPE KORTIA","16","","https://www.marinetraffic.com/en/ais/details/ships/mmsi:249783000","TERMINAL CATALUNYA SA","00:38","2026-02-08 23:38:00","2026-02-09","2026-02-10 02:31:00","Portacontenidors","03:31","ESVLC","36A","249783000","9727613","ITSPE","Finalitzada","330,04","La Spezia","Valencia","F","12-18","81166-1","2026-02-10","2026-02-09 00:38:00","Malta","MEDITERRANEAN SHIPPING COM ESPAÑA SLU","9HA4377"
"2026","6212","MT","2026-02-15 09:51:00","JAMAICA","12,6","","https://www.marinetraffic.com/en/ais/details/ships/mmsi:249830000","TERMINAL CATALUNYA SA","23:52","2026-02-14 22:52:00","2026-02-14","2026-02-15 08:51:00","Portacontenidors","09:51","EGDAM","36A","249830000","9403229","ESVLC","Finalitzada","260,03","Valencia","Damietta","F","24-29","80751-1","2026-02-15","2026-02-14 23:52:00","Malta","A PEREZ Y CIA SL","9HA2029"
"2026","6212","MT","2026-02-17 15:32:00","CMA CGM OSAKA","12,62","","https://www.marinetraffic.com/en/ais/details/ships/mmsi:256229000","TERMINAL CATALUNYA SA","09:22","2026-02-17 08:22:00","2026-02-17","2026-02-17 14:32:00","Portacontenidors","15:32","ESVLC","36A","256229000","9400291","MTMAR","Finalitzada","260,05","Marsaxlokk","Valencia","F","20-25","81116-1","2026-02-17","2026-02-17 09:22:00","Malta","CMA CGM IBERICA SAU","9HA5753"
"2026","6212","MT","2026-02-24 16:25:00","CAPE TAINARO","16","","https://www.marinetraffic.com/en/ais/details/ships/mmsi:249982000","TERMINAL CATALUNYA SA","17:53","2026-02-23 16:53:00","2026-02-23","2026-02-24 15:25:00","Portacontenidors","16:25","ESVLC","36A","249982000","9706205","ITSPE","Finalitzada","330","La Spezia","Valencia","F","12-19","81554-1","2026-02-24","2026-02-23 17:53:00","Malta","MEDITERRANEAN SHIPPING COM ESPAÑA SLU","9HA4463"
"2026","6212","MT","2026-03-01 08:22:00","GALANI","10,93","","https://www.marinetraffic.com/en/ais/details/ships/mmsi:229821000","TERMINAL CATALUNYA SA","19:35","2026-02-28 18:35:00","2026-02-28","2026-03-01 07:22:00","Portacontenidors","08:22","ESVLC","36A","229821000","9337597","ITGOA","Finalitzada","176,91","Genoa","Valencia","F","27-30","81457-1","2026-03-01","2026-02-28 19:35:00","Malta","ANTILLAS SEA AGENCY SL","9HA3640"
"2026","6212","MT","2026-03-01 19:03:00","PAOLO","12,6","32,25","https://www.marinetraffic.com/en/ais/details/ships/mmsi:249414000","TERMINAL CATALUNYA SA","12:06","2026-03-01 11:06:00","2026-03-01","2026-03-01 18:03:00","Portacontenidors","19:03","ESVLC","36A","249414000","9389681","MTMAR","Finalitzada","260,03","Marsaxlokk","Valencia","F","20-25","81324-1","2026-03-01","2026-03-01 12:06:00","Malta","CMA CGM IBERICA SAU","9HRL9"
"2026","6212","MT","2026-03-04 15:53:00","CMA CGM CEDRUS","16","51","https://www.marinetraffic.com/en/ais/details/ships/mmsi:256615000","TERMINAL CATALUNYA SA","16:25","2026-03-01 15:25:00","2026-03-01","2026-03-04 14:53:00","Portacontenidors","15:53","FRFOS","36A","256615000","9938121","ESVLC","Finalitzada","366","Valencia","Fos-sur-Mer","F","3-10","81560-1","2026-03-04","2026-03-01 16:25:00","Malta","CMA CGM IBERICA SAU","9HA5905"
"2026","6212","MT","2026-03-04 21:40:00","SINE A","12,02","","https://www.marinetraffic.com/en/ais/details/ships/mmsi:256318000","TERMINAL CATALUNYA SA","18:52","2026-03-03 17:52:00","2026-03-03","2026-03-04 20:40:00","Portacontenidors","21:40","MACAS","36A","256318000","9343089","EGPSD","Finalitzada","222,15","Port Said","Casablanca","F","25-29","82293-2","2026-03-04","2026-03-03 18:52:00","Malta","NOATUM MARITIME SPAIN SAU","9HA3885"
"2026","6212","MT","2026-03-12 04:45:00","CMA CGM JULES VERNE","16","","https://www.marinetraffic.com/en/ais/details/ships/mmsi:229190000","TERMINAL CATALUNYA SA","18:53","2026-03-10 17:53:00","2026-03-10","2026-03-12 03:45:00","Portacontenidors","04:45","FRFOS","36A","229190000","9454450","ESVLC","Finalitzada","396","Valencia","Fos-sur-Mer","F","3-10","81773-1","2026-03-12","2026-03-10 18:53:00","Malta","CMA CGM IBERICA SAU","9HA5460"
"2026","6212","MT","2026-03-14 20:34:00","REMAH","9,7","","https://www.marinetraffic.com/en/ais/details/ships/mmsi:249433000","TERMINAL CATALUNYA SA","07:14","2026-03-14 06:14:00","2026-03-14","2026-03-14 19:34:00","Portacontenidors","20:34","ESVLC","36A","249433000","9947720","TRNEM","Finalitzada","171,99","Nemrut Bay","Valencia","F","12-15","81557-1","2026-03-14","2026-03-14 07:14:00","Malta","UNIVERSAL MARITIMA SL","9HA6259"
"2026","6212","MT","2026-03-15 20:40:00","MERITO","8,6","","https://www.marinetraffic.com/en/ais/details/ships/mmsi:249096000","TERMINAL CATALUNYA SA","12:48","2026-03-15 11:48:00","2026-03-15","2026-03-15 19:40:00","Portacontenidors","20:40","ESAGP","36A","249096000","9167942","DZMOS","Finalitzada","150","Mostaganem","Malaga","F","26-29","82648-1","2026-03-15","2026-03-15 12:48:00","Malta","MEDITERRANEAN SHIPPING COM ESPAÑA SLU","9HKO9"
"2026","6212","MT","2026-03-16 03:23:00","MSC AMALFI","14,5","","https://www.marinetraffic.com/en/ais/details/ships/mmsi:229626000","TERMINAL CATALUNYA SA","09:41","2026-03-15 08:41:00","2026-03-15","2026-03-16 02:23:00","Portacontenidors","03:23","ITLIV","36A","229626000","9605279","ESVLC","Finalitzada","299,91","Valencia","Livorno","F","12-18","82249-1","2026-03-16","2026-03-15 09:41:00","Malta","MEDITERRANEAN SHIPPING COM ESPAÑA SLU","9HA3462"
"2026","6212","MT","2026-03-17 07:54:00","JAMAICA","12,6","","https://www.marinetraffic.com/en/ais/details/ships/mmsi:249830000","TERMINAL CATALUNYA SA","18:06","2026-03-16 17:06:00","2026-03-16","2026-03-17 06:54:00","Portacontenidors","07:54","ESVLC","36A","249830000","9403229","ITGOA","Finalitzada","260,03","Genoa","Valencia","F","12-18","81601-1","2026-03-17","2026-03-16 18:06:00","Malta","A PEREZ Y CIA SL","9HA2029"
"2026","6212","PA","2026-01-18 11:50:00","MSC LUCY","16,29","","https://www.marinetraffic.com/en/ais/details/ships/mmsi:371059000","TERMINAL CATALUNYA SA","17:23","2026-01-17 16:23:00","2026-01-17","2026-01-18 10:50:00","Portacontenidors","11:50","ESVLC","36A","371059000","9289104","ITGOA","Finalitzada","324,85","Genoa","Valencia","F","23-30","80773-1","2026-01-18","2026-01-17 17:23:00","Panamà","MEDITERRANEAN SHIPPING COM ESPAÑA SLU","3EBC5"
"2026","6212","PA","2026-02-01 11:08:00","MEDKON MAX","8,8","","https://www.marinetraffic.com/en/ais/details/ships/mmsi:352004874","TERMINAL CATALUNYA SA","15:03","2026-01-31 14:03:00","2026-01-31","2026-02-01 10:08:00","Portacontenidors","11:08","DZSKI","36A","352004874","9347786","DZALG","Finalitzada","139,13","Alger (Algiers)","Skikda (ex Philippeville)","F","18-21","81299-1","2026-02-01","2026-01-31 15:03:00","Panamà","CMA CGM IBERICA SAU","3E7102"
"2026","6212","PA","2026-02-08 00:46:00","MSC LEVANTE F","8,5","","https://www.marinetraffic.com/en/ais/details/ships/mmsi:352898711","TERMINAL CATALUNYA SA","04:36","2026-02-07 03:36:00","2026-02-07","2026-02-07 23:46:00","Portacontenidors","00:46","DZORN","36A","352898711","9330264","MACAS","Finalitzada","147,81","Casablanca","Oran","F","27-30","81541-1","2026-02-08","2026-02-07 04:36:00","Panamà","MEDITERRANEAN SHIPPING COM ESPAÑA SLU","3E2007"
"2026","6212","PA","2026-02-08 01:35:00","MSC ELENI","13,5","","https://www.marinetraffic.com/en/ais/details/ships/mmsi:357067000","TERMINAL CATALUNYA SA","15:25","2026-02-07 14:25:00","2026-02-07","2026-02-08 00:35:00","Portacontenidors","01:35","ESVLC","36A","357067000","9278143","ITGOA","Finalitzada","294,09","Genoa","Valencia","F","11-17","81604-1","2026-02-08","2026-02-07 15:25:00","Panamà","MEDITERRANEAN SHIPPING COM ESPAÑA SLU","H3BQ"
"2026","6212","PA","2026-02-12 03:48:00","CTM ISTMO","10,9","27,4","https://www.marinetraffic.com/en/ais/details/ships/mmsi:352003103","TERMINAL CATALUNYA SA","15:00","2026-02-11 14:00:00","2026-02-11","2026-02-12 02:48:00","Portacontenidors","03:48","ESVLC","36A","352003103","9430870","ITGOA","Finalitzada","175,56","Genoa","Valencia","F","12-15","80992-1","2026-02-12","2026-02-11 15:00:00","Panamà","ANTILLAS SEA AGENCY SL","3E5989"
"2026","6212","PA","2026-02-21 15:45:00","MSC ORIANE","14,5","","https://www.marinetraffic.com/en/ais/details/ships/mmsi:353289000","TERMINAL CATALUNYA SA","06:18","2026-02-21 05:18:00","2026-02-21","2026-02-21 14:45:00","Portacontenidors","15:45","ESVLC","36A","353289000","9372482","ITLIV","Finalitzada","277,3","Livorno","Valencia","F","20-26","81315-1","2026-02-21","2026-02-21 06:18:00","Panamà","MEDITERRANEAN SHIPPING COM ESPAÑA SLU","3EPY8"
"2026","6212","PA","2026-02-23 00:46:00","MSC LEVANTE F","8,5","","https://www.marinetraffic.com/en/ais/details/ships/mmsi:352898711","TERMINAL CATALUNYA SA","08:24","2026-02-22 07:24:00","2026-02-22","2026-02-22 23:46:00","Portacontenidors","00:46","DZORN","36A","352898711","9330264","DZORN","Finalitzada","147,81","Oran","Oran","F","27-30","81596-1","2026-02-23","2026-02-22 08:24:00","Panamà","MEDITERRANEAN SHIPPING COM ESPAÑA SLU","3E2007"
"2026","6212","PA","2026-02-28 13:44:00","MSC SIXIN","16,5","61","https://www.marinetraffic.com/en/ais/details/ships/mmsi:370711000","TERMINAL CATALUNYA SA","09:21","2026-02-25 08:21:00","2026-02-25","2026-02-28 12:44:00","Portacontenidors","13:44","ITGIT","36A","370711000","9839301","ESVLC","Finalitzada","399,82","Valencia","Gioia Tauro","F","3-10","81536-1","2026-02-28","2026-02-25 09:21:00","Panamà","MEDITERRANEAN SHIPPING COM ESPAÑA SLU","HP2652"
"2026","6212","PA","2026-03-02 12:27:00","MSC TOMOKO","15","43,2","https://www.marinetraffic.com/en/ais/details/ships/mmsi:354315000","TERMINAL CATALUNYA SA","18:11","2026-03-01 17:11:00","2026-03-01","2026-03-02 11:27:00","Portacontenidors","12:27","ITGIT","36A","354315000","9309461","BSFPO","Finalitzada","331,99","Freeport, Grand Bahama","Gioia Tauro","F","12-19","81778-1","2026-03-02","2026-03-01 18:11:00","Panamà","MEDITERRANEAN SHIPPING COM ESPAÑA SLU","3EEQ7"
"2026","6212","PA","2026-03-03 07:45:00","MSC LAURENCE","16,5","","https://www.marinetraffic.com/en/ais/details/ships/mmsi:371582000","TERMINAL CATALUNYA SA","16:27","2026-03-02 15:27:00","2026-03-02","2026-03-03 06:45:00","Portacontenidors","07:45","ESVLC","36A","371582000","9467419","ITSPE","Finalitzada","365,82","La Spezia","Valencia","F","12-19","81780-1","2026-03-03","2026-03-02 16:27:00","Panamà","MEDITERRANEAN SHIPPING COM ESPAÑA SLU","3FUT9"
"2026","6212","PA","2026-03-10 20:53:00","MEDKON RAY","8,5","23,25","https://www.marinetraffic.com/en/ais/details/ships/mmsi:352006505","TERMINAL CATALUNYA SA","12:26","2026-03-10 11:26:00","2026-03-10","2026-03-10 19:53:00","Càrrega (Lo-Lo)","20:53","ESVLC","36A","352006505","9388338","DZMOS","Finalitzada","147,83","Mostaganem","Valencia","F","20-23","81154-1","2026-03-10","2026-03-10 12:26:00","Panamà","CMA CGM IBERICA SAU","3EA5246"
"2026","6212","PT","2026-01-14 12:30:00","KATHARINA","11,75","","https://www.marinetraffic.com/en/ais/details/ships/mmsi:255806525","TERMINAL CATALUNYA SA","07:22","2026-01-14 06:22:00","2026-01-14","2026-01-14 11:30:00","Portacontenidors","12:30","ESSAG","36A","255806525","9584865","ESSAG","Finalitzada","151,72","Sagunto","Sagunto","F","3-6","80830-1","2026-01-14","2026-01-14 07:22:00","Portugal","SOLUCIONES INTEGRALES MARITIMAS SLU","CQEZ2"
"2026","6212","PT","2026-01-17 03:40:00","KATHARINA","11,75","","https://www.marinetraffic.com/en/ais/details/ships/mmsi:255806525","TERMINAL CATALUNYA SA","17:41","2026-01-16 16:41:00","2026-01-16","2026-01-17 02:40:00","Portacontenidors","03:40","ESSAG","36A","255806525","9584865","ESSAG","Finalitzada","151,72","Sagunto","Sagunto","F","27-30","80830-3","2026-01-17","2026-01-16 17:41:00","Portugal","SOLUCIONES INTEGRALES MARITIMAS SLU","CQEZ2"
"2026","6212","PT","2026-01-24 05:16:00","HELENA","11,75","","https://www.marinetraffic.com/en/ais/details/ships/mmsi:255806505","TERMINAL CATALUNYA SA","18:07","2026-01-23 17:07:00","2026-01-23","2026-01-24 04:16:00","Portacontenidors","05:16","ESSAG","36A","255806505","9584487","ESSAG","Finalitzada","151,72","Sagunto","Sagunto","F","27-30","81051-1","2026-01-24","2026-01-23 18:07:00","Portugal","SOLUCIONES INTEGRALES MARITIMAS SLU","CQEW6"
"2026","6212","PT","2026-01-25 11:16:00","MSC LAGOS X","14,5","","https://www.marinetraffic.com/en/ais/details/ships/mmsi:255915616","TERMINAL CATALUNYA SA","18:15","2026-01-24 17:15:00","2026-01-24","2026-01-25 10:16:00","Portacontenidors","11:16","ESVLC","36A","255915616","9605152","EGDAM","Finalitzada","299,88","Damietta","Valencia","F","3-9","80776-1","2026-01-25","2026-01-24 18:15:00","Portugal","MEDITERRANEAN SHIPPING COM ESPAÑA SLU","CQ2074"
"2026","6212","PT","2026-01-29 16:58:00","KATHARINA","11,75","","https://www.marinetraffic.com/en/ais/details/ships/mmsi:255806525","TERMINAL CATALUNYA SA","05:42","2026-01-29 04:42:00","2026-01-29","2026-01-29 15:58:00","Portacontenidors","16:58","ESSAG","36A","255806525","9584865","ESSAG","Finalitzada","151,72","Sagunto","Sagunto","F","12-15","81175-1","2026-01-29","2026-01-29 05:42:00","Portugal","SOLUCIONES INTEGRALES MARITIMAS SLU","CQEZ2"
"2026","6212","PT","2026-01-31 02:12:00","KATHARINA","11,75","","https://www.marinetraffic.com/en/ais/details/ships/mmsi:255806525","TERMINAL CATALUNYA SA","16:02","2026-01-30 15:02:00","2026-01-30","2026-01-31 01:12:00","Portacontenidors","02:12","ESSAG","36A","255806525","9584865","ESSAG","Finalitzada","151,72","Sagunto","Sagunto","F","12-15","81175-3","2026-01-31","2026-01-30 16:02:00","Portugal","SOLUCIONES INTEGRALES MARITIMAS SLU","CQEZ2"
"2026","6212","PT","2026-02-03 18:04:00","MSC LEANDRA V","13,45","","https://www.marinetraffic.com/en/ais/details/ships/mmsi:255803590","TERMINAL CATALUNYA SA","08:26","2026-02-03 07:26:00","2026-02-03","2026-02-03 17:04:00","Portacontenidors","18:04","ITGIT","36A","255803590","9313943","FRFOS","Finalitzada","294","Fos-sur-Mer","Gioia Tauro","F","24-30","80955-1","2026-02-03","2026-02-03 08:26:00","Portugal","MEDITERRANEAN SHIPPING COM ESPAÑA SLU","CQRE"
"2026","6212","PT","2026-02-04 15:06:00","WEC JAN STEEN","8,71","22,5","https://www.marinetraffic.com/en/ais/details/ships/mmsi:255806280","TERMINAL CATALUNYA SA","01:47","2026-02-04 00:47:00","2026-02-04","2026-02-04 14:06:00","Portacontenidors","15:06","ESLPA","36A","255806280","9354416","ESVLC","Finalitzada","134,44","Valencia","Las Palmas","F","20-22","80890-1","2026-02-04","2026-02-04 01:47:00","Portugal","WEC LINES ESPAÑA SLU","CQAU6"
"2026","6212","PT","2026-02-07 02:49:00","HELENA","11,75","","https://www.marinetraffic.com/en/ais/details/ships/mmsi:255806505","TERMINAL CATALUNYA SA","00:25","2026-02-05 23:25:00","2026-02-06","2026-02-07 01:49:00","Portacontenidors","02:49","ESSAG","36A","255806505","9584487","ESSAG","Finalitzada","151,72","Sagunto","Sagunto","F","27-30","81337-1","2026-02-07","2026-02-06 00:25:00","Portugal","SOLUCIONES INTEGRALES MARITIMAS SLU","CQEW6"
"2026","6212","PT","2026-02-08 08:05:00","LIBERTAS-H","7,75","","https://www.marinetraffic.com/en/ais/details/ships/mmsi:255805480","TERMINAL CATALUNYA SA","23:02","2026-02-07 22:02:00","2026-02-07","2026-02-08 07:05:00","Càrrega (Lo-Lo)","08:05","DZALG","36A","255805480","9388388","ITGOA","Finalitzada","126,85","Genoa","Alger (Algiers)","F","19-21","81205-1","2026-02-08","2026-02-07 23:02:00","Portugal","BERGE MARITIMA SL","CQJB"
"2026","6212","PT","2026-02-10 13:35:00","CARLA","7,29","","https://www.marinetraffic.com/en/ais/details/ships/mmsi:255805984","TERMINAL CATALUNYA SA","05:00","2026-02-10 04:00:00","2026-02-10","2026-02-10 12:35:00","Portacontenidors","13:35","ESVLC","36A","255805984","9319868","MACAS","Finalitzada","139,88","Casablanca","Valencia","F","12-15","81025-1","2026-02-10","2026-02-10 05:00:00","Portugal","A PEREZ Y CIA SL","CQIK4"
"2026","6212","PT","2026-02-11 10:31:00","PANDA 009","14,4","40","https://www.marinetraffic.com/en/ais/details/ships/mmsi:255805778","TERMINAL CATALUNYA SA","10:24","2026-02-10 09:24:00","2026-02-10","2026-02-11 09:31:00","Portacontenidors","10:31","SIKOP","36A","255805778","9294812","MYLPK","Finalitzada","275,8","Northport/Pt Klang                 ","Koper","F","19-24","81186-1","2026-02-11","2026-02-10 10:24:00","Portugal","MARTICO SL","CQDB"
"2026","6212","PT","2026-02-13 03:25:00","PANDA 003","9,6","26,9","https://www.marinetraffic.com/en/ais/details/ships/mmsi:255915662","TERMINAL CATALUNYA SA","15:43","2026-02-11 14:43:00","2026-02-11","2026-02-13 02:25:00","Portacontenidors","03:25","MACAS","36A","255915662","9968891","ESCAD","Finalitzada","169,95","Cadiz","Casablanca","F","21-24","81184-1","2026-02-13","2026-02-11 15:43:00","Portugal","MARTICO SL","CQ2120"
"2026","6212","PT","2026-02-14 00:36:00","KATHARINA","11,75","","https://www.marinetraffic.com/en/ais/details/ships/mmsi:255806525","TERMINAL CATALUNYA SA","13:29","2026-02-13 12:29:00","2026-02-13","2026-02-13 23:36:00","Portacontenidors","00:36","ESSAG","36A","255806525","9584865","ESSAG","Finalitzada","151,72","Sagunto","Sagunto","F","26-29","81553-1","2026-02-14","2026-02-13 13:29:00","Portugal","SOLUCIONES INTEGRALES MARITIMAS SLU","CQEZ2"
"2026","6212","PT","2026-02-14 21:17:00","MSC MELINE","15,9","48,2","https://www.marinetraffic.com/en/ais/details/ships/mmsi:255806497","TERMINAL CATALUNYA SA","22:17","2026-02-13 21:17:00","2026-02-13","2026-02-14 20:17:00","Portacontenidors","21:17","ITLIV","36A","255806497","9702077","ESVLC","Finalitzada","299,96","Valencia","Livorno","F","12-18","81234-1","2026-02-14","2026-02-13 22:17:00","Portugal","MEDITERRANEAN SHIPPING COM ESPAÑA SLU","CQEV6"
"2026","6212","PT","2026-02-14 21:45:00","PANDA 004","9,6","","https://www.marinetraffic.com/en/ais/details/ships/mmsi:255915663","TERMINAL CATALUNYA SA","02:08","2026-02-14 01:08:00","2026-02-14","2026-02-14 20:45:00","Portacontenidors","21:45","NLMOE","36A","255915663","9968906","ESCAD","Finalitzada","169,95","Cadiz","Moerdijk","F","26-29","81187-1","2026-02-14","2026-02-14 02:08:00","Portugal","MARTICO SL","CQ2121"
"2026","6212","PT","2026-02-16 15:12:00","MSC AGNA II","9,5","","https://www.marinetraffic.com/en/ais/details/ships/mmsi:255806099","TERMINAL CATALUNYA SA","22:38","2026-02-15 21:38:00","2026-02-15","2026-02-16 14:12:00","Portacontenidors","15:12","DZBJA","36A","255806099","9509774","DZBJA","Finalitzada","180,42","Bejaia (ex Bougie)","Bejaia (ex Bougie)","F","21-24","81731-1","2026-02-16","2026-02-15 22:38:00","Portugal","MEDITERRANEAN SHIPPING COM ESPAÑA SLU","CQIX9"
"2026","6212","PT","2026-02-17 21:25:00","LIBERTAS-H","7,75","20,4","https://www.marinetraffic.com/en/ais/details/ships/mmsi:255805480","TERMINAL CATALUNYA SA","13:07","2026-02-17 12:07:00","2026-02-17","2026-02-17 20:25:00","Càrrega (Lo-Lo)","21:25","FRFOS","36A","255805480","9388388","ESCAS","Finalitzada","126,85","Castellon de la Plana","Fos-sur-Mer","F","16-18","81566-1","2026-02-17","2026-02-17 13:07:00","Portugal","BERGE MARITIMA SL","CQJB"
"2026","6212","PT","2026-02-18 20:32:00","HELENA","11,75","","https://www.marinetraffic.com/en/ais/details/ships/mmsi:255806505","TERMINAL CATALUNYA SA","11:11","2026-02-18 10:11:00","2026-02-18","2026-02-18 19:32:00","Portacontenidors","20:32","ESSAG","36A","255806505","9584487","ESSAG","Finalitzada","151,72","Sagunto","Sagunto","F","26-29","81740-1","2026-02-18","2026-02-18 11:11:00","Portugal","SOLUCIONES INTEGRALES MARITIMAS SLU","CQEW6"
"2026","6212","PT","2026-02-19 10:16:00","MSC JULIE","15,94","48,2","https://www.marinetraffic.com/en/ais/details/ships/mmsi:255806498","TERMINAL CATALUNYA SA","02:56","2026-02-18 01:56:00","2026-02-18","2026-02-19 09:16:00","Portacontenidors","10:16","TRTEK","36A","255806498","9704996","ESVLC","Finalitzada","299,96","Valencia","Tekirdag","F","12-18","81385-1","2026-02-19","2026-02-18 02:56:00","Portugal","MEDITERRANEAN SHIPPING COM ESPAÑA SLU","CQEV7"
"2026","6212","PT","2026-02-20 13:55:00","PANDA 009","14,4","","https://www.marinetraffic.com/en/ais/details/ships/mmsi:255805778","TERMINAL CATALUNYA SA","00:21","2026-02-19 23:21:00","2026-02-20","2026-02-20 12:55:00","Portacontenidors","13:55","MYPKG","36A","255805778","9294812","SIKOP","Finalitzada","264,75","Koper","Port Kelang","F","12-17","81722-1","2026-02-20","2026-02-20 00:21:00","Portugal","MARTICO SL","CQDB"
"2026","6212","PT","2026-02-21 04:37:00","HELENA","11,75","","https://www.marinetraffic.com/en/ais/details/ships/mmsi:255806505","TERMINAL CATALUNYA SA","20:30","2026-02-20 19:30:00","2026-02-20","2026-02-21 03:37:00","Portacontenidors","04:37","ESSAG","36A","255806505","9584487","ESSAG","Finalitzada","151,72","Sagunto","Sagunto","F","22-25","81740-3","2026-02-21","2026-02-20 20:30:00","Portugal","SOLUCIONES INTEGRALES MARITIMAS SLU","CQEW6"
"2026","6212","PT","2026-02-21 11:25:00","WEC JAN STEEN","8,71","","https://www.marinetraffic.com/en/ais/details/ships/mmsi:255806280","TERMINAL CATALUNYA SA","02:31","2026-02-21 01:31:00","2026-02-21","2026-02-21 10:25:00","Portacontenidors","11:25","ESVLC","36A","255806280","9354416","ESAGP","Finalitzada","134,44","Malaga","Valencia","F","27-30","81470-1","2026-02-21","2026-02-21 02:31:00","Portugal","WEC LINES ESPAÑA SLU","CQAU6"
"2026","6212","PT","2026-02-24 14:06:00","MSC TIAN III","10","","https://www.marinetraffic.com/en/ais/details/ships/mmsi:255917251","TERMINAL CATALUNYA SA","20:34","2026-02-23 19:34:00","2026-02-23","2026-02-24 13:06:00","Portacontenidors","14:06","ITNAP","36A","255917251","9359715","PTSIE","Finalitzada","199,9","Sines","Napoli","F","25-30","82044-1","2026-02-24","2026-02-23 20:34:00","Portugal","MEDITERRANEAN SHIPPING COM ESPAÑA SLU","CQ2820"
"2026","6212","PT","2026-02-25 19:04:00","KATHARINA","11,75","23,4","https://www.marinetraffic.com/en/ais/details/ships/mmsi:255806525","TERMINAL CATALUNYA SA","07:07","2026-02-25 06:07:00","2026-02-25","2026-02-25 18:04:00","Portacontenidors","19:04","ESSAG","36A","255806525","9584865","ESSAG","Finalitzada","151,72","Sagunto","Sagunto","F","27-30","82098-1","2026-02-25","2026-02-25 07:07:00","Portugal","SOLUCIONES INTEGRALES MARITIMAS SLU","CQEZ2"
"2026","6212","PT","2026-02-27 01:25:00","PANDA 008","14,02","","https://www.marinetraffic.com/en/ais/details/ships/mmsi:255805676","TERMINAL CATALUNYA SA","04:23","2026-02-26 03:23:00","2026-02-26","2026-02-27 00:25:00","Portacontenidors","01:25","SIKOP","36A","255805676","9248162","MYLPK","Finalitzada","278,91","Northport/Pt Klang                 ","Koper","F","20-25","81192-1","2026-02-27","2026-02-26 04:23:00","Portugal","MARTICO SL","CQEA"
"2026","6212","PT","2026-02-28 15:26:00","KATHARINA","11,75","23,4","https://www.marinetraffic.com/en/ais/details/ships/mmsi:255806525","TERMINAL CATALUNYA SA","03:50","2026-02-28 02:50:00","2026-02-28","2026-02-28 14:26:00","Portacontenidors","15:26","ESSAG","36A","255806525","9584865","ESSAG","Finalitzada","151,72","Sagunto","Sagunto","F","20-23","82098-3","2026-02-28","2026-02-28 03:50:00","Portugal","SOLUCIONES INTEGRALES MARITIMAS SLU","CQEZ2"
"2026","6212","PT","2026-03-03 10:05:00","PANDA 003","9,6","","https://www.marinetraffic.com/en/ais/details/ships/mmsi:255915662","TERMINAL CATALUNYA SA","19:43","2026-03-02 18:43:00","2026-03-02","2026-03-03 09:05:00","Portacontenidors","10:05","NLMOE","36A","255915662","9968891","NLMOE","Finalitzada","169,95","Moerdijk","Moerdijk","F","21-24","81194-1","2026-03-03","2026-03-02 19:43:00","Portugal","MARTICO SL","CQ2120"
"2026","6212","PT","2026-03-07 18:24:00","HELENA","11,75","23,4","https://www.marinetraffic.com/en/ais/details/ships/mmsi:255806505","TERMINAL CATALUNYA SA","07:00","2026-03-07 06:00:00","2026-03-07","2026-03-07 17:24:00","Portacontenidors","18:24","ESSAG","36A","255806505","9584487","ESSAG","Finalitzada","151,72","Sagunto","Sagunto","F","27-30","82421-1","2026-03-07","2026-03-07 07:00:00","Portugal","SOLUCIONES INTEGRALES MARITIMAS SLU","CQEW6"
"2026","6212","PT","2026-03-07 22:32:00","MSC LEANDRA V","13,45","","https://www.marinetraffic.com/en/ais/details/ships/mmsi:255803590","TERMINAL CATALUNYA SA","10:08","2026-03-07 09:08:00","2026-03-07","2026-03-07 21:32:00","Portacontenidors","22:32","GRPIR","36A","255803590","9313943","FRFOS","Finalitzada","294","Fos-sur-Mer","Piraeus","F","12-18","82133-1","2026-03-07","2026-03-07 10:08:00","Portugal","MEDITERRANEAN SHIPPING COM ESPAÑA SLU","CQRE"
"2026","6212","PT","2026-03-11 03:03:00","K-OCEAN","6,69","18,2","https://www.marinetraffic.com/en/ais/details/ships/mmsi:255805996","TERMINAL CATALUNYA SA","20:24","2026-03-10 19:24:00","2026-03-10","2026-03-11 02:03:00","Portacontenidors","03:03","ESVLC","36A","255805996","9143972","ESALG","Finalitzada","121,76","Algeciras","Valencia","F","24-26","81336-2","2026-03-11","2026-03-10 20:24:00","Portugal","A PEREZ Y CIA SL","CQIL8"
"2026","6212","PT","2026-03-11 04:23:00","LIBERTAS-H","7,75","","https://www.marinetraffic.com/en/ais/details/ships/mmsi:255805480","TERMINAL CATALUNYA SA","21:53","2026-03-10 20:53:00","2026-03-10","2026-03-11 03:23:00","Càrrega (Lo-Lo)","04:23","DZALG","36A","255805480","9388388","ITGOA","Finalitzada","126,85","Genoa","Alger (Algiers)","F","27-30","81732-1","2026-03-11","2026-03-10 21:53:00","Portugal","BERGE MARITIMA SL","CQJB"
"2026","6212","PT","2026-03-11 11:58:00","WEC JAN STEEN","8,71","","https://www.marinetraffic.com/en/ais/details/ships/mmsi:255806280","TERMINAL CATALUNYA SA","01:54","2026-03-11 00:54:00","2026-03-11","2026-03-11 10:58:00","Portacontenidors","11:58","ESLPA","36A","255806280","9354416","ESVLC","Finalitzada","134,44","Valencia","Las Palmas","F","16-18","82259-1","2026-03-11","2026-03-11 01:54:00","Portugal","WEC LINES ESPAÑA SLU","CQAU6"
"2026","6212","PT","2026-03-13 00:00:00","PANDA 001","14","","https://www.marinetraffic.com/en/ais/details/ships/mmsi:255805780","TERMINAL CATALUNYA SA","01:15","2026-03-12 00:15:00","2026-03-12","2026-03-12 23:00:00","Portacontenidors","00:00","SIKOP","36A","255805780","9290787","MYLPK","Finalitzada","276","Northport/Pt Klang                 ","Koper","F","12-17","82092-1","2026-03-13","2026-03-12 01:15:00","Portugal","MARTICO SL","CQDD"
"2026","6212","PT","2026-03-14 04:45:00","KATHARINA","11,75","","https://www.marinetraffic.com/en/ais/details/ships/mmsi:255806525","TERMINAL CATALUNYA SA","11:13","2026-03-13 10:13:00","2026-03-13","2026-03-14 03:45:00","Portacontenidors","04:45","ESSAG","36A","255806525","9584865","ESSAG","Finalitzada","151,72","Sagunto","Sagunto","F","27-30","82569-1","2026-03-14","2026-03-13 11:13:00","Portugal","SOLUCIONES INTEGRALES MARITIMAS SLU","CQEZ2"
"2026","6212","PT","2026-03-14 11:19:00","MSC AGNA II","9,5","","https://www.marinetraffic.com/en/ais/details/ships/mmsi:255806099","TERMINAL CATALUNYA SA","01:30","2026-03-14 00:30:00","2026-03-14","2026-03-14 10:19:00","Portacontenidors","11:19","DZALG","36A","255806099","9509774","FRFOS","Finalitzada","180,42","Fos-sur-Mer","Alger (Algiers)","F","22-26","82479-1","2026-03-14","2026-03-14 01:30:00","Portugal","MEDITERRANEAN SHIPPING COM ESPAÑA SLU","CQIX9"
"2026","6212","PT","2026-03-15 13:15:00","PANDA 004","9,6","","https://www.marinetraffic.com/en/ais/details/ships/mmsi:255915663","TERMINAL CATALUNYA SA","12:33","2026-03-14 11:33:00","2026-03-14","2026-03-15 12:15:00","Portacontenidors","13:15","NLMOE","36A","255915663","9968906","MACAS","Finalitzada","169,95","Casablanca","Moerdijk","F","21-24","82069-1","2026-03-15","2026-03-14 12:33:00","Portugal","MARTICO SL","CQ2121"
"2026","6212","PT","2026-03-17 01:05:00","PANDA 005","9,6","","https://www.marinetraffic.com/en/ais/details/ships/mmsi:255915666","TERMINAL CATALUNYA SA","23:21","2026-03-15 22:21:00","2026-03-15","2026-03-17 00:05:00","Portacontenidors","01:05","NLMOE","36A","255915666","9981063","MACAS","Finalitzada","169,95","Casablanca","Moerdijk","F","21-24","82093-1","2026-03-17","2026-03-15 23:21:00","Portugal","MARTICO SL","CQ2124"
"2026","6212","SG","2026-01-20 02:54:00","ATLANTIC EXPRESS","8,51","","https://www.marinetraffic.com/en/ais/details/ships/mmsi:563159300","TERMINAL CATALUNYA SA","05:50","2026-01-19 04:50:00","2026-01-19","2026-01-20 01:54:00","Portacontenidors","02:54","DZSKI","36A","563159300","9330850","DZGHZ","Finalitzada","147,87","Ghazaouet","Skikda (ex Philippeville)","F","19-22","81078-1","2026-01-20","2026-01-19 05:50:00","Singapur","CMA CGM IBERICA SAU","9V8095"
"2026","6212","SG","2026-01-23 05:42:00","MSC ANTIGUA","14,52","48,2","https://www.marinetraffic.com/en/ais/details/ships/mmsi:563308300","TERMINAL CATALUNYA SA","15:11","2026-01-22 14:11:00","2026-01-22","2026-01-23 04:42:00","Portacontenidors","05:42","ITGIT","36A","563308300","9619476","BSFPO","Finalitzada","299,18","Freeport, Grand Bahama","Gioia Tauro","F","12-18","80777-1","2026-01-23","2026-01-22 15:11:00","Singapur","MEDITERRANEAN SHIPPING COM ESPAÑA SLU","9V6730"
"2026","6212","SG","2026-01-25 18:46:00","MSC ANTIGUA","14,52","48,2","https://www.marinetraffic.com/en/ais/details/ships/mmsi:563308300","TERMINAL CATALUNYA SA","05:43","2026-01-23 04:43:00","2026-01-23","2026-01-25 17:46:00","Portacontenidors","18:46","ITGIT","29A","563308300","9619476","BSFPO","Finalitzada","299,18","Freeport, Grand Bahama","Gioia Tauro","F","10-16","80777-2","2026-01-25","2026-01-23 05:43:00","Singapur","MEDITERRANEAN SHIPPING COM ESPAÑA SLU","9V6730"
"2026","6212","SG","2026-01-27 14:58:00","MAERSK NEWARK","11,6","","https://www.marinetraffic.com/en/ais/details/ships/mmsi:563288600","TERMINAL CATALUNYA SA","01:18","2026-01-27 00:18:00","2026-01-27","2026-01-27 13:58:00","Portacontenidors","14:58","MACAS","36A","563288600","9402615","ESVLC","Finalitzada","208,93","Valencia","Casablanca","F","26-30","80945-1","2026-01-27","2026-01-27 01:18:00","Singapur","NOATUM MARITIME SPAIN SAU","9V7356"
"2026","6212","SG","2026-02-25 01:39:00","MAERSK NEWARK","11,6","","https://www.marinetraffic.com/en/ais/details/ships/mmsi:563288600","TERMINAL CATALUNYA SA","23:58","2026-02-23 22:58:00","2026-02-23","2026-02-25 00:39:00","Portacontenidors","01:39","ESALG","36A","563288600","9402615","ESVLC","Finalitzada","208,93","Valencia","Algeciras","F","20-24","81702-1","2026-02-25","2026-02-23 23:58:00","Singapur","NOATUM MARITIME SPAIN SAU","9V7356"
"2026","6212","SG","2026-02-26 14:11:00","MIMMI SCHULTE","10,5","","https://www.marinetraffic.com/en/ais/details/ships/mmsi:563024600","TERMINAL CATALUNYA SA","03:14","2026-02-26 02:14:00","2026-02-26","2026-02-26 13:11:00","Portacontenidors","14:11","GRPIR","36A","563024600","9743473","ESALG","Finalitzada","188,85","Algeciras","Piraeus","F","26-30","81241-1","2026-02-26","2026-02-26 03:14:00","Singapur","ORIENT OVERSEAS CONTAINER LINE SPAIN SL","9V3435"
"2026","6212","SG","2026-03-01 14:36:00","YM WIND","15","","https://www.marinetraffic.com/en/ais/details/ships/mmsi:563291300","TERMINAL CATALUNYA SA","15:19","2026-02-28 14:19:00","2026-02-28","2026-03-01 13:36:00","Portacontenidors","14:36","ITGOA","36A","563291300","9708461","ESVLC","Finalitzada","368","Valencia","Genoa","F","3-10","81730-1","2026-03-01","2026-02-28 15:19:00","Singapur","YANG MING (SPAIN) SL","9V3313"
"2026","6212","SG","2026-03-15 17:16:00","ONE FRIENDSHIP","16","","https://www.marinetraffic.com/en/ais/details/ships/mmsi:563290600","TERMINAL CATALUNYA SA","22:47","2026-03-13 21:47:00","2026-03-13","2026-03-15 16:16:00","Portacontenidors","17:16","ITGOA","36A","563290600","9934369","ESVLC","Finalitzada","366","Valencia","Genoa","F","3-10","80959-1","2026-03-15","2026-03-13 22:47:00","Singapur","OCEAN NETWORK EXPRESS SPAIN SA","9V7360"
"2026","6212","SG","2026-03-17 15:42:00","SAPPHIRE","15","42,8","https://www.marinetraffic.com/en/ais/details/ships/mmsi:563293700","TERMINAL CATALUNYA SA","06:27","2026-03-17 05:27:00","2026-03-17","2026-03-17 14:42:00","Portacontenidors","15:42","ESVLC","36A","563293700","9968011","VNTOT","Finalitzada","271,94","Cai Mep","Valencia","F","20-26","81786-1","2026-03-17","2026-03-17 06:27:00","Singapur","A PEREZ Y CIA SL","9V7762"
"2026","6693","IT","2026-02-27 02:04:00","LUCA IEVOLI","6,45","","https://www.marinetraffic.com/en/ais/details/ships/mmsi:247069600","BUNGE IBERICA SA","23:19","2026-02-25 22:19:00","2026-02-25","2026-02-27 01:04:00","Tancs","02:04","MACAS","23A","247069600","9250086","ESCAR","Finalitzada","99,9","Cartagena","Casablanca","F","1-3","82280-1","2026-02-27","2026-02-25 23:19:00","Itàlia","ALFASHIP MARITIME SERVICES SL ","IBFD"
"2026","6693","MT","2026-01-14 07:57:00","ZUGA","6,51","","https://www.marinetraffic.com/en/ais/details/ships/mmsi:229171000","BUNGE IBERICA SA","22:05","2026-01-12 21:05:00","2026-01-12","2026-01-14 06:57:00","Tancs","07:57","ITMNP","23A","229171000","9405784","ESSVQ","Finalitzada","100,12","Sevilla","Monopoli","F","1-3","80879-1","2026-01-14","2026-01-12 22:05:00","Malta","ALFASHIP MARITIME SERVICES SL ","9HA2654"
"2026","6693","PA","2026-01-24 20:25:00","LIVATYA","7,56","","https://www.marinetraffic.com/en/ais/details/ships/mmsi:356789000","BUNGE IBERICA SA","21:01","2026-01-23 20:01:00","2026-01-23","2026-01-24 19:25:00","Tancs","20:25","MAAGA","23A","356789000","9291444","ESCAR","Finalitzada","112,02","Cartagena","Agadir","F","1-3","81185-1","2026-01-24","2026-01-23 21:01:00","Panamà","ALFASHIP MARITIME SERVICES SL ","HPWW"
"2026","6995","BS","2026-01-14 03:42:00","THEANOULA","10,52","","https://www.marinetraffic.com/en/ais/details/ships/mmsi:311001055","MEROIL SA","14:34","2026-01-11 13:34:00","2026-01-11","2026-01-14 02:42:00","Tancs","03:42","FRSET","32D","311001055","9935557","GIGIB","Finalitzada","183,21","Gibraltar","Sete","F","1","80947-1","2026-01-14","2026-01-11 14:34:00","Bahames","ALFASHIP MARITIME SERVICES SL ","C6FA7"
"2026","6995","CA","2026-01-24 03:10:00","GAIA DESGAGNES","9,36","","https://www.marinetraffic.com/en/ais/details/ships/mmsi:316015060","MEROIL SA","08:53","2026-01-23 07:53:00","2026-01-23","2026-01-24 02:10:00","Tancs","03:10","FRFOS","32F","316015060","9739800","BEGNE","Finalitzada","149,9","Gent (Ghent)","Fos-sur-Mer","F","1","81148-1","2026-01-24","2026-01-23 08:53:00","Canadà","ALFASHIP MARITIME SERVICES SL ","CFA2990"
"2026","6995","DK","2026-02-13 16:40:00","HENNING MAERSK","10,22","","https://www.marinetraffic.com/en/ais/details/ships/mmsi:219277000","MEROIL SA","18:12","2026-02-11 17:12:00","2026-02-11","2026-02-13 15:40:00","Tancs","16:40","ESHUV","32E","219277000","9389526","FRLAV","Finalitzada","180","Lavera","Huelva","F","1","81381-3","2026-02-13","2026-02-11 18:12:00","Dinamarca","ALFASHIP MARITIME SERVICES SL ","OYRV2"
"2026","6995","DK","2026-03-04 14:35:00","MAERSK AEGEAN","11,52","","https://www.marinetraffic.com/en/ais/details/ships/mmsi:219682000","MEROIL SA","22:53","2026-02-28 21:53:00","2026-02-28","2026-03-04 13:35:00","Tancs","14:35","ITPMA","34B","219682000","9636644","FRFOS","Finalitzada","184","Fos-sur-Mer","Marghera","F","1","82323-1","2026-03-04","2026-02-28 22:53:00","Dinamarca","ALFASHIP MARITIME SERVICES SL ","OVQU2"
"2026","6995","DK","2026-03-05 16:36:00","TORM SPLENDID","13,3","32","https://www.marinetraffic.com/en/ais/details/ships/mmsi:219303000","MEROIL SA","01:03","2026-03-04 00:03:00","2026-03-04","2026-03-05 15:36:00","Tancs","16:36","ITGOA","32B","219303000","9854791","ESALG","Finalitzada","183,06","Algeciras","Genoa","F","1","82160-1","2026-03-05","2026-03-04 01:03:00","Dinamarca","BERGE MARITIMA SL","OYCR2"
"2026","6995","FR","2026-03-11 03:46:00","SEDNA","7","","https://www.marinetraffic.com/en/ais/details/ships/mmsi:228372600","MEROIL SA","19:40","2026-03-09 18:40:00","2026-03-09","2026-03-11 02:46:00","Tancs","03:46","FRFOS","32F","228372600","9837353","TNGAE","Finalitzada","116","Gabes","Fos-sur-Mer","F","1","82563-1","2026-03-11","2026-03-09 19:40:00","França","ALFASHIP MARITIME SERVICES SL ","FLWJ"
"2026","6995","IM","2026-03-09 02:33:00","VS SPIRIT","11,82","27,4","https://www.marinetraffic.com/en/ais/details/ships/mmsi:232026670","MEROIL SA","20:30","2026-03-04 19:30:00","2026-03-04","2026-03-09 01:33:00","Tancs","02:33","MTMAR","34B","232026670","9339636","LYTIP","Finalitzada","171,2","Tripoli","Marsaxlokk","F","1","82300-1","2026-03-09","2026-03-04 20:30:00","Illa de Man","MH BLAND SL","MGYF2"
"2026","6995","IT","2026-02-10 15:59:00","RITA IEVOLI","9,3","22,9","https://www.marinetraffic.com/en/ais/details/ships/mmsi:247452200","MEROIL SA","11:24","2026-02-09 10:24:00","2026-02-09","2026-02-10 14:59:00","Tancs","15:59","ZZZZZ","32F","247452200","9846471","ITQOS","Finalitzada","129,9","Oristano","Desconegut","F","1","81468-1","2026-02-10","2026-02-09 11:24:00","Itàlia","ALFASHIP MARITIME SERVICES SL ","ICBB"
"2026","6995","IT","2026-02-13 04:43:00","ZEFIREA","10,94","32,2","https://www.marinetraffic.com/en/ais/details/ships/mmsi:247322500","MEROIL SA","09:55","2026-02-08 08:55:00","2026-02-08","2026-02-13 03:43:00","Tancs","04:43","SYBAN","34B","247322500","9607643","ESPMI","Finalitzada","179,83","Palma de Mallorca","Baniyas","F","1","81610-1","2026-02-13","2026-02-08 09:55:00","Itàlia","ALFASHIP MARITIME SERVICES SL ","ICSM"
"2026","6995","LR","2026-02-09 22:16:00","XT HONESTY","9,19","","https://www.marinetraffic.com/en/ais/details/ships/mmsi:636020784","MEROIL SA","07:31","2026-02-08 06:31:00","2026-02-08","2026-02-09 21:16:00","Tancs","22:16","ZZZZZ","32D","636020784","9576832","BEGNE","Finalitzada","142,5","Gent (Ghent)","Desconegut","F","1","81559-1","2026-02-09","2026-02-08 07:31:00","Libèria","ALFASHIP MARITIME SERVICES SL ","5LAR9"
"2026","6995","LR","2026-02-20 12:58:00","FPMC 34","13,32","32","https://www.marinetraffic.com/en/ais/details/ships/mmsi:636018726","MEROIL SA","08:45","2026-02-15 07:45:00","2026-02-15","2026-02-20 11:58:00","Tancs","12:58","GNCKY","34B","636018726","9845166","TRALI","Finalitzada","183,01","Aliaga","Conakry","F","1","81729-1","2026-02-20","2026-02-15 08:45:00","Libèria","ALFASHIP MARITIME SERVICES SL ","D5RC7"
"2026","6995","LR","2026-02-22 20:09:00","ETC NEFERTARI","13,5","","https://www.marinetraffic.com/en/ais/details/ships/mmsi:636015007","MEROIL SA","02:27","2026-02-22 01:27:00","2026-02-22","2026-02-22 19:09:00","Tancs","20:09","ITGOA","34B","636015007","9399612","FRSET","Finalitzada","189","Sete","Genoa","F","1","82065-1","2026-02-22","2026-02-22 02:27:00","Libèria","BERGE MARITIMA SL","A8YA5"
"2026","6995","LR","2026-02-25 13:38:00","GOLDEN GARDENIA","6,64","16","https://www.marinetraffic.com/en/ais/details/ships/mmsi:255917261","MEROIL SA","14:06","2026-02-24 13:06:00","2026-02-24","2026-02-25 12:38:00","Tancs","13:38","FRNOU","32D","255917261","1088114","FRFOS","Finalitzada","99,8","Fos-sur-Mer","Port-la-Nouvelle","F","1","82130-1","2026-02-25","2026-02-24 14:06:00","Libèria","ALFASHIP MARITIME SERVICES SL ","CQ2830"
"2026","6995","LR","2026-02-27 01:23:00","STOLT ALM","10,42","28,4","https://www.marinetraffic.com/en/ais/details/ships/mmsi:636025471","MEROIL SA","00:26","2026-02-24 23:26:00","2026-02-25","2026-02-27 00:23:00","Tancs","01:23","ESCAR","32B","636025471","9719238","FRFOS","Finalitzada","184,89","Fos-sur-Mer","Cartagena","F","1","81776-3","2026-02-27","2026-02-25 00:26:00","Libèria","ALFASHIP MARITIME SERVICES SL ","5LXP9"
"2026","6995","LR","2026-03-07 17:46:00","GOLDEN GARDENIA","6,64","16","https://www.marinetraffic.com/en/ais/details/ships/mmsi:255917261","MEROIL SA","09:32","2026-03-06 08:32:00","2026-03-06","2026-03-07 16:46:00","Tancs","17:46","ITAUG","32B","255917261","1088114","FRFOS","Finalitzada","99,8","Fos-sur-Mer","Augusta","F","1","82560-1","2026-03-07","2026-03-06 09:32:00","Libèria","ALFASHIP MARITIME SERVICES SL ","CQ2830"
"2026","6995","MH","2026-01-12 17:12:00","SUNNY LIGER","14,18","32,24","https://www.marinetraffic.com/en/ais/details/ships/mmsi:538009607","MEROIL SA","19:50","2026-01-06 18:50:00","2026-01-06","2026-01-12 16:12:00","Tancs","17:12","KEMBA","34B","538009607","9332626","GBMLF","Finalitzada","228,59","Milford Haven","Mombasa","F","1","80762-1","2026-01-12","2026-01-06 19:50:00","Illes Marshall","ALFASHIP MARITIME SERVICES SL ","V7A4949"
"2026","6995","MH","2026-01-16 06:36:00","SEA ALTUS","11,03","","https://www.marinetraffic.com/en/ais/details/ships/mmsi:538010133","MEROIL SA","06:41","2026-01-13 05:41:00","2026-01-13","2026-01-16 05:36:00","Tancs","06:36","ZZZZZ","32B","538010133","9724570","PTSIE","Finalitzada","183,08","Sines","Desconegut","F","1","80951-1","2026-01-16","2026-01-13 06:41:00","Illes Marshall","ALFASHIP MARITIME SERVICES SL ","V7A5659"
"2026","6995","MH","2026-01-17 04:47:00","ELEGANT VOYAGER","12,59","32,2","https://www.marinetraffic.com/en/ais/details/ships/mmsi:538010955","MEROIL SA","03:14","2026-01-15 02:14:00","2026-01-15","2026-01-17 03:47:00","Tancs","04:47","CDBNW","32D","538010955","9547506","ESSCT","Finalitzada","179,99","Santa Cruz de Tenerife","Banana","F","1","80952-1","2026-01-17","2026-01-15 03:14:00","Illes Marshall","ALFASHIP MARITIME SERVICES SL ","V7A6364"
"2026","6995","MH","2026-01-28 05:07:00","SEAWAYS MUSE","13,15","32,2","https://www.marinetraffic.com/en/ais/details/ships/mmsi:538011488","MEROIL SA","01:49","2026-01-26 00:49:00","2026-01-26","2026-01-28 04:07:00","Tancs","05:07","ZZZZZ","34B","538011488","9374301","PTSIE","Finalitzada","183","Sines","Desconegut","F","","81206-1","2026-01-28","2026-01-26 01:49:00","Illes Marshall","ALFASHIP MARITIME SERVICES SL ","V7A3031"
"2026","6995","MH","2026-03-16 05:58:00","SAPSAN","12,52","32,2","https://www.marinetraffic.com/en/ais/details/ships/mmsi:538008336","MEROIL SA","06:26","2026-03-13 05:26:00","2026-03-13","2026-03-16 04:58:00","Tancs","05:58","LYTIP","32B","538008336","9311713","CYLMS","Finalitzada","183,28","Limassol","Tripoli","F","1","82623-1","2026-03-16","2026-03-13 06:26:00","Illes Marshall","ALFASHIP MARITIME SERVICES SL ","V7A2250"
"2026","6995","MT","2026-01-10 14:54:00","IMERA","8,7","","https://www.marinetraffic.com/en/ais/details/ships/mmsi:229561000","MEROIL SA","07:25","2026-01-08 06:25:00","2026-01-08","2026-01-10 13:54:00","Tancs","14:54","ITAUG","32D","229561000","9458066","MAPTM","Finalitzada","142,98","Tanger Med","Augusta","F","1","80752-1","2026-01-10","2026-01-08 07:25:00","Malta","ALFASHIP MARITIME SERVICES SL ","9HA3407"
"2026","6995","MT","2026-01-22 20:43:00","SPRING S","8,71","","https://www.marinetraffic.com/en/ais/details/ships/mmsi:249821000","MEROIL SA","08:40","2026-01-21 07:40:00","2026-01-21","2026-01-22 19:43:00","Tancs","20:43","EGSUZ","32G","249821000","9416812","ITGOA","Finalitzada","128,6","Genoa","El Suweis (= Suez)","F","1","81143-1","2026-01-22","2026-01-21 08:40:00","Malta","ERHARDT SHIPPING SERVICES SL","9HA6396"
"2026","6995","MT","2026-01-26 13:48:00","SEYMA","6,32","","https://www.marinetraffic.com/en/ais/details/ships/mmsi:229546000","MEROIL SA","17:26","2026-01-25 16:26:00","2026-01-25","2026-01-26 12:48:00","Tancs","13:48","FRFOS","32F","229546000","9596777","ESBCN","Finalitzada","121,62","Barcelona","Fos-sur-Mer","F","1","81237-1","2026-01-26","2026-01-25 17:26:00","Malta","ALFASHIP MARITIME SERVICES SL ","9HA3396"
"2026","6995","MT","2026-01-31 05:02:00","HTM EVEREST","11,52","27,4","https://www.marinetraffic.com/en/ais/details/ships/mmsi:248029000","MEROIL SA","12:03","2026-01-28 11:03:00","2026-01-28","2026-01-31 04:02:00","Tancs","05:02","ZZZZZ","34B","248029000","9470985","ITGOA","Finalitzada","184,32","Genoa","Desconegut","F","1","81319-1","2026-01-31","2026-01-28 12:03:00","Malta","ITALMAR 3000 SL","9HA6483"
"2026","6995","MT","2026-02-01 20:44:00","SARAJEVO","8,15","","https://www.marinetraffic.com/en/ais/details/ships/mmsi:249343000","MEROIL SA","04:56","2026-01-31 03:56:00","2026-01-31","2026-02-01 19:44:00","Tancs","20:44","ITGOA","34B","249343000","9477490","MTMLA","Finalitzada","129,5","Malta (Valetta)","Genoa","F","1","81382-1","2026-02-01","2026-01-31 04:56:00","Malta","ERHARDT SHIPPING SERVICES SL","9HPX9"
"2026","6995","MT","2026-02-04 22:20:00","SEYMA","6,32","","https://www.marinetraffic.com/en/ais/details/ships/mmsi:229546000","MEROIL SA","21:07","2026-02-03 20:07:00","2026-02-03","2026-02-04 21:20:00","Tancs","22:20","ITSVN","32B","229546000","9596777","FRNOU","Finalitzada","121,62","Port-la-Nouvelle","Savona","F","1","81412-1","2026-02-04","2026-02-03 21:07:00","Malta","IBERICA MARITIMA BARCELONA SA","9HA3396"
"2026","6995","MT","2026-02-11 14:46:00","DEFNE BAYRAK","6,7","16,6","https://www.marinetraffic.com/en/ais/details/ships/mmsi:215086000","MEROIL SA","01:04","2026-02-10 00:04:00","2026-02-10","2026-02-11 13:46:00","Tancs","14:46","ITAUG","32D","215086000","9835032","FRLAV","Finalitzada","109,98","Lavera","Augusta","F","1","81704-1","2026-02-11","2026-02-10 01:04:00","Malta","IBERICA MARITIMA BARCELONA SA","9HA4952"
"2026","6995","MT","2026-02-12 18:25:00","CIELO DI GAETA","10,5","32,2","https://www.marinetraffic.com/en/ais/details/ships/mmsi:229632000","MEROIL SA","17:57","2026-02-10 16:57:00","2026-02-10","2026-02-12 17:25:00","Tancs","18:25","ESALG","32G","229632000","9669653","FRLAV","Finalitzada","183,06","Lavera","Algeciras","F","","81507-1","2026-02-12","2026-02-10 17:57:00","Malta","IBERICA MARITIMA BARCELONA SA","9HA3467"
"2026","6995","MT","2026-02-15 00:36:00","YM VENUS","6,2","","https://www.marinetraffic.com/en/ais/details/ships/mmsi:215826000","MEROIL SA","12:25","2026-02-13 11:25:00","2026-02-13","2026-02-14 23:36:00","Tancs","00:36","ZZZZZ","32D","215826000","9291585","ITLIV","Finalitzada","105,5","Livorno","Desconegut","F","1","81716-1","2026-02-15","2026-02-13 12:25:00","Malta","IBERICA MARITIMA BARCELONA SA","9HCB8"
"2026","6995","MT","2026-02-15 11:38:00","SEYMA","6,32","","https://www.marinetraffic.com/en/ais/details/ships/mmsi:229546000","MEROIL SA","19:40","2026-02-13 18:40:00","2026-02-13","2026-02-15 10:38:00","Tancs","11:38","FRNOU","32B","229546000","9596777","ITSVN","Finalitzada","121,62","Savona","Port-la-Nouvelle","F","1","81741-1","2026-02-15","2026-02-13 19:40:00","Malta","ALFASHIP MARITIME SERVICES SL ","9HA3396"
"2026","6995","MT","2026-02-24 12:15:00","MRC SEMIRAMIS","6,58","","https://www.marinetraffic.com/en/ais/details/ships/mmsi:249028000","MEROIL SA","12:57","2026-02-23 11:57:00","2026-02-23","2026-02-24 11:15:00","Tancs","12:15","ITNAP","32F","249028000","9418793","LYZAW","Finalitzada","107,34","Az Zawiyah","Napoli","F","1","82147-1","2026-02-24","2026-02-23 12:57:00","Malta","ALFASHIP MARITIME SERVICES SL ","9HIN9"
"2026","6995","MT","2026-03-04 22:07:00","BOMAR VENUS","6,58","","https://www.marinetraffic.com/en/ais/details/ships/mmsi:215135000","MEROIL SA","14:03","2026-03-03 13:03:00","2026-03-03","2026-03-04 21:07:00","Tancs","22:07","ESCAS","32D","215135000","9374014","ITLIV","Finalitzada","107,34","Livorno","Castellon de la Plana","F","1","82273-1","2026-03-04","2026-03-03 14:03:00","Malta","ALFASHIP MARITIME SERVICES SL ","9HA2648"
"2026","6995","MT","2026-03-05 22:29:00","DUZGIT INTEGRITY","7,97","","https://www.marinetraffic.com/en/ais/details/ships/mmsi:249379000","MEROIL SA","02:32","2026-03-04 01:32:00","2026-03-04","2026-03-05 21:29:00","Tancs","22:29","FRFOS","32F","249379000","9380415","FRNOU","Finalitzada","131,85","Port-la-Nouvelle","Fos-sur-Mer","F","1","82357-1","2026-03-05","2026-03-04 02:32:00","Malta","ALFASHIP MARITIME SERVICES SL ","9HQS9"
"2026","6995","MT","2026-03-12 14:38:00","VALSESIA","11,32","","https://www.marinetraffic.com/en/ais/details/ships/mmsi:215063000","MEROIL SA","13:24","2026-03-10 12:24:00","2026-03-10","2026-03-12 13:38:00","Tancs","14:38","EGALY","34B","215063000","9385178","FRFOS","Finalitzada","184,32","Fos-sur-Mer","El Iskandariya (= Alexandria)","F","1","82562-1","2026-03-12","2026-03-10 13:24:00","Malta","ITALMAR 3000 SL","9HA4940"
"2026","6995","MT","2026-03-14 02:55:00","BARBARICA","8,9","23","https://www.marinetraffic.com/en/ais/details/ships/mmsi:256885000","MEROIL SA","13:13","2026-03-11 12:13:00","2026-03-11","2026-03-14 01:55:00","Tancs","02:55","ITGOA","32D","256885000","9383443","ESHUV","Finalitzada","148,1","Huelva","Genoa","F","1","82364-1","2026-03-14","2026-03-11 13:13:00","Malta","BERGE MARITIMA SL","9HA6020"
"2026","6995","MT","2026-03-17 13:04:00","SEADRIVE","13,24","32,2","https://www.marinetraffic.com/en/ais/details/ships/mmsi:229472000","MEROIL SA","05:55","2026-03-14 04:55:00","2026-03-14","2026-03-17 12:04:00","Tancs","13:04","GRPIR","32D","229472000","9934137","ILASH","Finalitzada","183,06","Ashdod","Piraeus","F","1","82696-1","2026-03-17","2026-03-14 05:55:00","Malta","IBERICA MARITIMA BARCELONA SA","9HA5507"
"2026","6995","PA","2026-03-17 21:14:00","VST OCEANIA","14,7","44","https://www.marinetraffic.com/en/ais/details/ships/mmsi:352003576","MEROIL SA","10:37","2026-03-14 09:37:00","2026-03-14","2026-03-17 20:14:00","Granelers","21:14","MTMLA","34B","352003576","9740469","EGSUZ","Finalitzada","249,91","El Suweis (= Suez)","Malta (Valetta)","F","1","82692-1","2026-03-17","2026-03-14 10:37:00","Panamà","IBERICA MARITIMA BARCELONA SA","3E5219"
"2026","6995","PT","2026-01-19 12:20:00","ORAMALIA","7,01","","https://www.marinetraffic.com/en/ais/details/ships/mmsi:255806229","MEROIL SA","09:42","2026-01-18 08:42:00","2026-01-18","2026-01-19 11:20:00","Tancs","12:20","ZZZZZ","32B","255806229","9392640","ITLIV","Finalitzada","103","Livorno","Desconegut","F","1","81134-1","2026-01-19","2026-01-18 09:42:00","Portugal","IBERICA MARITIMA BARCELONA SA","CQAO3"
"2026","6995","PT","2026-02-03 19:49:00","EFE","6,86","","https://www.marinetraffic.com/en/ais/details/ships/mmsi:255915642","MEROIL SA","19:18","2026-02-02 18:18:00","2026-02-02","2026-02-03 18:49:00","Tancs","19:49","FRFOS","32B","255915642","9558763","ESVLC","Finalitzada","123,5","Valencia","Fos-sur-Mer","F","1","81320-1","2026-02-03","2026-02-02 19:18:00","Portugal","ALFASHIP MARITIME SERVICES SL ","CQ2100"
"2026","6995","PT","2026-02-05 17:45:00","RIO FREDRIKSTAD","6,29","","https://www.marinetraffic.com/en/ais/details/ships/mmsi:255916523","MEROIL SA","14:54","2026-02-04 13:54:00","2026-02-04","2026-02-05 16:45:00","Tancs","17:45","ESCAR","32D","255916523","9401312","ITVSO","Finalitzada","105,5","Vasto","Cartagena","F","1","81464-1","2026-02-05","2026-02-04 14:54:00","Portugal","ALFASHIP MARITIME SERVICES SL ","TCTR8"
"2026","6995","PT","2026-03-13 02:29:00","SONGA ATLAS","9","","https://www.marinetraffic.com/en/ais/details/ships/mmsi:255916581","MEROIL SA","05:59","2026-03-11 04:59:00","2026-03-11","2026-03-13 01:29:00","Tancs","02:29","ZZZZZ","32F","255916581","9580974","NLAMS","Finalitzada","161,68","Amsterdam","Desconegut","F","1","82561-1","2026-03-13","2026-03-11 05:59:00","Portugal","NEXT MARITIME SL","CQ2890"
"2026","6995","SG","2026-01-21 13:51:00","PIS PRECIOUS","13,32","","https://www.marinetraffic.com/en/ais/details/ships/mmsi:563648000","MEROIL SA","09:59","2026-01-17 08:59:00","2026-01-17","2026-01-21 12:51:00","Tancs","13:51","MRNDB","34B","563648000","9689158","ESTAR","Finalitzada","183","Tarragona","Nouadhibou","F","1","80993-2","2026-01-21","2026-01-17 09:59:00","Singapur","IBERICA MARITIMA BARCELONA SA","9V7493"
"2026","6995","SG","2026-02-14 17:22:00","HAFNIA BERING","11,9","27,4","https://www.marinetraffic.com/en/ais/details/ships/mmsi:566255000","MEROIL SA","21:58","2026-02-12 20:58:00","2026-02-12","2026-02-14 16:22:00","Tancs","17:22","ZZZZZ","32G","566255000","9725603","ESALG","Finalitzada","184,26","Algeciras","Desconegut","F","1","81709-1","2026-02-14","2026-02-12 21:58:00","Singapur","ERHARDT SHIPPING SERVICES SL","9V3278"
"2026","7083","CY","2026-02-08 12:36:00","BF LETICIA","8,71","","https://www.marinetraffic.com/en/ais/details/ships/mmsi:209613000","APM TERMINALS BARCELONA, S.L.U.","13:04","2026-02-07 12:04:00","2026-02-07","2026-02-08 11:36:00","Portacontenidors","12:36","ITSPE","24B","209613000","9266542","ESVLC","Finalitzada","134,44","Valencia","La Spezia","F","14-17","81524-1","2026-02-08","2026-02-07 13:04:00","Xipre","NOATUM MARITIME SPAIN SAU","5BFY5"
"2026","7083","CY","2026-02-08 14:31:00","EINSTEIN","8","","https://www.marinetraffic.com/en/ais/details/ships/mmsi:210101000","APM TERMINALS BARCELONA, S.L.U.","06:52","2026-02-08 05:52:00","2026-02-08","2026-02-08 13:31:00","Portacontenidors","14:31","ESCAS","24A","210101000","9483346","ESALC","Finalitzada","151,72","Alicante","Castellon de la Plana","F","2-5","80957-1","2026-02-08","2026-02-08 06:52:00","Xipre","BERGE MARITIMA SL","5BQC5"
"2026","7083","CY","2026-02-23 23:17:00","BF LETICIA","8,71","","https://www.marinetraffic.com/en/ais/details/ships/mmsi:209613000","APM TERMINALS BARCELONA, S.L.U.","06:25","2026-02-23 05:25:00","2026-02-23","2026-02-23 22:17:00","Portacontenidors","23:17","DZORN","24A","209613000","9266542","DZORN","Finalitzada","134,44","Oran","Oran","F","2-5","81898-1","2026-02-23","2026-02-23 06:25:00","Xipre","NOATUM MARITIME SPAIN SAU","5BFY5"
"2026","7083","CY","2026-03-08 00:56:00","WEC MAJORELLE","6,69","18,2","https://www.marinetraffic.com/en/ais/details/ships/mmsi:210312000","APM TERMINALS BARCELONA, S.L.U.","19:37","2026-03-07 18:37:00","2026-03-07","2026-03-07 23:56:00","Portacontenidors","00:56","ESVLC","24A","210312000","9134153","ESALG","Finalitzada","121,83","Algeciras","Valencia","F","3-5","81155-1","2026-03-08","2026-03-07 19:37:00","Xipre","A PEREZ Y CIA SL","5BSJ3"
"2026","7083","CY","2026-03-08 11:48:00","EINSTEIN","8","","https://www.marinetraffic.com/en/ais/details/ships/mmsi:210101000","APM TERMINALS BARCELONA, S.L.U.","02:50","2026-03-08 01:50:00","2026-03-08","2026-03-08 10:48:00","Portacontenidors","11:48","ESALC","24A","210101000","9483346","ESCAS","Finalitzada","151,72","Castellon de la Plana","Alicante","F","3-6","81357-1","2026-03-08","2026-03-08 02:50:00","Xipre","BERGE MARITIMA SL","5BQC5"
"2026","7083","DE","2026-02-21 10:52:00","AFIF","16","","https://www.marinetraffic.com/en/ais/details/ships/mmsi:211888820","APM TERMINALS BARCELONA, S.L.U.","14:47","2026-02-20 13:47:00","2026-02-20","2026-02-21 09:52:00","Portacontenidors","10:52","LKCMB","24B","211888820","9732345","EGPSD","Finalitzada","368,35","Port Said","Colombo","F","12-19","81913-1","2026-02-21","2026-02-20 14:47:00","Alemanya","HAPAG LLOYD SPAIN SL","DINY2"
"2026","7083","DK","2026-01-24 00:05:00","BEIJING MAERSK","18","56","https://www.marinetraffic.com/en/ais/details/ships/mmsi:219710000","APM TERMINALS BARCELONA, S.L.U.","13:35","2026-01-22 12:35:00","2026-01-22","2026-01-23 23:05:00","Portacontenidors","00:05","ITSPE","24B","219710000","9984572","ESVLC","Finalitzada","350,91","Valencia","La Spezia","F","13-20","80754-1","2026-01-24","2026-01-22 13:35:00","Dinamarca","NOATUM MARITIME SPAIN SAU","OUZD2"
"2026","7083","DK","2026-01-28 01:15:00","AXEL MAERSK","17","","https://www.marinetraffic.com/en/ais/details/ships/mmsi:219700000","APM TERMINALS BARCELONA, S.L.U.","19:55","2026-01-26 18:55:00","2026-01-26","2026-01-28 00:15:00","Portacontenidors","01:15","SGSIN","24B","219700000","9961831","ITVDL","Finalitzada","350,59","Vado Ligure","Singapore","F","13-20","81047-1","2026-01-28","2026-01-26 19:55:00","Dinamarca","NOATUM MARITIME SPAIN SAU","OZKT2"
"2026","7083","DK","2026-02-01 05:58:00","BANGKOK MAERSK","18","56","https://www.marinetraffic.com/en/ais/details/ships/mmsi:219718000","APM TERMINALS BARCELONA, S.L.U.","12:25","2026-01-30 11:25:00","2026-01-30","2026-02-01 04:58:00","Portacontenidors","05:58","ITSPE","24B","219718000","9984584","ESVLC","Finalitzada","350,91","Valencia","La Spezia","F","13-20","80985-1","2026-02-01","2026-01-30 12:25:00","Dinamarca","NOATUM MARITIME SPAIN SAU","OUZC2"
"2026","7083","DK","2026-03-10 08:55:00","ARTHUR MAERSK","18","","https://www.marinetraffic.com/en/ais/details/ships/mmsi:219692000","APM TERMINALS BARCELONA, S.L.U.","06:07","2026-03-09 05:07:00","2026-03-09","2026-03-10 07:55:00","Portacontenidors","08:55","ITSPE","24B","219692000","9961829","ESVLC","Finalitzada","350,59","Valencia","La Spezia","F","13-20","81714-1","2026-03-10","2026-03-09 06:07:00","Dinamarca","NOATUM MARITIME SPAIN SAU","OZFP2"
"2026","7083","DK","2026-03-12 15:34:00","RHINE MAERSK","13,5","","https://www.marinetraffic.com/en/ais/details/ships/mmsi:219126000","APM TERMINALS BARCELONA, S.L.U.","17:53","2026-03-11 16:53:00","2026-03-11","2026-03-12 14:34:00","Portacontenidors","15:34","GHTEM","24B","219126000","9456991","MAPTM","Finalitzada","249,12","Tanger Med","Tema","F","13-18","81108-1","2026-03-12","2026-03-11 17:53:00","Dinamarca","NOATUM MARITIME SPAIN SAU","OXPH2"
"2026","7083","DK","2026-03-16 10:53:00","ANE MAERSK","18","","https://www.marinetraffic.com/en/ais/details/ships/mmsi:219561000","APM TERMINALS BARCELONA, S.L.U.","19:27","2026-03-14 18:27:00","2026-03-14","2026-03-16 09:53:00","Portacontenidors","10:53","ITGOA","24B","219561000","9948748","ESVLC","Finalitzada","350,59","Valencia","Genoa","F","13-20","82296-1","2026-03-16","2026-03-14 19:27:00","Dinamarca","NOATUM MARITIME SPAIN SAU","OZIA2"
"2026","7083","HK","2026-01-24 13:24:00","GERHARD SCHULTE","12","","https://www.marinetraffic.com/en/ais/details/ships/mmsi:477214400","APM TERMINALS BARCELONA, S.L.U.","21:38","2026-01-23 20:38:00","2026-01-23","2026-01-24 12:24:00","Portacontenidors","13:24","MAPTM","24B","477214400","9328481","ITSPE","Finalitzada","230,98","La Spezia","Tanger Med","F","3-7","81048-1","2026-01-24","2026-01-23 21:38:00","Hong Kong","NOATUM MARITIME SPAIN SAU","VRBY5"
"2026","7083","HK","2026-02-25 18:28:00","MAERSK CHILKA","13,5","37,4","https://www.marinetraffic.com/en/ais/details/ships/mmsi:477083700","APM TERMINALS BARCELONA, S.L.U.","17:08","2026-02-17 16:08:00","2026-02-17","2026-02-25 17:28:00","Portacontenidors","18:28","ITGOA","24B","477083700","9525364","EGPSD","Finalitzada","249,12","Port Said","Genoa","F","16-20","81085-1","2026-02-25","2026-02-17 17:08:00","Hong Kong","NOATUM MARITIME SPAIN SAU","VRJT4"
"2026","7083","IM","2026-02-20 12:02:00","SPIRIT OF SINGAPORE","12,4","","https://www.marinetraffic.com/en/ais/details/ships/mmsi:232013524","APM TERMINALS BARCELONA, S.L.U.","15:55","2026-02-19 14:55:00","2026-02-19","2026-02-20 11:02:00","Portacontenidors","12:02","TRIZT","24B","232013524","9362396","MAPTM","Finalitzada","254,06","Tanger Med","Izmit","F","2-7","80906-1","2026-02-20","2026-02-19 15:55:00","Illa de Man","HAPAG LLOYD SPAIN SL","MCMB7"
"2026","7083","LR","2026-01-30 13:20:00","GREEN PARK","11","","https://www.marinetraffic.com/en/ais/details/ships/mmsi:636022348","APM TERMINALS BARCELONA, S.L.U.","00:56","2026-01-29 23:56:00","2026-01-30","2026-01-30 12:20:00","Portacontenidors","13:20","MAPTM","24B","636022348","9983449","ITLIV","Finalitzada","185,9","Livorno","Tanger Med","F","3-7","81180-1","2026-01-30","2026-01-30 00:56:00","Libèria","HAPAG LLOYD SPAIN SL","5LII8"
"2026","7083","LR","2026-02-06 05:48:00","IONIKOS","12,6","","https://www.marinetraffic.com/en/ais/details/ships/mmsi:636014200","APM TERMINALS BARCELONA, S.L.U.","11:30","2026-02-05 10:30:00","2026-02-05","2026-02-06 04:48:00","Portacontenidors","05:48","TRIZT","24B","636014200","9397614","MACAS","Finalitzada","259,8","Casablanca","Izmit","F","2-7","80832-1","2026-02-06","2026-02-05 11:30:00","Libèria","HAPAG LLOYD SPAIN SL","A8SD6"
"2026","7083","LR","2026-02-10 02:02:00","GSL NICOLETTA","14,5","40","https://www.marinetraffic.com/en/ais/details/ships/mmsi:636019673","APM TERMINALS BARCELONA, S.L.U.","23:21","2026-02-08 22:21:00","2026-02-08","2026-02-10 01:02:00","Portacontenidors","02:02","ITVDL","24B","636019673","9229348","USSAV","Finalitzada","299,85","Savannah","Vado Ligure","F","14-20","81698-1","2026-02-10","2026-02-08 23:21:00","Libèria","NOATUM MARITIME SPAIN SAU","D5VP6"
"2026","7083","LR","2026-02-15 09:17:00","ALGECIRAS EXPRESS","12,63","","https://www.marinetraffic.com/en/ais/details/ships/mmsi:636021776","APM TERMINALS BARCELONA, S.L.U.","16:30","2026-02-14 15:30:00","2026-02-14","2026-02-15 08:17:00","Portacontenidors","09:17","TRIZT","24B","636021776","9227015","MAPTM","Finalitzada","259,8","Tanger Med","Izmit","F","14-19","80840-1","2026-02-15","2026-02-14 16:30:00","Libèria","HAPAG LLOYD SPAIN SL","5LFP9"
"2026","7083","LR","2026-02-22 23:22:00","MAERSK PANGANI","14","","https://www.marinetraffic.com/en/ais/details/ships/mmsi:636020928","APM TERMINALS BARCELONA, S.L.U.","00:39","2026-02-21 23:39:00","2026-02-22","2026-02-22 22:22:00","Portacontenidors","23:22","BRSSZ","24B","636020928","9786097","ESALG","Finalitzada","237,8","Algeciras","Santos","F","3-7","81347-1","2026-02-22","2026-02-22 00:39:00","Libèria","NOATUM MARITIME SPAIN SAU","5LBK6"
"2026","7083","LR","2026-02-25 03:10:00","MAERSK CAMBRIDGE","17","","https://www.marinetraffic.com/en/ais/details/ships/mmsi:636021337","APM TERMINALS BARCELONA, S.L.U.","20:29","2026-02-23 19:29:00","2026-02-23","2026-02-25 02:10:00","Portacontenidors","03:10","ITSPE","24B","636021337","9924182","ESVLC","Finalitzada","365,9","Valencia","La Spezia","F","12-19","81239-1","2026-02-25","2026-02-23 20:29:00","Libèria","NOATUM MARITIME SPAIN SAU","5LDM2"
"2026","7083","LR","2026-02-26 07:01:00","PAGE","12,5","","https://www.marinetraffic.com/en/ais/details/ships/mmsi:636024805","APM TERMINALS BARCELONA, S.L.U.","18:10","2026-02-24 17:10:00","2026-02-24","2026-02-26 06:01:00","Portacontenidors","07:01","TRIZT","24B","636024805","9215660","MAPTM","Finalitzada","257,34","Tanger Med","Izmit","F","2-7","80838-1","2026-02-26","2026-02-24 18:10:00","Libèria","HAPAG LLOYD SPAIN SL","5LUJ5"
"2026","7083","LR","2026-02-26 13:49:00","RDO CONCORD","14,5","","https://www.marinetraffic.com/en/ais/details/ships/mmsi:636092919","APM TERMINALS BARCELONA, S.L.U.","09:31","2026-02-25 08:31:00","2026-02-25","2026-02-26 12:49:00","Portacontenidors","13:49","ESVLC","24B","636092919","9401283","ITGOA","Finalitzada","304,16","Genoa","Valencia","F","12-18","80972-1","2026-02-26","2026-02-25 09:31:00","Libèria","HAPAG LLOYD SPAIN SL","A8TG2"
"2026","7083","LR","2026-03-09 03:02:00","CHENNAI EXPRESS","14","","https://www.marinetraffic.com/en/ais/details/ships/mmsi:636092930","APM TERMINALS BARCELONA, S.L.U.","11:08","2026-03-08 10:08:00","2026-03-08","2026-03-09 02:02:00","Portacontenidors","03:02","ESVLC","24B","636092930","9306158","ITGOA","Finalitzada","304,1","Genoa","Valencia","F","14-20","81669-1","2026-03-09","2026-03-08 11:08:00","Libèria","HAPAG LLOYD SPAIN SL","D5VH7"
"2026","7083","LR","2026-03-18 12:30:00","CONTSHIP SKY","8,5","","https://www.marinetraffic.com/en/ais/details/ships/mmsi:636024753","APM TERMINALS BARCELONA, S.L.U.","07:20","2026-03-18 06:20:00","2026-03-18","2026-03-18 11:30:00","Càrrega (Lo-Lo)","12:30","FRMRS","24B","636024753","9403449","DZMOS","Finalitzada","147,74","Mostaganem","Marseille","F","4-6","82565-4","2026-03-18","2026-03-18 07:20:00","Libèria","CMA CGM IBERICA SAU","5LUC6"
"2026","7083","LT","2026-02-24 22:42:00","SONATA","8,51","","https://www.marinetraffic.com/en/ais/details/ships/mmsi:277562000","APM TERMINALS BARCELONA, S.L.U.","06:42","2026-02-24 05:42:00","2026-02-24","2026-02-24 21:42:00","Portacontenidors","22:42","ESALG","24A","277562000","9316103","EGPSD","Finalitzada","147,87","Port Said","Algeciras","F","2-5","81701-1","2026-02-24","2026-02-24 06:42:00","Lituània","NOATUM MARITIME SPAIN SAU","LYBN"
"2026","7083","LV","2026-01-10 08:28:00","AQUARIUS","7,36","19,4","https://www.marinetraffic.com/en/ais/details/ships/mmsi:275535000","APM TERMINALS BARCELONA, S.L.U.","11:16","2026-01-09 10:16:00","2026-01-09","2026-01-10 07:28:00","Portacontenidors","08:28","ESHUV","24A","275535000","9328651","ESHUV","Finalitzada","133,6","Huelva","Huelva","F","2-5","80767-1","2026-01-10","2026-01-09 11:16:00","Letònia","BERGE MARITIMA SL","YLSL"
"2026","7083","LV","2026-02-08 19:35:00","AQUARIUS","7,36","19,4","https://www.marinetraffic.com/en/ais/details/ships/mmsi:275535000","APM TERMINALS BARCELONA, S.L.U.","13:50","2026-02-08 12:50:00","2026-02-08","2026-02-08 18:35:00","Portacontenidors","19:35","ESHUV","24B","275535000","9328651","ESHUV","Finalitzada","133,6","Huelva","Huelva","F","14-17","81548-1","2026-02-08","2026-02-08 13:50:00","Letònia","BERGE MARITIMA SL","YLSL"
"2026","7083","LV","2026-02-21 14:21:00","AQUARIUS","7,36","","https://www.marinetraffic.com/en/ais/details/ships/mmsi:275535000","APM TERMINALS BARCELONA, S.L.U.","08:28","2026-02-21 07:28:00","2026-02-21","2026-02-21 13:21:00","Portacontenidors","14:21","ESHUV","24A","275535000","9328651","ESCAS","Finalitzada","133,6","Castellon de la Plana","Huelva","F","2-5","81743-1","2026-02-21","2026-02-21 08:28:00","Letònia","BERGE MARITIMA SL","YLSL"
"2026","7083","MH","2026-01-28 07:57:00","ELISABETH P","11,55","","https://www.marinetraffic.com/en/ais/details/ships/mmsi:538009388","APM TERMINALS BARCELONA, S.L.U.","19:40","2026-01-27 18:40:00","2026-01-27","2026-01-28 06:57:00","Portacontenidors","07:57","ESVLC","24B","538009388","9320142","FRMRS","Finalitzada","215,32","Marseille","Valencia","F","3-7","80944-1","2026-01-28","2026-01-27 19:40:00","Illes Marshall","NOATUM MARITIME SPAIN SAU","V7A4670"
"2026","7083","MH","2026-02-07 07:57:00","MEXICO EXPRESS","15,15","","https://www.marinetraffic.com/en/ais/details/ships/mmsi:538005958","APM TERMINALS BARCELONA, S.L.U.","07:51","2026-02-06 06:51:00","2026-02-06","2026-02-07 06:57:00","Portacontenidors","07:57","ESVLC","24B","538005958","9686900","ITGOA","Finalitzada","270,9","Genoa","Valencia","F","13-19","80837-1","2026-02-07","2026-02-06 07:51:00","Illes Marshall","HAPAG LLOYD SPAIN SL","V7IL2"
"2026","7083","MH","2026-02-08 08:18:00","LEONIDAS Z","11","","https://www.marinetraffic.com/en/ais/details/ships/mmsi:538010119","APM TERMINALS BARCELONA, S.L.U.","05:39","2026-02-07 04:39:00","2026-02-07","2026-02-08 07:18:00","Portacontenidors","08:18","COCTG","24B","538010119","9963528","ITLIV","Finalitzada","186","Livorno","Cartagena","F","3-7","80834-1","2026-02-08","2026-02-07 05:39:00","Illes Marshall","HAPAG LLOYD SPAIN SL","V7A5638"
"2026","7083","MH","2026-02-19 02:29:00","COLOMBIA EXPRESS","14,5","","https://www.marinetraffic.com/en/ais/details/ships/mmsi:538004911","APM TERMINALS BARCELONA, S.L.U.","20:59","2026-02-17 19:59:00","2026-02-17","2026-02-19 01:29:00","Portacontenidors","02:29","ESVLC","24B","538004911","9635664","ITGOA","Finalitzada","270,07","Genoa","Valencia","F","2-7","80910-1","2026-02-19","2026-02-17 20:59:00","Illes Marshall","HAPAG LLOYD SPAIN SL","V7ZT7"
"2026","7083","MH","2026-02-24 02:05:00","ELISABETH P","11,55","","https://www.marinetraffic.com/en/ais/details/ships/mmsi:538009388","APM TERMINALS BARCELONA, S.L.U.","05:46","2026-02-23 04:46:00","2026-02-23","2026-02-24 01:05:00","Portacontenidors","02:05","ESVLC","24B","538009388","9320142","FRMRS","Finalitzada","215,32","Marseille","Valencia","F","2-6","81523-1","2026-02-24","2026-02-23 05:46:00","Illes Marshall","NOATUM MARITIME SPAIN SAU","V7A4670"
"2026","7083","MH","2026-03-01 11:04:00","JAMAICA EXPRESS","15,15","42,8","https://www.marinetraffic.com/en/ais/details/ships/mmsi:538005959","APM TERMINALS BARCELONA, S.L.U.","11:11","2026-02-28 10:11:00","2026-02-28","2026-03-01 10:04:00","Portacontenidors","11:04","ESVLC","24B","538005959","9686912","ITGOA","Finalitzada","270,93","Genoa","Valencia","F","2-7","80975-1","2026-03-01","2026-02-28 11:11:00","Illes Marshall","HAPAG LLOYD SPAIN SL","V7IL5"
"2026","7083","MH","2026-03-08 23:36:00","SHEKOU STAR","12,6","","https://www.marinetraffic.com/en/ais/details/ships/mmsi:538010796","APM TERMINALS BARCELONA, S.L.U.","04:48","2026-03-08 03:48:00","2026-03-08","2026-03-08 22:36:00","Portacontenidors","23:36","TRIZT","24B","538010796","9322322","MAPTM","Finalitzada","260,01","Tanger Med","Izmit","F","2-7","80971-1","2026-03-08","2026-03-08 04:48:00","Illes Marshall","HAPAG LLOYD SPAIN SL","V7A7442"
"2026","7083","MH","2026-03-10 10:52:00","VANCOUVER STAR","12,63","","https://www.marinetraffic.com/en/ais/details/ships/mmsi:538010794","APM TERMINALS BARCELONA, S.L.U.","21:23","2026-03-09 20:23:00","2026-03-09","2026-03-10 09:52:00","Portacontenidors","10:52","TRIZT","24B","538010794","9322334","MAPTM","Finalitzada","260,62","Tanger Med","Izmit","F","2-7","81666-1","2026-03-10","2026-03-09 21:23:00","Illes Marshall","HAPAG LLOYD SPAIN SL","V7A7438"
"2026","7083","MH","2026-03-18 01:13:00","ELISABETH P","11,55","","https://www.marinetraffic.com/en/ais/details/ships/mmsi:538009388","APM TERMINALS BARCELONA, S.L.U.","06:10","2026-03-17 05:10:00","2026-03-17","2026-03-18 00:13:00","Portacontenidors","01:13","ESVLC","24B","538009388","9320142","FRFOS","Finalitzada","215,32","Fos-sur-Mer","Valencia","F","2-6","82062-1","2026-03-18","2026-03-17 06:10:00","Illes Marshall","NOATUM MARITIME SPAIN SAU","V7A4670"
"2026","7083","MT","2026-01-23 20:05:00","HILDE A","10","","https://www.marinetraffic.com/en/ais/details/ships/mmsi:215426000","APM TERMINALS BARCELONA, S.L.U.","00:31","2026-01-22 23:31:00","2026-01-23","2026-01-23 19:05:00","Portacontenidors","20:05","FRFOS","24A","215426000","9305908","ESVLC","Finalitzada","183,92","Valencia","Fos-sur-Mer","F","2-6","80723-1","2026-01-23","2026-01-23 00:31:00","Malta","ARKAS SPAIN SA","9HA2043"
"2026","7083","MT","2026-01-25 11:15:00","STANLEY A","12","30","https://www.marinetraffic.com/en/ais/details/ships/mmsi:256547000","APM TERMINALS BARCELONA, S.L.U.","15:22","2026-01-24 14:22:00","2026-01-24","2026-01-25 10:15:00","Portacontenidors","11:15","GRPIR","24B","256547000","9303807","ESCAS","Finalitzada","222,2","Castellon de la Plana","Piraeus","F","3-7","80726-1","2026-01-25","2026-01-24 15:22:00","Malta","ARKAS SPAIN SA","9HA3946"
"2026","7083","MT","2026-02-04 02:45:00","MICHEL A","10","","https://www.marinetraffic.com/en/ais/details/ships/mmsi:215417000","APM TERMINALS BARCELONA, S.L.U.","14:39","2026-02-03 13:39:00","2026-02-03","2026-02-04 01:45:00","Portacontenidors","02:45","FRFOS","24B","215417000","9379349","ESVLC","Finalitzada","183,98","Valencia","Fos-sur-Mer","F","3-7","80909-1","2026-02-04","2026-02-03 14:39:00","Malta","ARKAS SPAIN SA","9HA5102"
"2026","7083","MT","2026-02-06 23:53:00","REMAH","9,7","28,4","https://www.marinetraffic.com/en/ais/details/ships/mmsi:249433000","APM TERMINALS BARCELONA, S.L.U.","07:42","2026-02-06 06:42:00","2026-02-06","2026-02-06 22:53:00","Portacontenidors","23:53","ESVLC","24A","249433000","9947720","TRNEM","Finalitzada","171,99","Nemrut Bay","Valencia","F","2-5","81017-2","2026-02-06","2026-02-06 07:42:00","Malta","UNIVERSAL MARITIMA SL","9HA6259"
"2026","7083","MT","2026-02-10 20:16:00","STANLEY A","12","","https://www.marinetraffic.com/en/ais/details/ships/mmsi:256547000","APM TERMINALS BARCELONA, S.L.U.","03:52","2026-02-10 02:52:00","2026-02-10","2026-02-10 19:16:00","Portacontenidors","20:16","ESVLC","24B","256547000","9303807","FRFOS","Finalitzada","222,2","Fos-sur-Mer","Valencia","F","14-18","81176-1","2026-02-10","2026-02-10 03:52:00","Malta","ARKAS SPAIN SA","9HA3946"
"2026","7083","MT","2026-02-14 14:24:00","CMA CGM BOLDNESS","15","","https://www.marinetraffic.com/en/ais/details/ships/mmsi:256744000","APM TERMINALS BARCELONA, S.L.U.","05:42","2026-02-13 04:42:00","2026-02-13","2026-02-14 13:24:00","Portacontenidors","14:24","ESVLC","24B","256744000","9948243","FRMRS","Finalitzada","272,3","Marseille","Valencia","F","13-19","81125-1","2026-02-14","2026-02-13 05:42:00","Malta","CMA CGM IBERICA SAU","9HA5956"
"2026","7083","MT","2026-02-14 14:51:00","SINE A","12,02","","https://www.marinetraffic.com/en/ais/details/ships/mmsi:256318000","APM TERMINALS BARCELONA, S.L.U.","05:12","2026-02-13 04:12:00","2026-02-13","2026-02-14 13:51:00","Portacontenidors","14:51","MAPTM","24B","256318000","9343089","EGPSD","Finalitzada","222,15","Port Said","Tanger Med","F","2-6","81373-1","2026-02-14","2026-02-13 05:12:00","Malta","NOATUM MARITIME SPAIN SAU","9HA3885"
"2026","7083","MT","2026-02-18 02:33:00","MARIO A","10","","https://www.marinetraffic.com/en/ais/details/ships/mmsi:215177000","APM TERMINALS BARCELONA, S.L.U.","07:44","2026-02-17 06:44:00","2026-02-17","2026-02-18 01:33:00","Portacontenidors","02:33","ITSPE","24A","215177000","9337377","ESVLC","Finalitzada","184","Valencia","La Spezia","F","2-6","81286-1","2026-02-18","2026-02-17 07:44:00","Malta","ARKAS SPAIN SA","9HA4996"
"2026","7083","MT","2026-02-22 10:37:00","CMA CGM VOLTAIRE","14,52","","https://www.marinetraffic.com/en/ais/details/ships/mmsi:229877000","APM TERMINALS BARCELONA, S.L.U.","13:10","2026-02-21 12:10:00","2026-02-21","2026-02-22 09:37:00","Portacontenidors","10:37","ESVLC","24B","229877000","9635652","ITGOA","Finalitzada","270,07","Genoa","Valencia","F","12-17","81249-1","2026-02-22","2026-02-21 13:10:00","Malta","CMA CGM IBERICA SAU","9HA5622"
"2026","7083","MT","2026-02-22 15:25:00","DIANE A","10","","https://www.marinetraffic.com/en/ais/details/ships/mmsi:229142000","APM TERMINALS BARCELONA, S.L.U.","18:19","2026-02-21 17:19:00","2026-02-21","2026-02-22 14:25:00","Portacontenidors","15:25","FRFOS","24A","229142000","9385532","ESVLC","Finalitzada","184","Valencia","Fos-sur-Mer","F","2-5","81081-1","2026-02-22","2026-02-21 18:19:00","Malta","ARKAS SPAIN SA","9HA5454"
"2026","7083","MT","2026-02-23 16:53:00","CMA CGM MALTA","11,5","","https://www.marinetraffic.com/en/ais/details/ships/mmsi:229340000","APM TERMINALS BARCELONA, S.L.U.","13:17","2026-02-22 12:17:00","2026-02-22","2026-02-23 15:53:00","Portacontenidors","16:53","MAPTM","24B","229340000","9301433","ESALG","Finalitzada","210,06","Algeciras","Tanger Med","F","16-20","82127-1","2026-02-23","2026-02-22 13:17:00","Malta","CMA CGM IBERICA SAU","9HA5471"
"2026","7083","MT","2026-02-26 00:14:00","CRISTINA A","10","","https://www.marinetraffic.com/en/ais/details/ships/mmsi:215419000","APM TERMINALS BARCELONA, S.L.U.","12:43","2026-02-25 11:43:00","2026-02-25","2026-02-25 23:14:00","Portacontenidors","00:14","FRFOS","24A","215419000","9337365","ESVLC","Finalitzada","183,86","Valencia","Fos-sur-Mer","F","2-5","81575-1","2026-02-26","2026-02-25 12:43:00","Malta","ARKAS SPAIN SA","9HA5104"
"2026","7083","MT","2026-02-27 10:03:00","CMA CGM BETTER WAYS","15","","https://www.marinetraffic.com/en/ais/details/ships/mmsi:256587000","APM TERMINALS BARCELONA, S.L.U.","16:52","2026-02-26 15:52:00","2026-02-26","2026-02-27 09:03:00","Portacontenidors","10:03","ESVLC","24B","256587000","9950557","FRMRS","Finalitzada","272,3","Marseille","Valencia","F","12-17","81521-1","2026-02-27","2026-02-26 16:52:00","Malta","CMA CGM IBERICA SAU","9HA5893"
"2026","7083","MT","2026-03-02 09:47:00","SINE A","12,02","","https://www.marinetraffic.com/en/ais/details/ships/mmsi:256318000","APM TERMINALS BARCELONA, S.L.U.","20:32","2026-03-01 19:32:00","2026-03-01","2026-03-02 08:47:00","Portacontenidors","09:47","MACAS","24B","256318000","9343089","EGPSD","Finalitzada","222,15","Port Said","Casablanca","F","3-7","82293-1","2026-03-02","2026-03-01 20:32:00","Malta","NOATUM MARITIME SPAIN SAU","9HA3885"
"2026","7083","MT","2026-03-08 09:16:00","CMA CGM HARMONY","15","","https://www.marinetraffic.com/en/ais/details/ships/mmsi:256849000","APM TERMINALS BARCELONA, S.L.U.","08:28","2026-03-07 07:28:00","2026-03-07","2026-03-08 08:16:00","Portacontenidors","09:16","ESVLC","24B","256849000","9952828","FRMRS","Finalitzada","272,3","Marseille","Valencia","F","13-18","81574-1","2026-03-08","2026-03-07 08:28:00","Malta","CMA CGM IBERICA SAU","9HA5997"
"2026","7083","MT","2026-03-09 19:24:00","STANLEY A","12","","https://www.marinetraffic.com/en/ais/details/ships/mmsi:256547000","APM TERMINALS BARCELONA, S.L.U.","01:19","2026-03-09 00:19:00","2026-03-09","2026-03-09 18:24:00","Portacontenidors","19:24","ESVLC","24B","256547000","9303807","FRFOS","Finalitzada","222,2","Fos-sur-Mer","Valencia","F","3-7","81760-1","2026-03-09","2026-03-09 01:19:00","Malta","ARKAS SPAIN SA","9HA3946"
"2026","7083","MT","2026-03-11 15:42:00","CMA CGM WISDOM","15","","https://www.marinetraffic.com/en/ais/details/ships/mmsi:256852000","APM TERMINALS BARCELONA, S.L.U.","13:27","2026-03-10 12:27:00","2026-03-10","2026-03-11 14:42:00","Portacontenidors","15:42","ESVLC","24B","256852000","9952830","FRMRS","Finalitzada","272,3","Marseille","Valencia","F","13-18","82050-1","2026-03-11","2026-03-10 13:27:00","Malta","CMA CGM IBERICA SAU","9HA5999"
"2026","7083","MT","2026-03-13 20:03:00","GEMLIK EXPRESS","11","","https://www.marinetraffic.com/en/ais/details/ships/mmsi:256703000","APM TERMINALS BARCELONA, S.L.U.","07:24","2026-03-13 06:24:00","2026-03-13","2026-03-13 19:03:00","Portacontenidors","20:03","DOCAU","24B","256703000","9751107","ITLIV","Finalitzada","185,97","Livorno","Caucedo","F","3-6","81681-1","2026-03-13","2026-03-13 07:24:00","Malta","HAPAG LLOYD SPAIN SL","9HA5942"
"2026","7083","MT","2026-03-16 19:25:00","CMA CGM IMAGINATION","15","","https://www.marinetraffic.com/en/ais/details/ships/mmsi:256745000","APM TERMINALS BARCELONA, S.L.U.","01:03","2026-03-16 00:03:00","2026-03-16","2026-03-16 18:25:00","Portacontenidors","19:25","ESVLC","24B","256745000","9948231","FRMRS","Finalitzada","272,3","Marseille","Valencia","F","2-7","82056-1","2026-03-16","2026-03-16 01:03:00","Malta","CMA CGM IBERICA SAU","9HA5955"
"2026","7083","PA","2026-02-16 11:19:00","HAIAN GAMA","12","","https://www.marinetraffic.com/en/ais/details/ships/mmsi:352004702","APM TERMINALS BARCELONA, S.L.U.","11:19","2026-02-15 10:19:00","2026-02-15","2026-02-16 10:19:00","Portacontenidors","11:19","MAPTM","24B","352004702","9322516","MACAS","Finalitzada","222,5","Casablanca","Tanger Med","F","14-18","81673-1","2026-02-16","2026-02-15 11:19:00","Panamà","NOATUM MARITIME SPAIN SAU","3E6964"
"2026","7083","PA","2026-03-17 23:48:00","HMM GREEN","15,02","","https://www.marinetraffic.com/en/ais/details/ships/mmsi:352005213","APM TERMINALS BARCELONA, S.L.U.","06:43","2026-03-17 05:43:00","2026-03-17","2026-03-17 22:48:00","Portacontenidors","23:48","ESALG","24B","352005213","9998468","GRPIR","Finalitzada","274","Piraeus","Algeciras","F","12-18","81562-1","2026-03-17","2026-03-17 06:43:00","Panamà","MARITIME AGENCY HMM SPAIN SL","3E8363"
"2026","7083","PT","2026-01-29 21:23:00","OSAKA","12,5","","https://www.marinetraffic.com/en/ais/details/ships/mmsi:255805764","APM TERMINALS BARCELONA, S.L.U.","06:11","2026-01-29 05:11:00","2026-01-29","2026-01-29 20:23:00","Portacontenidors","21:23","MACAS","24B","255805764","9670834","TRIZT","Finalitzada","227,97","Izmit","Casablanca","F","3-7","80833-1","2026-01-29","2026-01-29 06:11:00","Portugal","HAPAG LLOYD SPAIN SL","CQCN"
"2026","7083","PT","2026-01-31 00:07:00","JOANNA BORCHARD","9,5","","https://www.marinetraffic.com/en/ais/details/ships/mmsi:255915591","APM TERMINALS BARCELONA, S.L.U.","12:48","2026-01-30 11:48:00","2026-01-30","2026-01-30 23:07:00","Portacontenidors","00:07","ESCAS","24A","255915591","1016563","FRMRS","Finalitzada","150,08","Marseille","Castellon de la Plana","F","2-5","80756-1","2026-01-31","2026-01-30 12:48:00","Portugal","NOATUM MARITIME SPAIN SAU","CQ2049"
"2026","7083","PT","2026-02-07 00:49:00","JUDITH BORCHARD","9,5","","https://www.marinetraffic.com/en/ais/details/ships/mmsi:255915590","APM TERMINALS BARCELONA, S.L.U.","13:10","2026-02-06 12:10:00","2026-02-06","2026-02-06 23:49:00","Portacontenidors","00:49","ESCAS","24B","255915590","1016575","FRMRS","Finalitzada","150,08","Marseille","Castellon de la Plana","F","4-7","81209-1","2026-02-07","2026-02-06 13:10:00","Portugal","NOATUM MARITIME SPAIN SAU","CQ2048"
"2026","7083","PT","2026-02-09 01:40:00","LODUR","12,15","32,24","https://www.marinetraffic.com/en/ais/details/ships/mmsi:255916596","APM TERMINALS BARCELONA, S.L.U.","09:18","2026-02-08 08:18:00","2026-02-08","2026-02-09 00:40:00","Portacontenidors","01:40","GRPIR","24B","255916596","9219381","ESCAS","Finalitzada","220,31","Castellon de la Plana","Piraeus","F","3-7","81057-1","2026-02-09","2026-02-08 09:18:00","Portugal","CMA CGM IBERICA SAU","CQ2845"
"2026","7083","PT","2026-02-10 17:36:00","CARLA","7,29","","https://www.marinetraffic.com/en/ais/details/ships/mmsi:255805984","APM TERMINALS BARCELONA, S.L.U.","13:36","2026-02-10 12:36:00","2026-02-10","2026-02-10 16:36:00","Portacontenidors","17:36","ESVLC","24A","255805984","9319868","MACAS","Finalitzada","139,88","Casablanca","Valencia","F","2-5","81025-2","2026-02-10","2026-02-10 13:36:00","Portugal","A PEREZ Y CIA SL","CQIK4"
"2026","7083","PT","2026-02-14 17:21:00","RACHEL BORCHARD","9,5","","https://www.marinetraffic.com/en/ais/details/ships/mmsi:255915592","APM TERMINALS BARCELONA, S.L.U.","02:19","2026-02-14 01:19:00","2026-02-14","2026-02-14 16:21:00","Portacontenidors","17:21","ESCAS","24A","255915592","1016587","FRMRS","Finalitzada","150","Marseille","Castellon de la Plana","F","2-5","81343-1","2026-02-14","2026-02-14 02:19:00","Portugal","NOATUM MARITIME SPAIN SAU","CQ2050"
"2026","7083","PT","2026-02-15 18:10:00","BARBARA P","9,19","","https://www.marinetraffic.com/en/ais/details/ships/mmsi:255805600","APM TERMINALS BARCELONA, S.L.U.","16:57","2026-02-14 15:57:00","2026-02-14","2026-02-15 17:10:00","Portacontenidors","18:10","DZALG","24B","255805600","9144720","DZALG","Finalitzada","138,97","Alger (Algiers)","Alger (Algiers)","F","3-6","81607-1","2026-02-15","2026-02-14 16:57:00","Portugal","NOATUM MARITIME SPAIN SAU","CQHY"
"2026","7083","PT","2026-02-21 04:03:00","JOANNA BORCHARD","9,5","","https://www.marinetraffic.com/en/ais/details/ships/mmsi:255915591","APM TERMINALS BARCELONA, S.L.U.","16:12","2026-02-20 15:12:00","2026-02-20","2026-02-21 03:03:00","Portacontenidors","04:03","ESCAS","24A","255915591","1016563","FRMRS","Finalitzada","150,08","Marseille","Castellon de la Plana","F","2-5","81582-1","2026-02-21","2026-02-20 16:12:00","Portugal","NOATUM MARITIME SPAIN SAU","CQ2049"
"2026","7083","PT","2026-02-21 15:31:00","AS PETRONIA","11,5","","https://www.marinetraffic.com/en/ais/details/ships/mmsi:255806064","APM TERMINALS BARCELONA, S.L.U.","13:00","2026-02-20 12:00:00","2026-02-20","2026-02-21 14:31:00","Portacontenidors","15:31","MAPTM","24B","255806064","9286786","ESALG","Finalitzada","210,08","Algeciras","Tanger Med","F","2-6","81897-1","2026-02-21","2026-02-20 13:00:00","Portugal","NOATUM MARITIME SPAIN SAU","CQIT6"
"2026","7083","PT","2026-02-28 08:59:00","CAPE SCOTT","11,5","","https://www.marinetraffic.com/en/ais/details/ships/mmsi:255916278","APM TERMINALS BARCELONA, S.L.U.","11:04","2026-02-27 10:04:00","2026-02-27","2026-02-28 07:59:00","Portacontenidors","08:59","DOCAU","24B","255916278","9950117","ITLIV","Finalitzada","188,8","Livorno","Caucedo","F","3-7","80974-1","2026-02-28","2026-02-27 11:04:00","Portugal","HAPAG LLOYD SPAIN SL","CQ2707"
"2026","7083","PT","2026-03-01 08:26:00","PIRITA","7,28","","https://www.marinetraffic.com/en/ais/details/ships/mmsi:255805883","APM TERMINALS BARCELONA, S.L.U.","11:58","2026-02-28 10:58:00","2026-02-28","2026-03-01 07:26:00","Portacontenidors","08:26","DZSKI","24A","255805883","9108063","DZSKI","Finalitzada","132,84","Skikda (ex Philippeville)","Skikda (ex Philippeville)","F","2-5","81597-1","2026-03-01","2026-02-28 11:58:00","Portugal","A PEREZ Y CIA SL","CQYD"
"2026","7083","PT","2026-03-02 03:49:00","JUDITH BORCHARD","9,5","","https://www.marinetraffic.com/en/ais/details/ships/mmsi:255915590","APM TERMINALS BARCELONA, S.L.U.","19:23","2026-03-01 18:23:00","2026-03-01","2026-03-02 02:49:00","Portacontenidors","03:49","FRMRS","24A","255915590","1016575","ESCAS","Finalitzada","150,08","Castellon de la Plana","Marseille","F","2-5","81723-1","2026-03-02","2026-03-01 19:23:00","Portugal","NOATUM MARITIME SPAIN SAU","CQ2048"
"2026","7083","PT","2026-03-04 02:47:00","LODUR","13,4","","https://www.marinetraffic.com/en/ais/details/ships/mmsi:255916596","APM TERMINALS BARCELONA, S.L.U.","05:50","2026-03-03 04:50:00","2026-03-03","2026-03-04 01:47:00","Portacontenidors","02:47","GRPIR","24B","255916596","9219381","ESCAS","Finalitzada","220,31","Castellon de la Plana","Piraeus","F","3-7","81537-1","2026-03-04","2026-03-03 05:50:00","Portugal","CMA CGM IBERICA SAU","CQ2845"
"2026","7083","PT","2026-03-06 10:53:00","BARBARA P","9,19","","https://www.marinetraffic.com/en/ais/details/ships/mmsi:255805600","APM TERMINALS BARCELONA, S.L.U.","18:50","2026-03-05 17:50:00","2026-03-05","2026-03-06 09:53:00","Portacontenidors","10:53","DZALG","24A","255805600","9144720","ESALG","Finalitzada","138,97","Algeciras","Alger (Algiers)","F","2-5","82263-1","2026-03-06","2026-03-05 18:50:00","Portugal","NOATUM MARITIME SPAIN SAU","CQHY"
"2026","7083","PT","2026-03-07 18:12:00","K-OCEAN","6,69","18,2","https://www.marinetraffic.com/en/ais/details/ships/mmsi:255805996","APM TERMINALS BARCELONA, S.L.U.","11:24","2026-03-07 10:24:00","2026-03-07","2026-03-07 17:12:00","Portacontenidors","18:12","ESVLC","24A","255805996","9143972","ESALG","Finalitzada","121,76","Algeciras","Valencia","F","2-5","81336-1","2026-03-07","2026-03-07 11:24:00","Portugal","A PEREZ Y CIA SL","CQIL8"
"2026","7083","PT","2026-03-08 01:29:00","CAPE SKAGEN","11,5","32,2","https://www.marinetraffic.com/en/ais/details/ships/mmsi:255916276","APM TERMINALS BARCELONA, S.L.U.","10:41","2026-03-07 09:41:00","2026-03-07","2026-03-08 00:29:00","Portacontenidors","01:29","DOCAU","24B","255916276","9969857","ITLIV","Finalitzada","188,8","Livorno","Caucedo","F","3-7","81668-1","2026-03-08","2026-03-07 10:41:00","Portugal","HAPAG LLOYD SPAIN SL","CQ2705"
"2026","7083","PT","2026-03-17 08:40:00","PIRITA","7,28","","https://www.marinetraffic.com/en/ais/details/ships/mmsi:255805883","APM TERMINALS BARCELONA, S.L.U.","17:09","2026-03-16 16:09:00","2026-03-16","2026-03-17 07:40:00","Portacontenidors","08:40","DZSKI","24A","255805883","9108063","DZSKI","Finalitzada","132,84","Skikda (ex Philippeville)","Skikda (ex Philippeville)","F","2-5","82627-1","2026-03-17","2026-03-16 17:09:00","Portugal","A PEREZ Y CIA SL","CQYD"
"2026","7083","PT","2026-03-18 10:55:00","JOANNA BORCHARD","9,5","","https://www.marinetraffic.com/en/ais/details/ships/mmsi:255915591","APM TERMINALS BARCELONA, S.L.U.","17:44","2026-03-17 16:44:00","2026-03-17","2026-03-18 09:55:00","Portacontenidors","10:55","ESCAS","24A","255915591","1016563","FRMRS","Finalitzada","150,08","Marseille","Castellon de la Plana","F","2-5","82472-1","2026-03-18","2026-03-17 17:44:00","Portugal","NOATUM MARITIME SPAIN SAU","CQ2049"
"2026","7083","SG","2026-02-20 10:23:00","EUGEN MAERSK","17","","https://www.marinetraffic.com/en/ais/details/ships/mmsi:563254900","APM TERMINALS BARCELONA, S.L.U.","15:54","2026-02-18 14:54:00","2026-02-18","2026-02-20 09:23:00","Portacontenidors","10:23","ITSPE","24B","563254900","9321550","ESVLC","Finalitzada","398,9","Valencia","La Spezia","F","12-20","81240-1","2026-02-20","2026-02-18 15:54:00","Singapur","NOATUM MARITIME SPAIN SAU","9VCY2"
"2026","7083","SG","2026-03-02 00:06:00","ELEONORA MAERSK","17","","https://www.marinetraffic.com/en/ais/details/ships/mmsi:563254700","APM TERMINALS BARCELONA, S.L.U.","01:44","2026-02-28 00:44:00","2026-02-28","2026-03-01 23:06:00","Portacontenidors","00:06","ITSPE","24B","563254700","9321500","ESVLC","Finalitzada","398,9","Valencia","La Spezia","F","12-20","81572-1","2026-03-02","2026-02-28 01:44:00","Singapur","NOATUM MARITIME SPAIN SAU","9VCX6"
"2026","7083","SG","2026-03-17 04:38:00","SEASPAN BELLWETHER","15,5","","https://www.marinetraffic.com/en/ais/details/ships/mmsi:563285600","APM TERMINALS BARCELONA, S.L.U.","12:17","2026-03-16 11:17:00","2026-03-16","2026-03-17 03:38:00","Portacontenidors","04:38","ITGOA","24B","563285600","9713363","ESVLC","Finalitzada","337","Valencia","Genoa","F","13-19","81563-1","2026-03-17","2026-03-16 12:17:00","Singapur","MARITIME AGENCY HMM SPAIN SL","9V2800"
"2026","7083","US","2026-02-05 18:42:00","MAERSK IOWA","13,52","","https://www.marinetraffic.com/en/ais/details/ships/mmsi:367606000","APM TERMINALS BARCELONA, S.L.U.","20:20","2026-02-04 19:20:00","2026-02-04","2026-02-05 17:42:00","Portacontenidors","18:42","ESALG","24B","367606000","9298686","ESALG","Finalitzada","292,08","Algeciras","Algeciras","F","13-19","81466-1","2026-02-05","2026-02-04 20:20:00","Estats Units","NOATUM MARITIME SPAIN SAU","MLBB4"
"2026","7083","US","2026-02-07 08:04:00","MAERSK IOWA","13,52","","https://www.marinetraffic.com/en/ais/details/ships/mmsi:367606000","APM TERMINALS BARCELONA, S.L.U.","18:43","2026-02-05 17:43:00","2026-02-05","2026-02-07 07:04:00","Portacontenidors","08:04","ESALG","90A","367606000","9298686","ESALG","Finalitzada","292,08","Algeciras","Algeciras","F","","81466-2","2026-02-07","2026-02-05 18:43:00","Estats Units","NOATUM MARITIME SPAIN SAU","MLBB4"
"2026","7259","DK","2026-02-04 04:12:00","SIGRID THERESA","7,45","","https://www.marinetraffic.com/en/ais/details/ships/mmsi:219031203","TEPSA IBERIA SLU","21:02","2026-02-02 20:02:00","2026-02-02","2026-02-04 03:12:00","Tancs","04:12","ZZZZZ","32C","219031203","9392183","GBEAM","Finalitzada","115","Eastham","Desconegut","F","1","81215-1","2026-02-04","2026-02-02 21:02:00","Dinamarca","IBERICA MARITIMA BARCELONA SA","OZNA2"
"2026","7259","DK","2026-02-20 05:55:00","TORM FREEDOM","12,62","32,26","https://www.marinetraffic.com/en/ais/details/ships/mmsi:219761000","TEPSA IBERIA SLU","01:34","2026-02-18 00:34:00","2026-02-18","2026-02-20 04:55:00","Tancs","05:55","FRFOS","32A","219761000","9797395","USHOU","Finalitzada","183,18","Houston","Fos-sur-Mer","F","1","82024-1","2026-02-20","2026-02-18 01:34:00","Dinamarca","ALFASHIP MARITIME SERVICES SL ","OVYU2"
"2026","7259","HK","2026-01-22 03:20:00","DING HENG 23","7,49","","https://www.marinetraffic.com/en/ais/details/ships/mmsi:477931300","TEPSA IBERIA SLU","12:16","2026-01-21 11:16:00","2026-01-21","2026-01-22 02:20:00","Tancs","03:20","ESBCN","32D","477931300","9841421","ITLIV","Finalitzada","119,98","Livorno","Barcelona","F","1","81052-1","2026-01-22","2026-01-21 12:16:00","Hong Kong","ALFASHIP MARITIME SERVICES SL ","VRVT2"
"2026","7259","HK","2026-02-20 14:53:00","SAMC SWAN","7,35","18,5","https://www.marinetraffic.com/en/ais/details/ships/mmsi:477231800","TEPSA IBERIA SLU","15:30","2026-02-19 14:30:00","2026-02-19","2026-02-20 13:53:00","Tancs","14:53","MASFI","32C","477231800","9813058","ESCEU","Finalitzada","119,98","Ceuta","Safi","F","1","81792-1","2026-02-20","2026-02-19 15:30:00","Hong Kong","IBERICA MARITIMA BARCELONA SA","VRSC7"
"2026","7259","HK","2026-02-21 09:22:00","SC DRACO","11,12","32","https://www.marinetraffic.com/en/ais/details/ships/mmsi:477439800","TEPSA IBERIA SLU","08:58","2026-02-20 07:58:00","2026-02-20","2026-02-21 08:22:00","Tancs","09:22","EGSUZ","32A","477439800","9752022","ITLIV","Finalitzada","182,8","Livorno","El Suweis (= Suez)","F","1","82132-1","2026-02-21","2026-02-20 08:58:00","Hong Kong","IBERICA MARITIMA BARCELONA SA","VRQF3"
"2026","7259","IT","2026-02-17 03:36:00","DIEGO","6,95","","https://www.marinetraffic.com/en/ais/details/ships/mmsi:247104500","TEPSA IBERIA SLU","07:37","2026-02-16 06:37:00","2026-02-16","2026-02-17 02:36:00","Tancs","03:36","ESSVQ","32D","247104500","9279850","ITPIO","Finalitzada","99,98","Piombino","Sevilla","F","1","81896-1","2026-02-17","2026-02-16 07:37:00","Itàlia","ALFASHIP MARITIME SERVICES SL ","IBHE"
"2026","7259","IT","2026-03-06 22:05:00","ALESSANDRO F","6,42","15,4","https://www.marinetraffic.com/en/ais/details/ships/mmsi:247046400","TEPSA IBERIA SLU","22:01","2026-03-05 21:01:00","2026-03-05","2026-03-06 21:05:00","Tancs","22:05","ITLIV","32C","247046400","9245378","ITPIO","Finalitzada","99,67","Piombino","Livorno","F","1","82474-1","2026-03-06","2026-03-05 22:01:00","Itàlia","IBERICA MARITIMA BARCELONA SA","IBVQ"
"2026","7259","LR","2026-02-08 00:02:00","K ONSET","8,7","","https://www.marinetraffic.com/en/ais/details/ships/mmsi:636022087","TEPSA IBERIA SLU","22:12","2026-02-06 21:12:00","2026-02-06","2026-02-07 23:02:00","Tancs","00:02","ITGOA","32A","636022087","9359595","ESCAS","Finalitzada","127,2","Castellon de la Plana","Genoa","F","1","81549-1","2026-02-08","2026-02-06 22:12:00","Libèria","BERGE MARITIMA SL","5LHC8"
"2026","7259","LR","2026-02-15 20:51:00","XT SEA LION","10,2","27","https://www.marinetraffic.com/en/ais/details/ships/mmsi:636025467","TEPSA IBERIA SLU","02:05","2026-02-15 01:05:00","2026-02-15","2026-02-15 19:51:00","Tancs","20:51","ITRAN","32D","636025467","1042378","MAAGA","Finalitzada","158,98","Agadir","Ravenna","F","1","81542-1","2026-02-15","2026-02-15 02:05:00","Libèria","ALFASHIP MARITIME SERVICES SL ","5LXP5"
"2026","7259","LR","2026-02-18 13:03:00","XT SEA LION","10,2","27","https://www.marinetraffic.com/en/ais/details/ships/mmsi:636025467","TEPSA IBERIA SLU","20:52","2026-02-15 19:52:00","2026-02-15","2026-02-18 12:03:00","Tancs","13:03","ITRAN","32E","636025467","1042378","MAAGA","Finalitzada","158,98","Agadir","Ravenna","F","1","81542-2","2026-02-18","2026-02-15 20:52:00","Libèria","ALFASHIP MARITIME SERVICES SL ","5LXP5"
"2026","7259","MH","2026-01-18 07:56:00","ELEGANT VOYAGER","12,59","32,2","https://www.marinetraffic.com/en/ais/details/ships/mmsi:538010955","TEPSA IBERIA SLU","04:48","2026-01-17 03:48:00","2026-01-17","2026-01-18 06:56:00","Tancs","07:56","CDBNW","32C","538010955","9547506","ESSCT","Finalitzada","179,99","Santa Cruz de Tenerife","Banana","F","1","80952-2","2026-01-18","2026-01-17 04:48:00","Illes Marshall","ALFASHIP MARITIME SERVICES SL ","V7A6364"
"2026","7259","MH","2026-02-02 16:21:00","SEA CAELUM","12,32","32,2","https://www.marinetraffic.com/en/ais/details/ships/mmsi:538010127","TEPSA IBERIA SLU","01:40","2026-01-30 00:40:00","2026-01-30","2026-02-02 15:21:00","Tancs","16:21","MRNDB","32C","538010127","9724582","MAMOH","Finalitzada","183,06","Mohammedia","Nouadhibou","F","1","81418-1","2026-02-02","2026-01-30 01:40:00","Illes Marshall","IBERICA MARITIMA BARCELONA SA","V7A5653"
"2026","7259","MT","2026-01-11 07:53:00","CHEMICAL TRAVELLER","8,71","","https://www.marinetraffic.com/en/ais/details/ships/mmsi:249066000","TEPSA IBERIA SLU","10:53","2026-01-10 09:53:00","2026-01-10","2026-01-11 06:53:00","Tancs","07:53","ESALG","32C","249066000","9804851","ILHFA","Finalitzada","126","Haifa","Algeciras","F","1","80753-1","2026-01-11","2026-01-10 10:53:00","Malta","ALFASHIP MARITIME SERVICES SL ","9HA6092"
"2026","7259","MT","2026-01-15 01:12:00","EMEK-S","6,76","","https://www.marinetraffic.com/en/ais/details/ships/mmsi:249475000","TEPSA IBERIA SLU","05:12","2026-01-14 04:12:00","2026-01-14","2026-01-15 00:12:00","Tancs","01:12","ZZZZZ","32D","249475000","9433561","ITLIV","Finalitzada","119,6","Livorno","Desconegut","F","1","80888-1","2026-01-15","2026-01-14 05:12:00","Malta","IBERICA MARITIMA BARCELONA SA","9HTA9"
"2026","7259","MT","2026-01-23 01:41:00","CHEMICAL MASTER","8,81","","https://www.marinetraffic.com/en/ais/details/ships/mmsi:256802000","TEPSA IBERIA SLU","05:27","2026-01-22 04:27:00","2026-01-22","2026-01-23 00:41:00","Tancs","01:41","ZZZZZ","32D","256802000","9558957","ILASH","Finalitzada","134,16","Ashdod","Desconegut","F","1","81165-1","2026-01-23","2026-01-22 05:27:00","Malta","IBERICA MARITIMA BARCELONA SA","9HA4011"
"2026","7259","MT","2026-01-23 16:57:00","YM MIRANDA","8,51","20,6","https://www.marinetraffic.com/en/ais/details/ships/mmsi:229370000","TEPSA IBERIA SLU","08:41","2026-01-22 07:41:00","2026-01-22","2026-01-23 15:57:00","Tancs","16:57","ESALG","32E","229370000","9554755","ITLIV","Finalitzada","135,6","Livorno","Algeciras","F","1","81138-1","2026-01-23","2026-01-22 08:41:00","Malta","ITALMAR 3000 SL","9HA3277"
"2026","7259","MT","2026-02-04 12:31:00","HITRA","6,34","","https://www.marinetraffic.com/en/ais/details/ships/mmsi:249421000","TEPSA IBERIA SLU","01:46","2026-02-03 00:46:00","2026-02-03","2026-02-04 11:31:00","Tancs","12:31","ITGOA","32D","249421000","9413652","NLRTM","Finalitzada","107,6","Rotterdam","Genoa","F","1","81465-1","2026-02-04","2026-02-03 01:46:00","Malta","IBERICA MARITIMA BARCELONA SA","9HRO9"
"2026","7259","MT","2026-02-06 13:12:00","VALTELLINA","11,32","","https://www.marinetraffic.com/en/ais/details/ships/mmsi:215054000","TEPSA IBERIA SLU","00:18","2026-02-04 23:18:00","2026-02-05","2026-02-06 12:12:00","Tancs","13:12","LYTIP","32A","215054000","9384136","ITLIV","Finalitzada","184,32","Livorno","Tripoli","F","1","81565-1","2026-02-06","2026-02-05 00:18:00","Malta","ITALMAR 3000 SL","9HA4937"
"2026","7259","MT","2026-02-27 17:06:00","MED TUNCER","7,24","","https://www.marinetraffic.com/en/ais/details/ships/mmsi:215033000","TEPSA IBERIA SLU","06:58","2026-02-26 05:58:00","2026-02-26","2026-02-27 16:06:00","Tancs","17:06","ITGOA","32D","215033000","9830599","NLRTM","Finalitzada","123,25","Rotterdam","Genoa","F","1","82292-1","2026-02-27","2026-02-26 06:58:00","Malta","ERHARDT SHIPPING SERVICES SL","9HA4930"
"2026","7259","MT","2026-02-28 01:31:00","NQ TULIPA","7,61","18,7","https://www.marinetraffic.com/en/ais/details/ships/mmsi:249502000","TEPSA IBERIA SLU","03:47","2026-02-27 02:47:00","2026-02-27","2026-02-28 00:31:00","Tancs","01:31","ZZZZZ","32B","249502000","9312406","ESAVS","Finalitzada","115,5","Aviles","Desconegut","F","1","82139-1","2026-02-28","2026-02-27 03:47:00","Malta","IBERICA MARITIMA BARCELONA SA","9HA4269"
"2026","7259","MT","2026-02-28 23:34:00","SAKURA THERESA","8,9","","https://www.marinetraffic.com/en/ais/details/ships/mmsi:249828000","TEPSA IBERIA SLU","00:26","2026-02-27 23:26:00","2026-02-28","2026-02-28 22:34:00","Tancs","23:34","ESALG","32D","249828000","1026776","ITLIV","Finalitzada","119,16","Livorno","Algeciras","F","1","82262-1","2026-02-28","2026-02-28 00:26:00","Malta","IBERICA MARITIMA BARCELONA SA","9HA6399"
"2026","7259","MT","2026-03-11 11:39:00","TRANS CHEMICA","8,75","","https://www.marinetraffic.com/en/ais/details/ships/mmsi:256549000","TEPSA IBERIA SLU","08:11","2026-03-10 07:11:00","2026-03-10","2026-03-11 10:39:00","Tancs","11:39","ESHUV","32D","256549000","9314715","ESTAR","Finalitzada","123,22","Tarragona","Huelva","F","1","82564-1","2026-03-11","2026-03-10 08:11:00","Malta","IBERICA MARITIMA BARCELONA SA","9HA3947"
"2026","7259","MT","2026-03-12 06:58:00","OPTIMUS S","6,23","15,6","https://www.marinetraffic.com/en/ais/details/ships/mmsi:215825000","TEPSA IBERIA SLU","15:48","2026-03-10 14:48:00","2026-03-10","2026-03-12 05:58:00","Tancs","06:58","ESCAR","32A","215825000","9291573","ESSVQ","Finalitzada","102,9","Sevilla","Cartagena","F","1","82291-1","2026-03-12","2026-03-10 15:48:00","Malta","NEXT MARITIME SL","9HCA8"
"2026","7259","MT","2026-03-18 16:55:00","MRC EMIRHAN","6,58","15,8","https://www.marinetraffic.com/en/ais/details/ships/mmsi:249567000","TEPSA IBERIA SLU","17:07","2026-03-17 16:07:00","2026-03-17","2026-03-18 15:55:00","Tancs","16:55","ZZZZZ","32D","249567000","9444936","ESHUV","Finalitzada","107,34","Huelva","Desconegut","F","1","82695-1","2026-03-18","2026-03-17 17:07:00","Malta","IBERICA MARITIMA BARCELONA SA","9HUY9"
"2026","7259","PT","2026-01-11 02:24:00","LISA ESSBERGER","7,41","","https://www.marinetraffic.com/en/ais/details/ships/mmsi:255916283","TEPSA IBERIA SLU","07:36","2026-01-10 06:36:00","2026-01-10","2026-01-11 01:24:00","Tancs","02:24","ZZZZZ","32E","255916283","9295438","ESSVQ","Finalitzada","115","Sevilla","Desconegut","F","1","80768-1","2026-01-11","2026-01-10 07:36:00","Portugal","IBERICA MARITIMA BARCELONA SA","CQ2712"
"2026","7259","PT","2026-02-26 05:20:00","EFE","6,86","","https://www.marinetraffic.com/en/ais/details/ships/mmsi:255915642","TEPSA IBERIA SLU","16:36","2026-02-25 15:36:00","2026-02-25","2026-02-26 04:20:00","Tancs","05:20","ITLIV","32D","255915642","9558763","ESALG","Finalitzada","123,5","Algeciras","Livorno","F","1","82261-1","2026-02-26","2026-02-25 16:36:00","Portugal","IBERICA MARITIMA BARCELONA SA","CQ2100"
"2026","7259","SG","2026-01-17 09:58:00","PIS PRECIOUS","13,32","","https://www.marinetraffic.com/en/ais/details/ships/mmsi:563648000","TEPSA IBERIA SLU","23:23","2026-01-16 22:23:00","2026-01-16","2026-01-17 08:58:00","Tancs","09:58","MRNDB","32A","563648000","9689158","ESTAR","Finalitzada","183","Tarragona","Nouadhibou","F","1","80993-1","2026-01-17","2026-01-16 23:23:00","Singapur","IBERICA MARITIMA BARCELONA SA","9V7493"
"2026","7259","SG","2026-01-27 20:02:00","ASIA LIBERTY","10,02","30","https://www.marinetraffic.com/en/ais/details/ships/mmsi:563080900","TEPSA IBERIA SLU","03:37","2026-01-27 02:37:00","2026-01-27","2026-01-27 19:02:00","Tancs","20:02","NGLOS","32A","563080900","9752694","MTMLA","Finalitzada","179,95","Malta (Valetta)","Lagos","F","1","81301-1","2026-01-27","2026-01-27 03:37:00","Singapur","ALFASHIP MARITIME SERVICES SL ","9V5665"
"2026","7259","SG","2026-01-31 15:40:00","ASIA LIBERTY","10,02","30","https://www.marinetraffic.com/en/ais/details/ships/mmsi:563080900","TEPSA IBERIA SLU","20:03","2026-01-27 19:03:00","2026-01-27","2026-01-31 14:40:00","Tancs","15:40","NGLOS","32E","563080900","9752694","MTMLA","Finalitzada","179,95","Malta (Valetta)","Lagos","F","1","81301-2","2026-01-31","2026-01-27 20:03:00","Singapur","ALFASHIP MARITIME SERVICES SL ","9V5665"
"2026","7259","SG","2026-02-24 14:47:00","GINGA LIGER","9,91","26,6","https://www.marinetraffic.com/en/ais/details/ships/mmsi:563120600","TEPSA IBERIA SLU","04:55","2026-02-23 03:55:00","2026-02-23","2026-02-24 13:47:00","Tancs","14:47","ZZZZZ","32C","563120600","9893448","MYLPK","Finalitzada","158,93","Northport/Pt Klang                 ","Desconegut","F","1","82134-1","2026-02-24","2026-02-23 04:55:00","Singapur","IBERICA MARITIMA BARCELONA SA","9V6825"
"2026","7585","BB","2026-01-27 12:40:00","WILSON GRIP","5,51","","https://www.marinetraffic.com/en/ais/details/ships/mmsi:314550000","MANIPULADORA DE MERCANCIAS SL","21:33","2026-01-26 20:33:00","2026-01-26","2026-01-27 11:40:00","Càrrega (Lo-Lo)","12:40","ESSAG","29A","314550000","9126912","ITGOA","Finalitzada","87,9","Genoa","Sagunto","F","4-5","81156-1","2026-01-27","2026-01-26 21:33:00","Barbados","INTRAMEDITERRANEO SA","8PBB7"
"2026","7585","BB","2026-03-11 21:03:00","GRIFFIN T","8,31","19,2","https://www.marinetraffic.com/en/ais/details/ships/mmsi:314807000","MANIPULADORA DE MERCANCIAS SL","23:13","2026-03-09 22:13:00","2026-03-09","2026-03-11 20:03:00","Tancs","21:03","TRYAL","29A","314807000","9390537","COBAQ","Finalitzada","121,4","Barranquilla","Yalova","F","14-16","82498-1","2026-03-11","2026-03-09 23:13:00","Barbados","IBERICA MARITIMA BARCELONA SA","8PTO9"
"2026","7585","GI","2026-02-14 13:04:00","KEY BREEZE","6,2","14,2","https://www.marinetraffic.com/en/ais/details/ships/mmsi:236111791","MANIPULADORA DE MERCANCIAS SL","01:36","2026-02-14 00:36:00","2026-02-14","2026-02-14 12:04:00","Tancs","13:04","MRNDB","29A","236111791","9344265","NLRTM","Finalitzada","96","Rotterdam","Nouadhibou","F","14-15","81728-2","2026-02-14","2026-02-14 01:36:00","Gibraltar","IBERICA MARITIMA BARCELONA SA","ZDKS2"
"2026","7585","GR","2026-02-12 02:09:00","MINERVA ANTONIA","12,22","32,2","https://www.marinetraffic.com/en/ais/details/ships/mmsi:240787000","MANIPULADORA DE MERCANCIAS SL","19:58","2026-02-11 18:58:00","2026-02-11","2026-02-12 01:09:00","Tancs","02:09","GRPIR","29A","240787000","9380398","ESTAR","Finalitzada","183","Tarragona","Piraeus","F","12-15","81726-1","2026-02-12","2026-02-11 19:58:00","Grècia","ALFASHIP MARITIME SERVICES SL ","SVAC2"
"2026","7585","HK","2026-02-26 21:13:00","BOCHEM LONDON","9,78","","https://www.marinetraffic.com/en/ais/details/ships/mmsi:477636500","MANIPULADORA DE MERCANCIAS SL","15:42","2026-02-26 14:42:00","2026-02-26","2026-02-26 20:13:00","Tancs","21:13","ESALG","29A","477636500","9743849","ESTAR","Finalitzada","145","Tarragona","Algeciras","F","13-15","82362-1","2026-02-26","2026-02-26 15:42:00","Hong Kong","INCHCAPE SHIPPING SERVICIOS ESPAÑA SA","VRQF6"
"2026","7585","IT","2026-02-03 17:55:00","ERACLEA","5,7","15,5","https://www.marinetraffic.com/en/ais/details/ships/mmsi:247278500","MANIPULADORA DE MERCANCIAS SL","14:18","2026-02-02 13:18:00","2026-02-02","2026-02-03 16:55:00","Altres","17:55","NOSOV","29A","247278500","9499656","ROTCE","Finalitzada","50","Tulcea","Sovik                              ","F","6-7","81526-1","2026-02-03","2026-02-02 14:18:00","Itàlia","ITALMAR 3000 SL","IITX2"
"2026","7585","KR","2026-03-11 21:25:00","WOOYANG ELITE","10,75","","https://www.marinetraffic.com/en/ais/details/ships/mmsi:440352000","MANIPULADORA DE MERCANCIAS SL","00:40","2026-03-10 23:40:00","2026-03-11","2026-03-11 20:25:00","Granelers","21:25","PTSET","29A","440352000","9731391","EGSUZ","Finalitzada","189,99","El Suweis (= Suez)","Setubal","F","3-7","81725-1","2026-03-11","2026-03-11 00:40:00","Corea del Sud","INTRAMEDITERRANEO SA","D7JG"
"2026","7585","LR","2026-02-12 02:33:00","CONTSHIP ZEN","8,05","","https://www.marinetraffic.com/en/ais/details/ships/mmsi:636018704","MANIPULADORA DE MERCANCIAS SL","23:05","2026-02-11 22:05:00","2026-02-11","2026-02-12 01:33:00","Portacontenidors","02:33","FRMRS","29A","636018704","9683491","DZSKI","Finalitzada","158,37","Skikda (ex Philippeville)","Marseille","F","2-5","81271-1","2026-02-12","2026-02-11 23:05:00","Libèria","CMA CGM IBERICA SAU","D5QZ5"
"2026","7585","LR","2026-03-03 17:12:00","ORUBA","7,84","","https://www.marinetraffic.com/en/ais/details/ships/mmsi:636020511","MANIPULADORA DE MERCANCIAS SL","12:35","2026-02-28 11:35:00","2026-02-28","2026-03-03 16:12:00","Càrrega (Lo-Lo)","17:12","MACAS","29A","636020511","9430624","ESTAR","Finalitzada","131,55","Tarragona","Casablanca","F","8-11","82471-1","2026-03-03","2026-02-28 12:35:00","Libèria","INTRAMEDITERRANEO SA","D5ZN6"
"2026","7585","LR","2026-03-12 15:12:00","ADALADY","8,5","","https://www.marinetraffic.com/en/ais/details/ships/mmsi:636024660","MANIPULADORA DE MERCANCIAS SL","08:55","2026-03-10 07:55:00","2026-03-10","2026-03-12 14:12:00","Càrrega (Lo-Lo)","15:12","MACAS","29A","636024660","9664160","MAJFL","Finalitzada","119,99","Jorf Lasfar","Casablanca","F","8-12","82473-1","2026-03-12","2026-03-10 08:55:00","Libèria","INTRAMEDITERRANEO SA","5LTR9"
"2026","7585","MH","2026-01-29 15:01:00","LMZ VEGA","12,82","","https://www.marinetraffic.com/en/ais/details/ships/mmsi:538007150","MANIPULADORA DE MERCANCIAS SL","22:25","2026-01-28 21:25:00","2026-01-28","2026-01-29 14:01:00","Granelers","15:01","FRFOS","29A","538007150","9548574","ESSAG","Finalitzada","189,99","Sagunto","Fos-sur-Mer","F","4-8","80809-1","2026-01-29","2026-01-28 22:25:00","Illes Marshall","INTRAMEDITERRANEO SA","V7XM3"
"2026","7585","MH","2026-02-03 00:06:00","AL JUBAIL","11,5","37,5","https://www.marinetraffic.com/en/ais/details/ships/mmsi:538010831","MANIPULADORA DE MERCANCIAS SL","10:04","2026-02-01 09:04:00","2026-02-01","2026-02-02 23:06:00","Ro-Ro","00:06","SAYNB","29A","538010831","9547219","SAYNB","Finalitzada","239","Yanbu al-Bahr","Yanbu al-Bahr","F","13-17","81370-1","2026-02-03","2026-02-01 10:04:00","Illes Marshall","BERGE MARITIMA SL","V7A7482"
"2026","7585","MT","2026-01-07 15:32:00","YM MARS","6,65","","https://www.marinetraffic.com/en/ais/details/ships/mmsi:215234000","MANIPULADORA DE MERCANCIAS SL","11:24","2026-01-07 10:24:00","2026-01-07","2026-01-07 14:32:00","Tancs","15:32","ESHUV","29A","215234000","9551806","FRBIA","Finalitzada","109","Bastia","Huelva","F","6-8","80766-1","2026-01-07","2026-01-07 11:24:00","Malta","IBERICA MARITIMA BARCELONA SA","9HA2678"
"2026","7585","MT","2026-01-23 18:40:00","HABIP BAYRAK","7,2","","https://www.marinetraffic.com/en/ais/details/ships/mmsi:229674000","MANIPULADORA DE MERCANCIAS SL","17:10","2026-01-22 16:10:00","2026-01-22","2026-01-23 17:40:00","Tancs","18:40","FRLAV","29A","229674000","9458183","ITVCE","Finalitzada","123,25","Venezia","Lavera","F","3-5","81208-1","2026-01-23","2026-01-22 17:10:00","Malta","IBERICA MARITIMA BARCELONA SA","9HA5554"
"2026","7585","MT","2026-01-31 16:50:00","RYMAN","15,12","","https://www.marinetraffic.com/en/ais/details/ships/mmsi:249855000","MANIPULADORA DE MERCANCIAS SL","08:27","2026-01-31 07:27:00","2026-01-31","2026-01-31 15:50:00","Petroliers","16:50","ESCAS","29A","249855000","9777931","ESCAS","Finalitzada","249,89","Castellon de la Plana","Castellon de la Plana","F","4-8","81528-1","2026-01-31","2026-01-31 08:27:00","Malta","ERHARDT SHIPPING SERVICES SL","9HA4401"
"2026","7585","MT","2026-02-03 22:45:00","HTM EVEREST","11,52","27,4","https://www.marinetraffic.com/en/ais/details/ships/mmsi:248029000","MANIPULADORA DE MERCANCIAS SL","07:53","2026-02-02 06:53:00","2026-02-02","2026-02-03 21:45:00","Tancs","22:45","ZZZZZ","29A","248029000","9470985","ITGOA","Finalitzada","184,32","Genoa","Desconegut","F","2-5","81319-4","2026-02-03","2026-02-02 07:53:00","Malta","ITALMAR 3000 SL","9HA6483"
"2026","7585","MT","2026-02-04 22:35:00","RAHAF 1","7,3","","https://www.marinetraffic.com/en/ais/details/ships/mmsi:247314000","MANIPULADORA DE MERCANCIAS SL","14:20","2026-02-04 13:20:00","2026-02-04","2026-02-04 21:35:00","Ro-Ro","22:35","LYBEN","29A","247314000","9175494","SAYNB","Finalitzada","195,1","Yanbu al-Bahr","Bingazi (Benghazi)","F","1-5","81372-1","2026-02-04","2026-02-04 14:20:00","Malta","BERGE MARITIMA SL","9HA3534"
"2026","7585","MT","2026-02-05 19:37:00","CARPE DIEM","10,1","","https://www.marinetraffic.com/en/ais/details/ships/mmsi:249564000","MANIPULADORA DE MERCANCIAS SL","06:16","2026-02-05 05:16:00","2026-02-05","2026-02-05 18:37:00","Tancs","19:37","ESALG","29A","249564000","9428815","ESTAR","Finalitzada","170,1","Tarragona","Algeciras","F","12-15","81544-1","2026-02-05","2026-02-05 06:16:00","Malta","ERHARDT SHIPPING SERVICES SL","9HA6305"
"2026","7585","PA","2026-01-27 22:05:00","YEBA","7,15","","https://www.marinetraffic.com/en/ais/details/ships/mmsi:374552000","MANIPULADORA DE MERCANCIAS SL","12:44","2026-01-24 11:44:00","2026-01-24","2026-01-27 21:05:00","Càrrega (Lo-Lo)","22:05","MACAS","29A","374552000","9045728","ESTAR","Finalitzada","125,15","Tarragona","Casablanca","F","7-9","81153-1","2026-01-27","2026-01-24 12:44:00","Panamà","INTRAMEDITERRANEO SA","3EBQ2"
"2026","7585","PT","2026-03-13 15:16:00","CB CARIBIC","10,5","","https://www.marinetraffic.com/en/ais/details/ships/mmsi:255806264","MANIPULADORA DE MERCANCIAS SL","09:17","2026-03-13 08:17:00","2026-03-13","2026-03-13 14:16:00","Tancs","15:16","ESTAR","29A","255806264","9851713","ESCAR","Finalitzada","182,77","Cartagena","Tarragona","F","13-16","82706-1","2026-03-13","2026-03-13 09:17:00","Portugal","ERHARDT SHIPPING SERVICES SL","CQAS6"
"2026","7585","SG","2026-03-07 04:52:00","MTM VANCOUVER","10,17","24,6","https://www.marinetraffic.com/en/ais/details/ships/mmsi:563090600","MANIPULADORA DE MERCANCIAS SL","18:19","2026-03-06 17:19:00","2026-03-06","2026-03-07 03:52:00","Tancs","04:52","NLRTM","29A","563090600","9867607","IDDUM","Finalitzada","149,93","Dumai, Sumatra","Rotterdam","F","13-16","82283-3","2026-03-07","2026-03-06 18:19:00","Singapur","IBERICA MARITIMA BARCELONA SA","9V6014"
"2026","7585","SG","2026-03-10 16:46:00","FALCON ICHIBAN","10,22","32","https://www.marinetraffic.com/en/ais/details/ships/mmsi:563256400","MANIPULADORA DE MERCANCIAS SL","01:07","2026-03-09 00:07:00","2026-03-09","2026-03-10 15:46:00","Càrrega (Lo-Lo)","16:46","ITPMA","29A","563256400","1031991","ESSAG","Finalitzada","179,99","Sagunto","Marghera","F","2-6","82146-1","2026-03-10","2026-03-09 01:07:00","Singapur","NOATUM MARITIME SPAIN SAU","9V9880"
"2026","7585","TG","2026-03-17 16:15:00","LADY EVA","5,81","","https://www.marinetraffic.com/en/ais/details/ships/mmsi:671929000","MANIPULADORA DE MERCANCIAS SL","21:12","2026-03-12 20:12:00","2026-03-12","2026-03-17 15:15:00","Càrrega (Lo-Lo)","16:15","FRFOS","29A","671929000","9008110","DZDJE","Finalitzada","112","Djen-Djen","Fos-sur-Mer","F","5-7","82489-1","2026-03-17","2026-03-12 21:12:00","Togo","INTRAMEDITERRANEO SA","IBQP"
"2026","7946","DK","2026-02-01 16:10:00","BORINGIA SWAN","7,1","17,42","","TRADEBE PORT SERVICES SL","17:47","2026-01-31 16:47:00","2026-01-31","2026-02-01 15:10:00","Tancs","16:10","ITAUG","32E","","9566693","NLRTM","Finalitzada","109,92","Rotterdam","Augusta","F","1","81335-2","2026-02-01","2026-01-31 17:47:00","Dinamarca","IBERICA MARITIMA BARCELONA SA","OWNY2"
"2026","7946","DK","2026-02-08 00:37:00","HENNING MAERSK","10,22","","https://www.marinetraffic.com/en/ais/details/ships/mmsi:219277000","TRADEBE PORT SERVICES SL","12:06","2026-02-06 11:06:00","2026-02-06","2026-02-07 23:37:00","Tancs","00:37","ESHUV","32D","219277000","9389526","FRLAV","Finalitzada","180","Lavera","Huelva","F","1","81381-1","2026-02-08","2026-02-06 12:06:00","Dinamarca","ALFASHIP MARITIME SERVICES SL ","OYRV2"
"2026","7946","DK","2026-02-13 16:40:00","HENNING MAERSK","10,22","","https://www.marinetraffic.com/en/ais/details/ships/mmsi:219277000","TRADEBE PORT SERVICES SL","18:12","2026-02-11 17:12:00","2026-02-11","2026-02-13 15:40:00","Tancs","16:40","ESHUV","32E","219277000","9389526","FRLAV","Finalitzada","180","Lavera","Huelva","F","1","81381-3","2026-02-13","2026-02-11 18:12:00","Dinamarca","ALFASHIP MARITIME SERVICES SL ","OYRV2"
"2026","7946","DK","2026-03-04 14:35:00","MAERSK AEGEAN","11,52","","https://www.marinetraffic.com/en/ais/details/ships/mmsi:219682000","TRADEBE PORT SERVICES SL","22:53","2026-02-28 21:53:00","2026-02-28","2026-03-04 13:35:00","Tancs","14:35","ITPMA","34B","219682000","9636644","FRFOS","Finalitzada","184","Fos-sur-Mer","Marghera","F","1","82323-1","2026-03-04","2026-02-28 22:53:00","Dinamarca","ALFASHIP MARITIME SERVICES SL ","OVQU2"
"2026","7946","GR","2026-02-21 16:58:00","KRITI RUBY","12,5","32,2","https://www.marinetraffic.com/en/ais/details/ships/mmsi:240941000","TRADEBE PORT SERVICES SL","13:12","2026-02-18 12:12:00","2026-02-18","2026-02-21 15:58:00","Tancs","16:58","NGLOS","32G","240941000","9391282","ITPFX","Finalitzada","183,09","Porto Foxi (Sarroch)","Lagos","F","1","82035-1","2026-02-21","2026-02-18 13:12:00","Grècia","ALFASHIP MARITIME SERVICES SL ","SVAB7"
"2026","7946","IM","2026-03-09 02:33:00","VS SPIRIT","11,82","27,4","https://www.marinetraffic.com/en/ais/details/ships/mmsi:232026670","TRADEBE PORT SERVICES SL","20:30","2026-03-04 19:30:00","2026-03-04","2026-03-09 01:33:00","Tancs","02:33","MTMAR","34B","232026670","9339636","LYTIP","Finalitzada","171,2","Tripoli","Marsaxlokk","F","1","82300-1","2026-03-09","2026-03-04 20:30:00","Illa de Man","MH BLAND SL","MGYF2"
"2026","7946","IT","2026-02-13 04:43:00","ZEFIREA","10,94","32,2","https://www.marinetraffic.com/en/ais/details/ships/mmsi:247322500","TRADEBE PORT SERVICES SL","09:55","2026-02-08 08:55:00","2026-02-08","2026-02-13 03:43:00","Tancs","04:43","SYBAN","34B","247322500","9607643","ESPMI","Finalitzada","179,83","Palma de Mallorca","Baniyas","F","1","81610-1","2026-02-13","2026-02-08 09:55:00","Itàlia","ALFASHIP MARITIME SERVICES SL ","ICSM"
"2026","7946","IT","2026-03-08 04:56:00","BASILUZZO M","8,13","19,98","https://www.marinetraffic.com/en/ais/details/ships/mmsi:247149100","TRADEBE PORT SERVICES SL","08:54","2026-03-06 07:54:00","2026-03-06","2026-03-08 03:56:00","Tancs","04:56","ITAUG","32G","247149100","9323857","ITAUG","Finalitzada","122,52","Augusta","Augusta","F","1","82487-1","2026-03-08","2026-03-06 08:54:00","Itàlia","ALFASHIP MARITIME SERVICES SL ","IBSY"
"2026","7946","LR","2026-02-08 07:50:00","TOP OCEAN","13,3","32,2","https://www.marinetraffic.com/en/ais/details/ships/mmsi:636024917","TRADEBE PORT SERVICES SL","16:32","2026-02-05 15:32:00","2026-02-05","2026-02-08 06:50:00","Tancs","07:50","LVVNT","34B","636024917","1076513","EGSUZ","Finalitzada","182,95","El Suweis (= Suez)","Ventspils","F","1","81527-1","2026-02-08","2026-02-05 16:32:00","Libèria","ALFASHIP MARITIME SERVICES SL ","5LUX5"
"2026","7946","LR","2026-02-20 12:58:00","FPMC 34","13,32","32","https://www.marinetraffic.com/en/ais/details/ships/mmsi:636018726","TRADEBE PORT SERVICES SL","08:45","2026-02-15 07:45:00","2026-02-15","2026-02-20 11:58:00","Tancs","12:58","GNCKY","34B","636018726","9845166","TRALI","Finalitzada","183,01","Aliaga","Conakry","F","1","81729-1","2026-02-20","2026-02-15 08:45:00","Libèria","ALFASHIP MARITIME SERVICES SL ","D5RC7"
"2026","7946","MH","2026-01-12 17:12:00","SUNNY LIGER","14,18","32,24","https://www.marinetraffic.com/en/ais/details/ships/mmsi:538009607","TRADEBE PORT SERVICES SL","19:50","2026-01-06 18:50:00","2026-01-06","2026-01-12 16:12:00","Tancs","17:12","KEMBA","34B","538009607","9332626","GBMLF","Finalitzada","228,59","Milford Haven","Mombasa","F","1","80762-1","2026-01-12","2026-01-06 19:50:00","Illes Marshall","ALFASHIP MARITIME SERVICES SL ","V7A4949"
"2026","7946","MH","2026-01-20 11:05:00","ELEGANT VOYAGER","12,59","32,2","https://www.marinetraffic.com/en/ais/details/ships/mmsi:538010955","TRADEBE PORT SERVICES SL","07:57","2026-01-18 06:57:00","2026-01-18","2026-01-20 10:05:00","Tancs","11:05","CDBNW","32G","538010955","9547506","ESSCT","Finalitzada","179,99","Santa Cruz de Tenerife","Banana","F","1","80952-4","2026-01-20","2026-01-18 07:57:00","Illes Marshall","ALFASHIP MARITIME SERVICES SL ","V7A6364"
"2026","7946","MH","2026-01-28 05:07:00","SEAWAYS MUSE","13,15","32,2","https://www.marinetraffic.com/en/ais/details/ships/mmsi:538011488","TRADEBE PORT SERVICES SL","01:49","2026-01-26 00:49:00","2026-01-26","2026-01-28 04:07:00","Tancs","05:07","ZZZZZ","34B","538011488","9374301","PTSIE","Finalitzada","183","Sines","Desconegut","F","","81206-1","2026-01-28","2026-01-26 01:49:00","Illes Marshall","ALFASHIP MARITIME SERVICES SL ","V7A3031"
"2026","7946","MH","2026-02-02 15:21:00","STI CLAPHAM","11,92","27,4","https://www.marinetraffic.com/en/ais/details/ships/mmsi:538005407","TRADEBE PORT SERVICES SL","16:54","2026-02-01 15:54:00","2026-02-01","2026-02-02 14:21:00","Tancs","15:21","ITAUG","32E","538005407","9696577","ITSPA","Finalitzada","184","Santa Panagia","Augusta","F","1","81305-2","2026-02-02","2026-02-01 16:54:00","Illes Marshall","NEXT MARITIME SL","V7DO7"
"2026","7946","MH","2026-02-02 16:21:00","SEA CAELUM","12,32","32,2","https://www.marinetraffic.com/en/ais/details/ships/mmsi:538010127","TRADEBE PORT SERVICES SL","01:40","2026-01-30 00:40:00","2026-01-30","2026-02-02 15:21:00","Tancs","16:21","MRNDB","32C","538010127","9724582","MAMOH","Finalitzada","183,06","Mohammedia","Nouadhibou","F","1","81418-1","2026-02-02","2026-01-30 01:40:00","Illes Marshall","IBERICA MARITIMA BARCELONA SA","V7A5653"
"2026","7946","MH","2026-02-03 19:34:00","ELANDRA BALTIC","13","32,2","https://www.marinetraffic.com/en/ais/details/ships/mmsi:538004371","TRADEBE PORT SERVICES SL","01:24","2026-01-29 00:24:00","2026-01-29","2026-02-03 18:34:00","Tancs","19:34","GIGIB","32G","538004371","9482562","ITPFX","Finalitzada","183,29","Porto Foxi (Sarroch)","Gibraltar","F","1","81272-1","2026-02-03","2026-01-29 01:24:00","Illes Marshall","ALFASHIP MARITIME SERVICES SL ","V7WR2"
"2026","7946","MH","2026-02-04 17:32:00","SEA CAELUM","12,32","32,2","https://www.marinetraffic.com/en/ais/details/ships/mmsi:538010127","TRADEBE PORT SERVICES SL","16:22","2026-02-02 15:22:00","2026-02-02","2026-02-04 16:32:00","Tancs","17:32","MRNDB","32E","538010127","9724582","MAMOH","Finalitzada","183,06","Mohammedia","Nouadhibou","F","1","81418-2","2026-02-04","2026-02-02 16:22:00","Illes Marshall","IBERICA MARITIMA BARCELONA SA","V7A5653"
"2026","7946","MH","2026-02-28 09:46:00","STALLION","13,3","32,2","https://www.marinetraffic.com/en/ais/details/ships/mmsi:538012282","TRADEBE PORT SERVICES SL","00:45","2026-02-24 23:45:00","2026-02-25","2026-02-28 08:46:00","Tancs","09:46","ITAUG","32G","538012282","9692129","ITPFX","Finalitzada","183","Porto Foxi (Sarroch)","Augusta","F","1","82210-1","2026-02-28","2026-02-25 00:45:00","Illes Marshall","ALFASHIP MARITIME SERVICES SL ","V7B2625"
"2026","7946","MH","2026-03-10 14:00:00","CHEMICAL FRONTIER","8,86","21","https://www.marinetraffic.com/en/ais/details/ships/mmsi:538010262","TRADEBE PORT SERVICES SL","04:39","2026-03-09 03:39:00","2026-03-09","2026-03-10 13:00:00","Tancs","14:00","NLAMS","32E","538010262","9940734","ILHFA","Finalitzada","132","Haifa","Amsterdam","F","1","82552-1","2026-03-10","2026-03-09 04:39:00","Illes Marshall","ALFASHIP MARITIME SERVICES SL ","V7A5820"
"2026","7946","MT","2026-01-15 10:40:00","SPRING S","8,71","","https://www.marinetraffic.com/en/ais/details/ships/mmsi:249821000","TRADEBE PORT SERVICES SL","07:29","2026-01-14 06:29:00","2026-01-14","2026-01-15 09:40:00","Tancs","10:40","GRPER","32G","249821000","9416812","PTSIE","Finalitzada","128,6","Sines","Perama","F","1","80800-1","2026-01-15","2026-01-14 07:29:00","Malta","ERHARDT SHIPPING SERVICES SL","9HA6396"
"2026","7946","MT","2026-01-18 05:34:00","DEFNE BAYRAK","6,7","","https://www.marinetraffic.com/en/ais/details/ships/mmsi:215086000","TRADEBE PORT SERVICES SL","15:25","2026-01-16 14:25:00","2026-01-16","2026-01-18 04:34:00","Tancs","05:34","FRLAV","32G","215086000","9835032","ESVLC","Finalitzada","109,98","Valencia","Lavera","F","1","81050-1","2026-01-18","2026-01-16 15:25:00","Malta","IBERICA MARITIMA BARCELONA SA","9HA4952"
"2026","7946","MT","2026-02-01 20:44:00","SARAJEVO","8,15","","https://www.marinetraffic.com/en/ais/details/ships/mmsi:249343000","TRADEBE PORT SERVICES SL","04:56","2026-01-31 03:56:00","2026-01-31","2026-02-01 19:44:00","Tancs","20:44","ITGOA","34B","249343000","9477490","MTMLA","Finalitzada","129,5","Malta (Valetta)","Genoa","F","1","81382-1","2026-02-01","2026-01-31 04:56:00","Malta","ERHARDT SHIPPING SERVICES SL","9HPX9"
"2026","7946","MT","2026-02-03 01:29:00","SILENDI","9,73","23,2","https://www.marinetraffic.com/en/ais/details/ships/mmsi:248333000","TRADEBE PORT SERVICES SL","21:38","2026-02-01 20:38:00","2026-02-01","2026-02-03 00:29:00","Tancs","01:29","ZZZZZ","34B","248333000","9508720","ITPFX","Finalitzada","149,9","Porto Foxi (Sarroch)","Desconegut","F","1","81402-1","2026-02-03","2026-02-01 21:38:00","Malta","ALFASHIP MARITIME SERVICES SL ","9HA2323"
"2026","7946","MT","2026-02-05 15:05:00","HISTRIA GEMMA","11","","https://www.marinetraffic.com/en/ais/details/ships/mmsi:256515000","TRADEBE PORT SERVICES SL","03:09","2026-02-03 02:09:00","2026-02-03","2026-02-05 14:05:00","Tancs","15:05","MTMLA","34B","256515000","9436719","FRDKK","Finalitzada","179,88","Dunkerque","Malta (Valetta)","F","1","81340-1","2026-02-05","2026-02-03 03:09:00","Malta","ALFASHIP MARITIME SERVICES SL ","9HA5871"
"2026","7946","MT","2026-02-07 06:31:00","MRC SEMIRAMIS","6,58","","https://www.marinetraffic.com/en/ais/details/ships/mmsi:249028000","TRADEBE PORT SERVICES SL","11:57","2026-02-05 10:57:00","2026-02-05","2026-02-07 05:31:00","Tancs","06:31","LYZAW","32E","249028000","9418793","ITRAN","Finalitzada","107,34","Ravenna","Az Zawiyah","F","1","81579-1","2026-02-07","2026-02-05 11:57:00","Malta","ALFASHIP MARITIME SERVICES SL ","9HIN9"
"2026","7946","MT","2026-02-08 13:48:00","VALTELLINA","11,32","","https://www.marinetraffic.com/en/ais/details/ships/mmsi:215054000","TRADEBE PORT SERVICES SL","13:13","2026-02-06 12:13:00","2026-02-06","2026-02-08 12:48:00","Tancs","13:48","LYTIP","32G","215054000","9384136","ITLIV","Finalitzada","184,32","Livorno","Tripoli","F","1","81565-2","2026-02-08","2026-02-06 13:13:00","Malta","ITALMAR 3000 SL","9HA4937"
"2026","7946","MT","2026-02-09 08:24:00","SPRING S","8,71","","https://www.marinetraffic.com/en/ais/details/ships/mmsi:249821000","TRADEBE PORT SERVICES SL","15:46","2026-02-08 14:46:00","2026-02-08","2026-02-09 07:24:00","Tancs","08:24","ESTAR","32G","249821000","9416812","ESALG","Finalitzada","128,6","Algeciras","Tarragona","F","1","81532-1","2026-02-09","2026-02-08 15:46:00","Malta","ERHARDT SHIPPING SERVICES SL","9HA6396"
"2026","7946","MT","2026-02-11 16:15:00","SAMU","8,7","21,7","https://www.marinetraffic.com/en/ais/details/ships/mmsi:248533000","TRADEBE PORT SERVICES SL","13:08","2026-02-08 12:08:00","2026-02-08","2026-02-11 15:15:00","Tancs","16:15","ZZZZZ","32E","248533000","9458054","GEKUL","Finalitzada","142,98","Kulevi","Desconegut","F","","81356-1","2026-02-11","2026-02-08 13:08:00","Malta","ALFASHIP MARITIME SERVICES SL ","9HA2401"
"2026","7946","MT","2026-02-15 22:03:00","SAMU","8,7","21,7","https://www.marinetraffic.com/en/ais/details/ships/mmsi:248533000","TRADEBE PORT SERVICES SL","19:12","2026-02-14 18:12:00","2026-02-14","2026-02-15 21:03:00","Tancs","22:03","FRLAV","32G","248533000","9458054","ESBCN","Finalitzada","142,98","Barcelona","Lavera","F","1","81703-1","2026-02-15","2026-02-14 19:12:00","Malta","MH BLAND SL","9HA2401"
"2026","7946","MT","2026-02-18 11:09:00","SEDAT BASAK","6,7","","https://www.marinetraffic.com/en/ais/details/ships/mmsi:249276000","TRADEBE PORT SERVICES SL","10:32","2026-02-17 09:32:00","2026-02-17","2026-02-18 10:09:00","Tancs","11:09","ZZZZZ","32G","249276000","9981257","ITGOA","Finalitzada","99,99","Genoa","Desconegut","F","1","81772-1","2026-02-18","2026-02-17 10:32:00","Malta","IBERICA MARITIMA BARCELONA SA","9HA6204"
"2026","7946","MT","2026-02-23 11:44:00","DUZGIT INTEGRITY","7,97","18,9","https://www.marinetraffic.com/en/ais/details/ships/mmsi:249379000","TRADEBE PORT SERVICES SL","22:32","2026-02-21 21:32:00","2026-02-21","2026-02-23 10:44:00","Tancs","11:44","ZZZZZ","32G","249379000","9380415","ESVLC","Finalitzada","131,85","Valencia","Desconegut","F","1","82138-1","2026-02-23","2026-02-21 22:32:00","Malta","IBERICA MARITIMA BARCELONA SA","9HQS9"
"2026","7946","MT","2026-02-26 02:56:00","KAPTAN VEYSEL VARDAL","6,76","16,9","https://www.marinetraffic.com/en/ais/details/ships/mmsi:256752000","TRADEBE PORT SERVICES SL","11:03","2026-02-24 10:03:00","2026-02-24","2026-02-26 01:56:00","Tancs","02:56","ZZZZZ","32E","256752000","9362140","ESBIO","Finalitzada","119,1","Bilbao","Desconegut","F","1","82144-1","2026-02-26","2026-02-24 11:03:00","Malta","ALFASHIP MARITIME SERVICES SL ","9HA5960"
"2026","7946","MT","2026-03-03 21:33:00","VALTELLINA","11,32","","https://www.marinetraffic.com/en/ais/details/ships/mmsi:215054000","TRADEBE PORT SERVICES SL","11:28","2026-02-28 10:28:00","2026-02-28","2026-03-03 20:33:00","Tancs","21:33","ITPFX","32G","215054000","9384136","ITPFX","Finalitzada","184,32","Porto Foxi (Sarroch)","Porto Foxi (Sarroch)","F","1","82322-1","2026-03-03","2026-02-28 11:28:00","Malta","ITALMAR 3000 SL","9HA4937"
"2026","7946","MT","2026-03-11 14:15:00","HABIP BAYRAK","7,2","","https://www.marinetraffic.com/en/ais/details/ships/mmsi:229674000","TRADEBE PORT SERVICES SL","05:22","2026-03-10 04:22:00","2026-03-10","2026-03-11 13:15:00","Tancs","14:15","ZZZZZ","32C","229674000","9458183","ITAUG","Finalitzada","123,25","Augusta","Desconegut","F","1","82499-1","2026-03-11","2026-03-10 05:22:00","Malta","IBERICA MARITIMA BARCELONA SA","9HA5554"
"2026","7946","MT","2026-03-12 14:38:00","VALSESIA","11,32","","https://www.marinetraffic.com/en/ais/details/ships/mmsi:215063000","TRADEBE PORT SERVICES SL","13:24","2026-03-10 12:24:00","2026-03-10","2026-03-12 13:38:00","Tancs","14:38","EGALY","34B","215063000","9385178","FRFOS","Finalitzada","184,32","Fos-sur-Mer","El Iskandariya (= Alexandria)","F","1","82562-1","2026-03-12","2026-03-10 13:24:00","Malta","ITALMAR 3000 SL","9HA4940"
"2026","7946","NO","2026-03-09 03:57:00","EKFJORD","9","23","https://www.marinetraffic.com/en/ais/details/ships/mmsi:257555000","TRADEBE PORT SERVICES SL","09:54","2026-03-08 08:54:00","2026-03-08","2026-03-09 02:57:00","Tancs","03:57","FRMRS","32G","257555000","9356622","BEANR","Finalitzada","144,05","Anvers","Marseille","F","1","82486-1","2026-03-09","2026-03-08 09:54:00","Noruega","IBERICA MARITIMA BARCELONA SA","LAJX7"
"2026","7946","PA","2026-03-18 16:02:00","PRECIOUS ADELAIDE","13,28","32,2","https://www.marinetraffic.com/en/ais/details/ships/mmsi:352004338","TRADEBE PORT SERVICES SL","03:29","2026-03-13 02:29:00","2026-03-13","2026-03-18 15:02:00","Tancs","16:02","MRNDB","32G","352004338","9982548","ITPFX","Finalitzada","183,07","Porto Foxi (Sarroch)","Nouadhibou","F","1","82578-1","2026-03-18","2026-03-13 03:29:00","Panamà","ALFASHIP MARITIME SERVICES SL ","3E6658"
"2026","7946","SG","2026-01-21 13:51:00","PIS PRECIOUS","13,32","","https://www.marinetraffic.com/en/ais/details/ships/mmsi:563648000","TRADEBE PORT SERVICES SL","09:59","2026-01-17 08:59:00","2026-01-17","2026-01-21 12:51:00","Tancs","13:51","MRNDB","34B","563648000","9689158","ESTAR","Finalitzada","183","Tarragona","Nouadhibou","F","1","80993-2","2026-01-21","2026-01-17 09:59:00","Singapur","IBERICA MARITIMA BARCELONA SA","9V7493"
"2026","7946","SG","2026-01-27 20:02:00","ASIA LIBERTY","10,02","30","https://www.marinetraffic.com/en/ais/details/ships/mmsi:563080900","TRADEBE PORT SERVICES SL","03:37","2026-01-27 02:37:00","2026-01-27","2026-01-27 19:02:00","Tancs","20:02","NGLOS","32A","563080900","9752694","MTMLA","Finalitzada","179,95","Malta (Valetta)","Lagos","F","1","81301-1","2026-01-27","2026-01-27 03:37:00","Singapur","ALFASHIP MARITIME SERVICES SL ","9V5665"
"2026","7946","SG","2026-01-31 15:40:00","ASIA LIBERTY","10,02","30","https://www.marinetraffic.com/en/ais/details/ships/mmsi:563080900","TRADEBE PORT SERVICES SL","20:03","2026-01-27 19:03:00","2026-01-27","2026-01-31 14:40:00","Tancs","15:40","NGLOS","32E","563080900","9752694","MTMLA","Finalitzada","179,95","Malta (Valetta)","Lagos","F","1","81301-2","2026-01-31","2026-01-27 20:03:00","Singapur","ALFASHIP MARITIME SERVICES SL ","9V5665"
"2026","7946","SG","2026-02-23 20:36:00","GREAT KAPPA","13,32","","https://www.marinetraffic.com/en/ais/details/ships/mmsi:563260100","TRADEBE PORT SERVICES SL","21:43","2026-02-22 20:43:00","2026-02-22","2026-02-23 19:36:00","Tancs","20:36","NLAMS","34B","563260100","9873656","SGSIN","Finalitzada","183,24","Singapore","Amsterdam","F","1","82140-1","2026-02-23","2026-02-22 21:43:00","Singapur","IBERICA MARITIMA BARCELONA SA","9VDY5"
"2026","7946","SG","2026-02-28 21:24:00","ASIA LIBERTY","10,02","30","https://www.marinetraffic.com/en/ais/details/ships/mmsi:563080900","TRADEBE PORT SERVICES SL","11:38","2026-02-25 10:38:00","2026-02-25","2026-02-28 20:24:00","Tancs","21:24","LYTIP","34B","563080900","9752694","LYTIP","Finalitzada","179,95","Tripoli","Tripoli","F","1","82183-1","2026-02-28","2026-02-25 11:38:00","Singapur","ALFASHIP MARITIME SERVICES SL ","9V5665"
"2026","8156","CY","2026-01-21 12:27:00","GUBAL TRADER","4,01","","https://www.marinetraffic.com/en/ais/details/ships/mmsi:210117000","GRIMALDI TERMINAL BARCELONA SL","11:39","2026-01-19 10:39:00","2026-01-19","2026-01-21 11:27:00","Transbordadors","12:27","ESPMI","20C","210117000","7802794","ESPMI","Finalitzada","139","Palma de Mallorca","Palma de Mallorca","F","3-6","80940-2","2026-01-21","2026-01-19 11:39:00","Xipre","GRIMALDI LOGISTICA ESPAÑA SL","5BQV5"
"2026","8156","CY","2026-02-07 06:19:00","GUBAL TRADER","4,01","16,51","https://www.marinetraffic.com/en/ais/details/ships/mmsi:210117000","GRIMALDI TERMINAL BARCELONA SL","11:44","2026-02-05 10:44:00","2026-02-05","2026-02-07 05:19:00","Transbordadors","06:19","ESPMI","20C","210117000","7802794","ESIBZ","Finalitzada","139","Ibiza","Palma de Mallorca","F","3-6","81475-2","2026-02-07","2026-02-05 11:44:00","Xipre","GRIMALDI LOGISTICA ESPAÑA SL","5BQV5"
"2026","8156","ES","2026-02-06 14:17:00","SUAR VIGO","6,01","","https://www.marinetraffic.com/en/ais/details/ships/mmsi:224499000","GRIMALDI TERMINAL BARCELONA SL","23:54","2026-02-05 22:54:00","2026-02-05","2026-02-06 13:17:00","Car-carrier","14:17","ESLPA","20A","224499000","9250000","ESSCT","Finalitzada","149,38","Santa Cruz de Tenerife","Las Palmas","F","3-6","81157-1","2026-02-06","2026-02-05 23:54:00","Espanya","VAPORES SUARDIAZ MEDITERRANEO SA","ECDY"
"2026","8156","ES","2026-02-13 14:02:00","SUAR VIGO","6,01","","https://www.marinetraffic.com/en/ais/details/ships/mmsi:224499000","GRIMALDI TERMINAL BARCELONA SL","23:24","2026-02-12 22:24:00","2026-02-12","2026-02-13 13:02:00","Car-carrier","14:02","ESLPA","19B","224499000","9250000","ESSCT","Finalitzada","149,38","Santa Cruz de Tenerife","Las Palmas","F","1-3","81158-1","2026-02-13","2026-02-12 23:24:00","Espanya","VAPORES SUARDIAZ MEDITERRANEO SA","ECDY"
"2026","8156","ES","2026-02-20 14:27:00","SUAR VIGO","6,01","","https://www.marinetraffic.com/en/ais/details/ships/mmsi:224499000","GRIMALDI TERMINAL BARCELONA SL","00:39","2026-02-19 23:39:00","2026-02-20","2026-02-20 13:27:00","Car-carrier","14:27","ESLPA","19B","224499000","9250000","ESSCT","Finalitzada","149,38","Santa Cruz de Tenerife","Las Palmas","F","2-4","81159-1","2026-02-20","2026-02-20 00:39:00","Espanya","VAPORES SUARDIAZ MEDITERRANEO SA","ECDY"
"2026","8156","ES","2026-02-27 14:23:00","SUAR VIGO","6,01","","https://www.marinetraffic.com/en/ais/details/ships/mmsi:224499000","GRIMALDI TERMINAL BARCELONA SL","00:29","2026-02-26 23:29:00","2026-02-27","2026-02-27 13:23:00","Car-carrier","14:23","ESLPA","19B","224499000","9250000","ESSCT","Finalitzada","149,38","Santa Cruz de Tenerife","Las Palmas","F","1-3","81163-1","2026-02-27","2026-02-27 00:29:00","Espanya","VAPORES SUARDIAZ MEDITERRANEO SA","ECDY"
"2026","8156","ES","2026-03-06 19:10:00","SUAR VIGO","6,01","","https://www.marinetraffic.com/en/ais/details/ships/mmsi:224499000","GRIMALDI TERMINAL BARCELONA SL","04:48","2026-03-06 03:48:00","2026-03-06","2026-03-06 18:10:00","Car-carrier","19:10","ESLPA","19B","224499000","9250000","ESSCT","Finalitzada","149,38","Santa Cruz de Tenerife","Las Palmas","F","2-4","82043-1","2026-03-06","2026-03-06 04:48:00","Espanya","VAPORES SUARDIAZ MEDITERRANEO SA","ECDY"
"2026","8156","ES","2026-03-13 18:54:00","SUAR VIGO","6,01","","https://www.marinetraffic.com/en/ais/details/ships/mmsi:224499000","GRIMALDI TERMINAL BARCELONA SL","11:43","2026-03-13 10:43:00","2026-03-13","2026-03-13 17:54:00","Car-carrier","18:54","ESLPA","20A","224499000","9250000","ESSCT","Finalitzada","149,38","Santa Cruz de Tenerife","Las Palmas","F","3-6","82045-1","2026-03-13","2026-03-13 11:43:00","Espanya","VAPORES SUARDIAZ MEDITERRANEO SA","ECDY"
"2026","8156","IT","2026-01-13 12:18:00","ECO VALENCIA","7,2","34","https://www.marinetraffic.com/en/ais/details/ships/mmsi:247383300","GRIMALDI TERMINAL BARCELONA SL","07:36","2026-01-13 06:36:00","2026-01-13","2026-01-13 11:18:00","Ro-Ro","12:18","ITLIV","20D","247383300","9859533","ESVLC","Finalitzada","238","Valencia","Livorno","F","2-6","80893-1","2026-01-13","2026-01-13 07:36:00","Itàlia","GRIMALDI LOGISTICA ESPAÑA SL","IBQD"
"2026","8156","IT","2026-01-14 19:22:00","ECO ADRIATICA","7,2","34","https://www.marinetraffic.com/en/ais/details/ships/mmsi:247384100","GRIMALDI TERMINAL BARCELONA SL","13:06","2026-01-14 12:06:00","2026-01-14","2026-01-14 18:22:00","Ro-Ro","19:22","ITSVN","20D","247384100","9859600","ESVLC","Finalitzada","238","Valencia","Savona","F","2-6","80891-1","2026-01-14","2026-01-14 13:06:00","Itàlia","GRIMALDI LOGISTICA ESPAÑA SL","ICIZ"
"2026","8156","IT","2026-01-15 01:49:00","ECO SAVONA","7,2","34","https://www.marinetraffic.com/en/ais/details/ships/mmsi:247383600","GRIMALDI TERMINAL BARCELONA SL","20:45","2026-01-14 19:45:00","2026-01-14","2026-01-15 00:49:00","Ro-Ro","01:49","ESVLC","21A","247383600","9859569","ITSVN","Finalitzada","238","Savona","Valencia","F","4-8","80896-1","2026-01-15","2026-01-14 20:45:00","Itàlia","GRIMALDI LOGISTICA ESPAÑA SL","IBZM"
"2026","8156","IT","2026-01-16 11:56:00","ECO VALENCIA","7,2","34","https://www.marinetraffic.com/en/ais/details/ships/mmsi:247383300","GRIMALDI TERMINAL BARCELONA SL","07:40","2026-01-16 06:40:00","2026-01-16","2026-01-16 10:56:00","Ro-Ro","11:56","ESVLC","20D","247383300","9859533","ITSVN","Finalitzada","238","Savona","Valencia","F","2-6","80894-1","2026-01-16","2026-01-16 07:40:00","Itàlia","GRIMALDI LOGISTICA ESPAÑA SL","IBQD"
"2026","8156","IT","2026-01-16 20:17:00","ECO SAVONA","7,2","34","https://www.marinetraffic.com/en/ais/details/ships/mmsi:247383600","GRIMALDI TERMINAL BARCELONA SL","13:41","2026-01-16 12:41:00","2026-01-16","2026-01-16 19:17:00","Ro-Ro","20:17","ITSVN","20D","247383600","9859569","ESVLC","Finalitzada","238","Valencia","Savona","F","2-6","80897-1","2026-01-16","2026-01-16 13:41:00","Itàlia","GRIMALDI LOGISTICA ESPAÑA SL","IBZM"
"2026","8156","IT","2026-01-18 02:33:00","ECO VALENCIA","7,2","34","https://www.marinetraffic.com/en/ais/details/ships/mmsi:247383300","GRIMALDI TERMINAL BARCELONA SL","21:15","2026-01-17 20:15:00","2026-01-17","2026-01-18 01:33:00","Ro-Ro","02:33","ITSVN","20A","247383300","9859533","ESVLC","Finalitzada","238","Valencia","Savona","F","2-6","80895-1","2026-01-18","2026-01-17 21:15:00","Itàlia","GRIMALDI LOGISTICA ESPAÑA SL","IBQD"
"2026","8156","IT","2026-01-18 12:19:00","ECO ADRIATICA","7,2","34","https://www.marinetraffic.com/en/ais/details/ships/mmsi:247384100","GRIMALDI TERMINAL BARCELONA SL","08:01","2026-01-18 07:01:00","2026-01-18","2026-01-18 11:19:00","Ro-Ro","12:19","ESVLC","20D","247384100","9859600","ITSVN","Finalitzada","238","Savona","Valencia","F","2-6","80892-1","2026-01-18","2026-01-18 08:01:00","Itàlia","GRIMALDI LOGISTICA ESPAÑA SL","ICIZ"
"2026","8156","IT","2026-01-19 17:30:00","ECO SAVONA","7,2","34","https://www.marinetraffic.com/en/ais/details/ships/mmsi:247383600","GRIMALDI TERMINAL BARCELONA SL","13:37","2026-01-19 12:37:00","2026-01-19","2026-01-19 16:30:00","Ro-Ro","17:30","ESVLC","20D","247383600","9859569","ITSVN","Finalitzada","238","Savona","Valencia","F","2-6","80898-1","2026-01-19","2026-01-19 13:37:00","Itàlia","GRIMALDI LOGISTICA ESPAÑA SL","IBZM"
"2026","8156","IT","2026-01-21 19:13:00","ECO SAVONA","7,2","34","https://www.marinetraffic.com/en/ais/details/ships/mmsi:247383600","GRIMALDI TERMINAL BARCELONA SL","07:41","2026-01-21 06:41:00","2026-01-21","2026-01-21 18:13:00","Ro-Ro","19:13","ITSVN","20D","247383600","9859569","ESVLC","Finalitzada","238","Valencia","Savona","F","2-6","81095-1","2026-01-21","2026-01-21 07:41:00","Itàlia","GRIMALDI LOGISTICA ESPAÑA SL","IBZM"
"2026","8156","IT","2026-01-22 13:55:00","ECO VALENCIA","7,2","34","https://www.marinetraffic.com/en/ais/details/ships/mmsi:247383300","GRIMALDI TERMINAL BARCELONA SL","07:05","2026-01-22 06:05:00","2026-01-22","2026-01-22 12:55:00","Ro-Ro","13:55","ESVLC","20D","247383300","9859533","ITSVN","Finalitzada","238","Savona","Valencia","F","2-6","81099-1","2026-01-22","2026-01-22 07:05:00","Itàlia","GRIMALDI LOGISTICA ESPAÑA SL","IBQD"
"2026","8156","IT","2026-01-23 06:53:00","ECO LIVORNO","7,2","34","https://www.marinetraffic.com/en/ais/details/ships/mmsi:247383500","GRIMALDI TERMINAL BARCELONA SL","02:42","2026-01-23 01:42:00","2026-01-23","2026-01-23 05:53:00","Ro-Ro","06:53","ESVLC","20D","247383500","9859557","ITSVN","Finalitzada","238","Savona","Valencia","F","2-6","81102-1","2026-01-23","2026-01-23 02:42:00","Itàlia","GRIMALDI LOGISTICA ESPAÑA SL","IBZD"
"2026","8156","IT","2026-01-24 15:27:00","ECO VALENCIA","7,2","34","https://www.marinetraffic.com/en/ais/details/ships/mmsi:247383300","GRIMALDI TERMINAL BARCELONA SL","07:22","2026-01-24 06:22:00","2026-01-24","2026-01-24 14:27:00","Ro-Ro","15:27","ESVLC","20D","247383300","9859533","ITSVN","Finalitzada","238","Savona","Valencia","F","2-6","81179-1","2026-01-24","2026-01-24 07:22:00","Itàlia","GRIMALDI LOGISTICA ESPAÑA SL","IBQD"
"2026","8156","IT","2026-01-25 11:48:00","ECO ADRIATICA","7,2","34","https://www.marinetraffic.com/en/ais/details/ships/mmsi:247384100","GRIMALDI TERMINAL BARCELONA SL","07:28","2026-01-25 06:28:00","2026-01-25","2026-01-25 10:48:00","Ro-Ro","11:48","ESVLC","20D","247384100","9859600","ITSVN","Finalitzada","238","Savona","Valencia","F","2-6","81098-1","2026-01-25","2026-01-25 07:28:00","Itàlia","GRIMALDI LOGISTICA ESPAÑA SL","ICIZ"
"2026","8156","IT","2026-01-26 16:04:00","ECO SAVONA","7,2","34","https://www.marinetraffic.com/en/ais/details/ships/mmsi:247383600","GRIMALDI TERMINAL BARCELONA SL","07:19","2026-01-26 06:19:00","2026-01-26","2026-01-26 15:04:00","Ro-Ro","16:04","ESVLC","20D","247383600","9859569","ITSVN","Finalitzada","238","Savona","Valencia","F","2-6","81096-1","2026-01-26","2026-01-26 07:19:00","Itàlia","GRIMALDI LOGISTICA ESPAÑA SL","IBZM"
"2026","8156","IT","2026-01-27 11:57:00","ECO ADRIATICA","7,2","34","https://www.marinetraffic.com/en/ais/details/ships/mmsi:247384100","GRIMALDI TERMINAL BARCELONA SL","07:42","2026-01-27 06:42:00","2026-01-27","2026-01-27 10:57:00","Ro-Ro","11:57","ITLIV","20D","247384100","9859600","ESVLC","Finalitzada","238","Valencia","Livorno","F","2-6","81256-1","2026-01-27","2026-01-27 07:42:00","Itàlia","GRIMALDI LOGISTICA ESPAÑA SL","ICIZ"
"2026","8156","IT","2026-01-28 04:57:00","ECO VALENCIA","7,2","34","https://www.marinetraffic.com/en/ais/details/ships/mmsi:247383300","GRIMALDI TERMINAL BARCELONA SL","01:13","2026-01-28 00:13:00","2026-01-28","2026-01-28 03:57:00","Ro-Ro","04:57","ESVLC","20D","247383300","9859533","ITSVN","Finalitzada","238","Savona","Valencia","F","2-6","81276-1","2026-01-28","2026-01-28 01:13:00","Itàlia","GRIMALDI LOGISTICA ESPAÑA SL","IBQD"
"2026","8156","IT","2026-01-28 13:12:00","ECO SAVONA","7,2","34","https://www.marinetraffic.com/en/ais/details/ships/mmsi:247383600","GRIMALDI TERMINAL BARCELONA SL","07:50","2026-01-28 06:50:00","2026-01-28","2026-01-28 12:12:00","Ro-Ro","13:12","ITSVN","20D","247383600","9859569","ESVLC","Finalitzada","238","Valencia","Savona","F","2-6","81258-1","2026-01-28","2026-01-28 07:50:00","Itàlia","GRIMALDI LOGISTICA ESPAÑA SL","IBZM"
"2026","8156","IT","2026-01-29 04:46:00","ECO LIVORNO","7,2","34","https://www.marinetraffic.com/en/ais/details/ships/mmsi:247383500","GRIMALDI TERMINAL BARCELONA SL","01:45","2026-01-29 00:45:00","2026-01-29","2026-01-29 03:46:00","Ro-Ro","04:46","ESVLC","21A","247383500","9859557","ITSVN","Finalitzada","238","Savona","Valencia","F","4-8","81279-1","2026-01-29","2026-01-29 01:45:00","Itàlia","GRIMALDI LOGISTICA ESPAÑA SL","IBZD"
"2026","8156","IT","2026-01-29 19:51:00","ECO VALENCIA","7,2","34","https://www.marinetraffic.com/en/ais/details/ships/mmsi:247383300","GRIMALDI TERMINAL BARCELONA SL","12:06","2026-01-29 11:06:00","2026-01-29","2026-01-29 18:51:00","Ro-Ro","19:51","ITSVN","20D","247383300","9859533","ESVLC","Finalitzada","238","Valencia","Savona","F","2-6","81277-1","2026-01-29","2026-01-29 12:06:00","Itàlia","GRIMALDI LOGISTICA ESPAÑA SL","IBQD"
"2026","8156","IT","2026-01-30 10:57:00","ECO ADRIATICA","7,2","34","https://www.marinetraffic.com/en/ais/details/ships/mmsi:247384100","GRIMALDI TERMINAL BARCELONA SL","07:32","2026-01-30 06:32:00","2026-01-30","2026-01-30 09:57:00","Ro-Ro","10:57","ESVLC","20D","247384100","9859600","ITSVN","Finalitzada","238","Savona","Valencia","F","2-6","81257-1","2026-01-30","2026-01-30 07:32:00","Itàlia","GRIMALDI LOGISTICA ESPAÑA SL","ICIZ"
"2026","8156","IT","2026-01-31 14:42:00","ECO LIVORNO","7,2","34","https://www.marinetraffic.com/en/ais/details/ships/mmsi:247383500","GRIMALDI TERMINAL BARCELONA SL","07:33","2026-01-31 06:33:00","2026-01-31","2026-01-31 13:42:00","Ro-Ro","14:42","ITSVN","20D","247383500","9859557","ESVLC","Finalitzada","238","Valencia","Savona","F","2-6","81280-1","2026-01-31","2026-01-31 07:33:00","Itàlia","GRIMALDI LOGISTICA ESPAÑA SL","IBZD"
"2026","8156","IT","2026-02-01 13:50:00","ECO SAVONA","7,2","34","https://www.marinetraffic.com/en/ais/details/ships/mmsi:247383600","GRIMALDI TERMINAL BARCELONA SL","07:32","2026-02-01 06:32:00","2026-02-01","2026-02-01 12:50:00","Ro-Ro","13:50","ESVLC","20D","247383600","9859569","ITSVN","Finalitzada","238","Savona","Valencia","F","2-6","81259-1","2026-02-01","2026-02-01 07:32:00","Itàlia","GRIMALDI LOGISTICA ESPAÑA SL","IBZM"
"2026","8156","IT","2026-02-02 15:51:00","ECO VALENCIA","7,2","34","https://www.marinetraffic.com/en/ais/details/ships/mmsi:247383300","GRIMALDI TERMINAL BARCELONA SL","07:47","2026-02-02 06:47:00","2026-02-02","2026-02-02 14:51:00","Ro-Ro","15:51","ESVLC","20D","247383300","9859533","ITSVN","Finalitzada","238","Savona","Valencia","F","2-6","81278-1","2026-02-02","2026-02-02 07:47:00","Itàlia","GRIMALDI LOGISTICA ESPAÑA SL","IBQD"
"2026","8156","IT","2026-02-03 11:20:00","ECO SAVONA","7,2","34","https://www.marinetraffic.com/en/ais/details/ships/mmsi:247383600","GRIMALDI TERMINAL BARCELONA SL","07:32","2026-02-03 06:32:00","2026-02-03","2026-02-03 10:20:00","Ro-Ro","11:20","ITLIV","20D","247383600","9859569","ESVLC","Finalitzada","238","Valencia","Livorno","F","2-6","81514-1","2026-02-03","2026-02-03 07:32:00","Itàlia","GRIMALDI LOGISTICA ESPAÑA SL","IBZM"
"2026","8156","IT","2026-02-04 04:24:00","ECO LIVORNO","7,2","34","https://www.marinetraffic.com/en/ais/details/ships/mmsi:247383500","GRIMALDI TERMINAL BARCELONA SL","01:39","2026-02-04 00:39:00","2026-02-04","2026-02-04 03:24:00","Ro-Ro","04:24","ESVLC","20D","247383500","9859557","ITSVN","Finalitzada","238","Savona","Valencia","F","2-6","81516-1","2026-02-04","2026-02-04 01:39:00","Itàlia","GRIMALDI LOGISTICA ESPAÑA SL","IBZD"
"2026","8156","IT","2026-02-04 12:15:00","ECO VALENCIA","7,2","34","https://www.marinetraffic.com/en/ais/details/ships/mmsi:247383300","GRIMALDI TERMINAL BARCELONA SL","07:21","2026-02-04 06:21:00","2026-02-04","2026-02-04 11:15:00","Ro-Ro","12:15","ITSVN","20D","247383300","9859533","ESVLC","Finalitzada","238","Valencia","Savona","F","2-6","81511-1","2026-02-04","2026-02-04 07:21:00","Itàlia","GRIMALDI LOGISTICA ESPAÑA SL","IBQD"
"2026","8156","IT","2026-02-05 04:47:00","ECO ADRIATICA","7,2","34","https://www.marinetraffic.com/en/ais/details/ships/mmsi:247384100","GRIMALDI TERMINAL BARCELONA SL","01:27","2026-02-05 00:27:00","2026-02-05","2026-02-05 03:47:00","Ro-Ro","04:47","ESVLC","21A","247384100","9859600","ITSVN","Finalitzada","238","Savona","Valencia","F","4-8","81519-1","2026-02-05","2026-02-05 01:27:00","Itàlia","GRIMALDI LOGISTICA ESPAÑA SL","ICIZ"
"2026","8156","IT","2026-02-05 19:32:00","ECO LIVORNO","7,2","34","https://www.marinetraffic.com/en/ais/details/ships/mmsi:247383500","GRIMALDI TERMINAL BARCELONA SL","13:23","2026-02-05 12:23:00","2026-02-05","2026-02-05 18:32:00","Ro-Ro","19:32","ITSVN","20D","247383500","9859557","ESVLC","Finalitzada","238","Valencia","Savona","F","2-6","81517-1","2026-02-05","2026-02-05 13:23:00","Itàlia","GRIMALDI LOGISTICA ESPAÑA SL","IBZD"
"2026","8156","IT","2026-02-06 05:24:00","ECO SAVONA","7,2","34","https://www.marinetraffic.com/en/ais/details/ships/mmsi:247383600","GRIMALDI TERMINAL BARCELONA SL","01:50","2026-02-06 00:50:00","2026-02-06","2026-02-06 04:24:00","Ro-Ro","05:24","ESVLC","20D","247383600","9859569","ITSVN","Finalitzada","238","Savona","Valencia","F","2-6","81515-1","2026-02-06","2026-02-06 01:50:00","Itàlia","GRIMALDI LOGISTICA ESPAÑA SL","IBZM"
"2026","8156","IT","2026-02-07 13:12:00","ECO ADRIATICA","7,2","34","https://www.marinetraffic.com/en/ais/details/ships/mmsi:247384100","GRIMALDI TERMINAL BARCELONA SL","07:29","2026-02-07 06:29:00","2026-02-07","2026-02-07 12:12:00","Ro-Ro","13:12","ITSVN","20D","247384100","9859600","ESVLC","Finalitzada","238","Valencia","Savona","F","2-6","81520-1","2026-02-07","2026-02-07 07:29:00","Itàlia","GRIMALDI LOGISTICA ESPAÑA SL","ICIZ"
"2026","8156","IT","2026-02-07 18:17:00","ECO VALENCIA","7,2","34","https://www.marinetraffic.com/en/ais/details/ships/mmsi:247383300","GRIMALDI TERMINAL BARCELONA SL","14:30","2026-02-07 13:30:00","2026-02-07","2026-02-07 17:17:00","Ro-Ro","18:17","ESVLC","20D","247383300","9859533","ITSVN","Finalitzada","238","Savona","Valencia","F","2-6","81512-1","2026-02-07","2026-02-07 14:30:00","Itàlia","GRIMALDI LOGISTICA ESPAÑA SL","IBQD"
"2026","8156","IT","2026-02-09 11:50:00","ECO LIVORNO","7,2","","https://www.marinetraffic.com/en/ais/details/ships/mmsi:247383500","GRIMALDI TERMINAL BARCELONA SL","06:59","2026-02-09 05:59:00","2026-02-09","2026-02-09 10:50:00","Ro-Ro","11:50","ESVLC","20D","247383500","9859557","ITSVN","Finalitzada","238","Savona","Valencia","F","2-6","81518-1","2026-02-09","2026-02-09 06:59:00","Itàlia","GRIMALDI LOGISTICA ESPAÑA SL","IBZD"
"2026","8156","IT","2026-02-10 11:45:00","ECO VALENCIA","7,2","34","https://www.marinetraffic.com/en/ais/details/ships/mmsi:247383300","GRIMALDI TERMINAL BARCELONA SL","07:23","2026-02-10 06:23:00","2026-02-10","2026-02-10 10:45:00","Ro-Ro","11:45","ITLIV","20D","247383300","9859533","ESVLC","Finalitzada","238","Valencia","Livorno","F","2-6","81677-1","2026-02-10","2026-02-10 07:23:00","Itàlia","GRIMALDI LOGISTICA ESPAÑA SL","IBQD"
"2026","8156","IT","2026-02-11 08:37:00","ECO ADRIATICA","7,2","34","https://www.marinetraffic.com/en/ais/details/ships/mmsi:247384100","GRIMALDI TERMINAL BARCELONA SL","01:32","2026-02-11 00:32:00","2026-02-11","2026-02-11 07:37:00","Ro-Ro","08:37","ESVLC","20D","247384100","9859600","ITSVN","Finalitzada","238","Savona","Valencia","F","2-6","81682-1","2026-02-11","2026-02-11 01:32:00","Itàlia","GRIMALDI LOGISTICA ESPAÑA SL","ICIZ"
"2026","8156","IT","2026-02-11 14:40:00","ECO LIVORNO","7,2","","https://www.marinetraffic.com/en/ais/details/ships/mmsi:247383500","GRIMALDI TERMINAL BARCELONA SL","09:49","2026-02-11 08:49:00","2026-02-11","2026-02-11 13:40:00","Ro-Ro","14:40","ITSVN","20D","247383500","9859557","ESVLC","Finalitzada","238","Valencia","Savona","F","2-6","81675-1","2026-02-11","2026-02-11 09:49:00","Itàlia","GRIMALDI LOGISTICA ESPAÑA SL","IBZD"
"2026","8156","IT","2026-02-12 19:40:00","ECO SAVONA","7,2","","https://www.marinetraffic.com/en/ais/details/ships/mmsi:247383600","GRIMALDI TERMINAL BARCELONA SL","01:14","2026-02-12 00:14:00","2026-02-12","2026-02-12 18:40:00","Ro-Ro","19:40","ESVLC","20D","247383600","9859569","ITSVN","Finalitzada","238","Savona","Valencia","F","2-6","81687-1","2026-02-12","2026-02-12 01:14:00","Itàlia","GRIMALDI LOGISTICA ESPAÑA SL","IBZM"
"2026","8156","IT","2026-02-13 13:35:00","ECO VALENCIA","7,2","34","https://www.marinetraffic.com/en/ais/details/ships/mmsi:247383300","GRIMALDI TERMINAL BARCELONA SL","07:15","2026-02-13 06:15:00","2026-02-13","2026-02-13 12:35:00","Ro-Ro","13:35","ESVLC","20D","247383300","9859533","ITSVN","Finalitzada","238","Savona","Valencia","F","2-6","81679-1","2026-02-13","2026-02-13 07:15:00","Itàlia","GRIMALDI LOGISTICA ESPAÑA SL","IBQD"
"2026","8156","IT","2026-02-14 19:55:00","ECO SAVONA","7,2","","https://www.marinetraffic.com/en/ais/details/ships/mmsi:247383600","GRIMALDI TERMINAL BARCELONA SL","07:33","2026-02-14 06:33:00","2026-02-14","2026-02-14 18:55:00","Ro-Ro","19:55","ITSVN","20D","247383600","9859569","ESVLC","Finalitzada","238","Valencia","Savona","F","2-6","81688-1","2026-02-14","2026-02-14 07:33:00","Itàlia","GRIMALDI LOGISTICA ESPAÑA SL","IBZM"
"2026","8156","IT","2026-02-15 17:49:00","ECO LIVORNO","7,2","","https://www.marinetraffic.com/en/ais/details/ships/mmsi:247383500","GRIMALDI TERMINAL BARCELONA SL","07:05","2026-02-15 06:05:00","2026-02-15","2026-02-15 16:49:00","Ro-Ro","17:49","ESVLC","20D","247383500","9859557","ITSVN","Finalitzada","238","Savona","Valencia","F","2-6","81676-1","2026-02-15","2026-02-15 07:05:00","Itàlia","GRIMALDI LOGISTICA ESPAÑA SL","IBZD"
"2026","8156","IT","2026-02-16 12:02:00","ECO ADRIATICA","7,2","34","https://www.marinetraffic.com/en/ais/details/ships/mmsi:247384100","GRIMALDI TERMINAL BARCELONA SL","07:30","2026-02-16 06:30:00","2026-02-16","2026-02-16 11:02:00","Ro-Ro","12:02","ESVLC","20D","247384100","9859600","ITSVN","Finalitzada","238","Savona","Valencia","F","2-6","81685-1","2026-02-16","2026-02-16 07:30:00","Itàlia","GRIMALDI LOGISTICA ESPAÑA SL","ICIZ"
"2026","8156","IT","2026-02-17 11:50:00","ECO LIVORNO","7,2","","https://www.marinetraffic.com/en/ais/details/ships/mmsi:247383500","GRIMALDI TERMINAL BARCELONA SL","07:25","2026-02-17 06:25:00","2026-02-17","2026-02-17 10:50:00","Ro-Ro","11:50","ESVLC","20D","247383500","9859557","ITSVN","Finalitzada","238","Savona","Valencia","F","2-6","81904-1","2026-02-17","2026-02-17 07:25:00","Itàlia","GRIMALDI LOGISTICA ESPAÑA SL","IBZD"
"2026","8156","IT","2026-02-18 05:43:00","ECO SAVONA","7,2","34","https://www.marinetraffic.com/en/ais/details/ships/mmsi:247383600","GRIMALDI TERMINAL BARCELONA SL","02:21","2026-02-18 01:21:00","2026-02-18","2026-02-18 04:43:00","Ro-Ro","05:43","ESVLC","20D","247383600","9859569","ITSVN","Finalitzada","238","Savona","Valencia","F","2-6","81906-1","2026-02-18","2026-02-18 02:21:00","Itàlia","GRIMALDI LOGISTICA ESPAÑA SL","IBZM"
"2026","8156","IT","2026-02-18 14:15:00","ECO ADRIATICA","7,2","34","https://www.marinetraffic.com/en/ais/details/ships/mmsi:247384100","GRIMALDI TERMINAL BARCELONA SL","07:44","2026-02-18 06:44:00","2026-02-18","2026-02-18 13:15:00","Ro-Ro","14:15","ITSVN","20D","247384100","9859600","ESVLC","Finalitzada","238","Valencia","Savona","F","2-6","81902-1","2026-02-18","2026-02-18 07:44:00","Itàlia","GRIMALDI LOGISTICA ESPAÑA SL","ICIZ"
"2026","8156","IT","2026-02-19 06:36:00","ECO VALENCIA","7,2","34","https://www.marinetraffic.com/en/ais/details/ships/mmsi:247383300","GRIMALDI TERMINAL BARCELONA SL","02:35","2026-02-19 01:35:00","2026-02-19","2026-02-19 05:36:00","Ro-Ro","06:36","ESVLC","21A","247383300","9859533","ITSVN","Finalitzada","238","Savona","Valencia","F","4-8","81909-1","2026-02-19","2026-02-19 02:35:00","Itàlia","GRIMALDI LOGISTICA ESPAÑA SL","IBQD"
"2026","8156","IT","2026-02-19 20:56:00","ECO SAVONA","7,2","34","https://www.marinetraffic.com/en/ais/details/ships/mmsi:247383600","GRIMALDI TERMINAL BARCELONA SL","13:16","2026-02-19 12:16:00","2026-02-19","2026-02-19 19:56:00","Ro-Ro","20:56","ESVLC","20D","247383600","9859569","ITSVN","Finalitzada","238","Savona","Valencia","F","2-6","81907-1","2026-02-19","2026-02-19 13:16:00","Itàlia","GRIMALDI LOGISTICA ESPAÑA SL","IBZM"
"2026","8156","IT","2026-02-20 07:38:00","ECO LIVORNO","7,2","","https://www.marinetraffic.com/en/ais/details/ships/mmsi:247383500","GRIMALDI TERMINAL BARCELONA SL","02:47","2026-02-20 01:47:00","2026-02-20","2026-02-20 06:38:00","Ro-Ro","07:38","ESVLC","20D","247383500","9859557","ITSVN","Finalitzada","238","Savona","Valencia","F","2-6","81905-1","2026-02-20","2026-02-20 02:47:00","Itàlia","GRIMALDI LOGISTICA ESPAÑA SL","IBZD"
"2026","8156","IT","2026-02-21 14:51:00","ECO VALENCIA","7,2","34","https://www.marinetraffic.com/en/ais/details/ships/mmsi:247383300","GRIMALDI TERMINAL BARCELONA SL","07:18","2026-02-21 06:18:00","2026-02-21","2026-02-21 13:51:00","Ro-Ro","14:51","ITSVN","20D","247383300","9859533","ESVLC","Finalitzada","238","Valencia","Savona","F","2-6","81994-1","2026-02-21","2026-02-21 07:18:00","Itàlia","GRIMALDI LOGISTICA ESPAÑA SL","IBQD"
"2026","8156","IT","2026-02-22 11:29:00","ECO ADRIATICA","7,2","34","https://www.marinetraffic.com/en/ais/details/ships/mmsi:247384100","GRIMALDI TERMINAL BARCELONA SL","07:25","2026-02-22 06:25:00","2026-02-22","2026-02-22 10:29:00","Ro-Ro","11:29","ESVLC","20D","247384100","9859600","ITSVN","Finalitzada","238","Savona","Valencia","F","2-6","81903-1","2026-02-22","2026-02-22 07:25:00","Itàlia","GRIMALDI LOGISTICA ESPAÑA SL","ICIZ"
"2026","8156","IT","2026-02-23 13:20:00","ECO SAVONA","7,2","","https://www.marinetraffic.com/en/ais/details/ships/mmsi:247383600","GRIMALDI TERMINAL BARCELONA SL","07:23","2026-02-23 06:23:00","2026-02-23","2026-02-23 12:20:00","Ro-Ro","13:20","ESVLC","20D","247383600","9859569","ITSVN","Finalitzada","238","Savona","Valencia","F","2-6","81908-1","2026-02-23","2026-02-23 07:23:00","Itàlia","GRIMALDI LOGISTICA ESPAÑA SL","IBZM"
"2026","8156","IT","2026-02-24 11:43:00","ECO ADRIATICA","7,2","34","https://www.marinetraffic.com/en/ais/details/ships/mmsi:247384100","GRIMALDI TERMINAL BARCELONA SL","07:27","2026-02-24 06:27:00","2026-02-24","2026-02-24 10:43:00","Ro-Ro","11:43","ITLIV","20D","247384100","9859600","ESVLC","Finalitzada","238","Valencia","Livorno","F","2-6","82200-1","2026-02-24","2026-02-24 07:27:00","Itàlia","GRIMALDI LOGISTICA ESPAÑA SL","ICIZ"
"2026","8156","IT","2026-02-25 05:48:00","ECO VALENCIA","7,2","34","https://www.marinetraffic.com/en/ais/details/ships/mmsi:247383300","GRIMALDI TERMINAL BARCELONA SL","01:26","2026-02-25 00:26:00","2026-02-25","2026-02-25 04:48:00","Ro-Ro","05:48","ESVLC","20D","247383300","9859533","ITSVN","Finalitzada","238","Savona","Valencia","F","2-6","82202-1","2026-02-25","2026-02-25 01:26:00","Itàlia","GRIMALDI LOGISTICA ESPAÑA SL","IBQD"
"2026","8156","IT","2026-02-25 13:34:00","ECO SAVONA","7,2","","https://www.marinetraffic.com/en/ais/details/ships/mmsi:247383600","GRIMALDI TERMINAL BARCELONA SL","07:19","2026-02-25 06:19:00","2026-02-25","2026-02-25 12:34:00","Ro-Ro","13:34","ITSVN","20D","247383600","9859569","ESVLC","Finalitzada","238","Valencia","Savona","F","2-6","82198-1","2026-02-25","2026-02-25 07:19:00","Itàlia","GRIMALDI LOGISTICA ESPAÑA SL","IBZM"
"2026","8156","IT","2026-02-26 04:38:00","ECO LIVORNO","7,2","","https://www.marinetraffic.com/en/ais/details/ships/mmsi:247383500","GRIMALDI TERMINAL BARCELONA SL","01:44","2026-02-26 00:44:00","2026-02-26","2026-02-26 03:38:00","Ro-Ro","04:38","ESVLC","20D","247383500","9859557","ITSVN","Finalitzada","238","Savona","Valencia","F","2-6","82205-1","2026-02-26","2026-02-26 01:44:00","Itàlia","GRIMALDI LOGISTICA ESPAÑA SL","IBZD"
"2026","8156","IT","2026-02-26 20:12:00","ECO VALENCIA","7,2","34","https://www.marinetraffic.com/en/ais/details/ships/mmsi:247383300","GRIMALDI TERMINAL BARCELONA SL","11:59","2026-02-26 10:59:00","2026-02-26","2026-02-26 19:12:00","Ro-Ro","20:12","ITSVN","20D","247383300","9859533","ESVLC","Finalitzada","238","Valencia","Savona","F","2-6","82203-1","2026-02-26","2026-02-26 11:59:00","Itàlia","GRIMALDI LOGISTICA ESPAÑA SL","IBQD"
"2026","8156","IT","2026-02-27 06:07:00","ECO ADRIATICA","7,2","34","https://www.marinetraffic.com/en/ais/details/ships/mmsi:247384100","GRIMALDI TERMINAL BARCELONA SL","01:50","2026-02-27 00:50:00","2026-02-27","2026-02-27 05:07:00","Ro-Ro","06:07","ESVLC","20D","247384100","9859600","ITSVN","Finalitzada","238","Savona","Valencia","F","2-6","82201-1","2026-02-27","2026-02-27 01:50:00","Itàlia","GRIMALDI LOGISTICA ESPAÑA SL","ICIZ"
"2026","8156","IT","2026-02-28 14:03:00","ECO LIVORNO","7,2","","https://www.marinetraffic.com/en/ais/details/ships/mmsi:247383500","GRIMALDI TERMINAL BARCELONA SL","07:19","2026-02-28 06:19:00","2026-02-28","2026-02-28 13:03:00","Ro-Ro","14:03","ITSVN","20D","247383500","9859557","ESVLC","Finalitzada","238","Valencia","Savona","F","2-6","82206-1","2026-02-28","2026-02-28 07:19:00","Itàlia","GRIMALDI LOGISTICA ESPAÑA SL","IBZD"
"2026","8156","IT","2026-03-01 12:18:00","ECO SAVONA","7,2","","https://www.marinetraffic.com/en/ais/details/ships/mmsi:247383600","GRIMALDI TERMINAL BARCELONA SL","07:25","2026-03-01 06:25:00","2026-03-01","2026-03-01 11:18:00","Ro-Ro","12:18","ESVLC","20D","247383600","9859569","ITSVN","Finalitzada","238","Savona","Valencia","F","2-6","82199-1","2026-03-01","2026-03-01 07:25:00","Itàlia","GRIMALDI LOGISTICA ESPAÑA SL","IBZM"
"2026","8156","IT","2026-03-02 11:33:00","ECO VALENCIA","7,2","34","https://www.marinetraffic.com/en/ais/details/ships/mmsi:247383300","GRIMALDI TERMINAL BARCELONA SL","07:24","2026-03-02 06:24:00","2026-03-02","2026-03-02 10:33:00","Ro-Ro","11:33","ESVLC","20D","247383300","9859533","ITSVN","Finalitzada","238","Savona","Valencia","F","2-6","82204-1","2026-03-02","2026-03-02 07:24:00","Itàlia","GRIMALDI LOGISTICA ESPAÑA SL","IBQD"
"2026","8156","IT","2026-03-03 11:43:00","ECO SAVONA","7,2","","https://www.marinetraffic.com/en/ais/details/ships/mmsi:247383600","GRIMALDI TERMINAL BARCELONA SL","06:56","2026-03-03 05:56:00","2026-03-03","2026-03-03 10:43:00","Ro-Ro","11:43","ITLIV","20D","247383600","9859569","ESVLC","Finalitzada","238","Valencia","Livorno","F","2-6","82445-1","2026-03-03","2026-03-03 06:56:00","Itàlia","GRIMALDI LOGISTICA ESPAÑA SL","IBZM"
"2026","8156","IT","2026-03-04 05:14:00","ECO LIVORNO","7,2","","https://www.marinetraffic.com/en/ais/details/ships/mmsi:247383500","GRIMALDI TERMINAL BARCELONA SL","01:42","2026-03-04 00:42:00","2026-03-04","2026-03-04 04:14:00","Ro-Ro","05:14","ESVLC","20D","247383500","9859557","ITSVN","Finalitzada","238","Savona","Valencia","F","2-6","82447-1","2026-03-04","2026-03-04 01:42:00","Itàlia","GRIMALDI LOGISTICA ESPAÑA SL","IBZD"
"2026","8156","IT","2026-03-04 13:29:00","ECO VALENCIA","7,2","34","https://www.marinetraffic.com/en/ais/details/ships/mmsi:247383300","GRIMALDI TERMINAL BARCELONA SL","07:34","2026-03-04 06:34:00","2026-03-04","2026-03-04 12:29:00","Ro-Ro","13:29","ITSVN","21A","247383300","9859533","ESVLC","Finalitzada","238","Valencia","Savona","F","4-8","82443-1","2026-03-04","2026-03-04 07:34:00","Itàlia","GRIMALDI LOGISTICA ESPAÑA SL","IBQD"
"2026","8156","IT","2026-03-05 07:16:00","ECO ADRIATICA","7,2","34","https://www.marinetraffic.com/en/ais/details/ships/mmsi:247384100","GRIMALDI TERMINAL BARCELONA SL","02:30","2026-03-05 01:30:00","2026-03-05","2026-03-05 06:16:00","Ro-Ro","07:16","ESVLC","21A","247384100","9859600","ITSVN","Finalitzada","238","Savona","Valencia","F","4-8","82450-1","2026-03-05","2026-03-05 02:30:00","Itàlia","GRIMALDI LOGISTICA ESPAÑA SL","ICIZ"
"2026","8156","IT","2026-03-05 19:48:00","ECO LIVORNO","7,2","","https://www.marinetraffic.com/en/ais/details/ships/mmsi:247383500","GRIMALDI TERMINAL BARCELONA SL","12:58","2026-03-05 11:58:00","2026-03-05","2026-03-05 18:48:00","Ro-Ro","19:48","ITSVN","21A","247383500","9859557","ESVLC","Finalitzada","238","Valencia","Savona","F","4-8","82448-1","2026-03-05","2026-03-05 12:58:00","Itàlia","GRIMALDI LOGISTICA ESPAÑA SL","IBZD"
"2026","8156","IT","2026-03-06 14:46:00","ECO SAVONA","7,2","34","https://www.marinetraffic.com/en/ais/details/ships/mmsi:247383600","GRIMALDI TERMINAL BARCELONA SL","11:03","2026-03-06 10:03:00","2026-03-06","2026-03-06 13:46:00","Ro-Ro","14:46","ESVLC","21A","247383600","9859569","ITSVN","Finalitzada","238","Savona","Valencia","F","4-8","82446-1","2026-03-06","2026-03-06 11:03:00","Itàlia","GRIMALDI LOGISTICA ESPAÑA SL","IBZM"
"2026","8156","IT","2026-03-07 13:23:00","ECO ADRIATICA","7,2","","https://www.marinetraffic.com/en/ais/details/ships/mmsi:247384100","GRIMALDI TERMINAL BARCELONA SL","02:35","2026-03-07 01:35:00","2026-03-07","2026-03-07 12:23:00","Ro-Ro","13:23","ITSVN","21A","247384100","9859600","ESVLC","Finalitzada","238","Valencia","Savona","F","4-8","82451-1","2026-03-07","2026-03-07 02:35:00","Itàlia","GRIMALDI LOGISTICA ESPAÑA SL","ICIZ"
"2026","8156","IT","2026-03-07 19:31:00","ECO VALENCIA","7,2","34","https://www.marinetraffic.com/en/ais/details/ships/mmsi:247383300","GRIMALDI TERMINAL BARCELONA SL","14:47","2026-03-07 13:47:00","2026-03-07","2026-03-07 18:31:00","Ro-Ro","19:31","ESVLC","21A","247383300","9859533","ITSVN","Finalitzada","238","Savona","Valencia","F","4-8","82444-1","2026-03-07","2026-03-07 14:47:00","Itàlia","GRIMALDI LOGISTICA ESPAÑA SL","IBQD"
"2026","8156","IT","2026-03-09 13:22:00","ECO LIVORNO","7,2","34","https://www.marinetraffic.com/en/ais/details/ships/mmsi:247383500","GRIMALDI TERMINAL BARCELONA SL","06:57","2026-03-09 05:57:00","2026-03-09","2026-03-09 12:22:00","Ro-Ro","13:22","ESVLC","20A","247383500","9859557","ITSVN","Finalitzada","238","Savona","Valencia","F","2-6","82449-1","2026-03-09","2026-03-09 06:57:00","Itàlia","GRIMALDI LOGISTICA ESPAÑA SL","IBZD"
"2026","8156","IT","2026-03-10 11:54:00","ECO VALENCIA","7,2","34","https://www.marinetraffic.com/en/ais/details/ships/mmsi:247383300","GRIMALDI TERMINAL BARCELONA SL","07:44","2026-03-10 06:44:00","2026-03-10","2026-03-10 10:54:00","Ro-Ro","11:54","ITLIV","21A","247383300","9859533","ESVLC","Finalitzada","238","Valencia","Livorno","F","4-8","82588-1","2026-03-10","2026-03-10 07:44:00","Itàlia","GRIMALDI LOGISTICA ESPAÑA SL","IBQD"
"2026","8156","IT","2026-03-11 03:58:00","ECO ADRIATICA","7,2","34","https://www.marinetraffic.com/en/ais/details/ships/mmsi:247384100","GRIMALDI TERMINAL BARCELONA SL","01:45","2026-03-11 00:45:00","2026-03-11","2026-03-11 02:58:00","Ro-Ro","03:58","ESVLC","20D","247384100","9859600","ITSVN","Finalitzada","238","Savona","Valencia","F","2-6","82590-1","2026-03-11","2026-03-11 01:45:00","Itàlia","GRIMALDI LOGISTICA ESPAÑA SL","ICIZ"
"2026","8156","IT","2026-03-11 13:45:00","ECO LIVORNO","7,2","34","https://www.marinetraffic.com/en/ais/details/ships/mmsi:247383500","GRIMALDI TERMINAL BARCELONA SL","06:53","2026-03-11 05:53:00","2026-03-11","2026-03-11 12:45:00","Ro-Ro","13:45","ITSVN","20D","247383500","9859557","ESVLC","Finalitzada","238","Valencia","Savona","F","2-6","82586-1","2026-03-11","2026-03-11 06:53:00","Itàlia","GRIMALDI LOGISTICA ESPAÑA SL","IBZD"
"2026","8156","IT","2026-03-12 07:01:00","ECO SAVONA","7,2","34","https://www.marinetraffic.com/en/ais/details/ships/mmsi:247383600","GRIMALDI TERMINAL BARCELONA SL","02:41","2026-03-12 01:41:00","2026-03-12","2026-03-12 06:01:00","Ro-Ro","07:01","ESVLC","20D","247383600","9859569","ITSVN","Finalitzada","238","Savona","Valencia","F","2-6","82593-1","2026-03-12","2026-03-12 02:41:00","Itàlia","GRIMALDI LOGISTICA ESPAÑA SL","IBZM"
"2026","8156","IT","2026-03-12 19:54:00","ECO ADRIATICA","7,2","","https://www.marinetraffic.com/en/ais/details/ships/mmsi:247384100","GRIMALDI TERMINAL BARCELONA SL","14:29","2026-03-12 13:29:00","2026-03-12","2026-03-12 18:54:00","Ro-Ro","19:54","ITSVN","20D","247384100","9859600","ESVLC","Finalitzada","238","Valencia","Savona","F","2-6","82591-1","2026-03-12","2026-03-12 14:29:00","Itàlia","GRIMALDI LOGISTICA ESPAÑA SL","ICIZ"
"2026","8156","IT","2026-03-13 05:55:00","ECO VALENCIA","7,2","34","https://www.marinetraffic.com/en/ais/details/ships/mmsi:247383300","GRIMALDI TERMINAL BARCELONA SL","03:05","2026-03-13 02:05:00","2026-03-13","2026-03-13 04:55:00","Ro-Ro","05:55","ESVLC","20D","247383300","9859533","ITSVN","Finalitzada","238","Savona","Valencia","F","2-6","82589-1","2026-03-13","2026-03-13 03:05:00","Itàlia","GRIMALDI LOGISTICA ESPAÑA SL","IBQD"
"2026","8156","IT","2026-03-14 14:08:00","ECO SAVONA","7,2","","https://www.marinetraffic.com/en/ais/details/ships/mmsi:247383600","GRIMALDI TERMINAL BARCELONA SL","08:22","2026-03-14 07:22:00","2026-03-14","2026-03-14 13:08:00","Ro-Ro","14:08","ITSVN","20D","247383600","9859569","ESPMI","Finalitzada","238","Palma de Mallorca","Savona","F","2-6","82594-1","2026-03-14","2026-03-14 08:22:00","Itàlia","GRIMALDI LOGISTICA ESPAÑA SL","IBZM"
"2026","8156","IT","2026-03-15 11:49:00","ECO LIVORNO","7,2","","https://www.marinetraffic.com/en/ais/details/ships/mmsi:247383500","GRIMALDI TERMINAL BARCELONA SL","02:45","2026-03-15 01:45:00","2026-03-15","2026-03-15 10:49:00","Ro-Ro","11:49","ESVLC","20D","247383500","9859557","ITSVN","Finalitzada","238","Savona","Valencia","F","2-6","82587-1","2026-03-15","2026-03-15 02:45:00","Itàlia","GRIMALDI LOGISTICA ESPAÑA SL","IBZD"
"2026","8156","IT","2026-03-16 16:05:00","ECO ADRIATICA","7,2","","https://www.marinetraffic.com/en/ais/details/ships/mmsi:247384100","GRIMALDI TERMINAL BARCELONA SL","07:34","2026-03-16 06:34:00","2026-03-16","2026-03-16 15:05:00","Ro-Ro","16:05","ESVLC","20D","247384100","9859600","ITSVN","Finalitzada","238","Savona","Valencia","F","2-6","82592-1","2026-03-16","2026-03-16 07:34:00","Itàlia","GRIMALDI LOGISTICA ESPAÑA SL","ICIZ"
"2026","8156","IT","2026-03-17 11:23:00","ECO LIVORNO","7,2","","https://www.marinetraffic.com/en/ais/details/ships/mmsi:247383500","GRIMALDI TERMINAL BARCELONA SL","07:17","2026-03-17 06:17:00","2026-03-17","2026-03-17 10:23:00","Ro-Ro","11:23","ITLIV","20D","247383500","9859557","ESVLC","Finalitzada","238","Valencia","Livorno","F","2-6","82735-1","2026-03-17","2026-03-17 07:17:00","Itàlia","GRIMALDI LOGISTICA ESPAÑA SL","IBZD"
"2026","8156","IT","2026-03-18 05:59:00","ECO SAVONA","7,2","","https://www.marinetraffic.com/en/ais/details/ships/mmsi:247383600","GRIMALDI TERMINAL BARCELONA SL","03:07","2026-03-18 02:07:00","2026-03-18","2026-03-18 04:59:00","Ro-Ro","05:59","ESVLC","20D","247383600","9859569","ITSVN","Finalitzada","238","Savona","Valencia","F","2-6","82737-1","2026-03-18","2026-03-18 03:07:00","Itàlia","GRIMALDI LOGISTICA ESPAÑA SL","IBZM"
"2026","8156","IT","2026-03-18 12:45:00","ECO ADRIATICA","7,2","","https://www.marinetraffic.com/en/ais/details/ships/mmsi:247384100","GRIMALDI TERMINAL BARCELONA SL","07:28","2026-03-18 06:28:00","2026-03-18","2026-03-18 11:45:00","Ro-Ro","12:45","ITSVN","20D","247384100","9859600","ESVLC","Finalitzada","238","Valencia","Savona","F","2-6","82733-1","2026-03-18","2026-03-18 07:28:00","Itàlia","GRIMALDI LOGISTICA ESPAÑA SL","ICIZ"
"2026","8192","BE","2026-01-17 00:15:00","GREEN ZEEBRUGGE","4,8","","https://www.marinetraffic.com/en/ais/details/ships/mmsi:205703000","ENAGAS TRANSPORTE SAU","04:54","2026-01-16 03:54:00","2026-01-16","2026-01-16 23:15:00","Petroliers","00:15","ITGOA","32H","205703000","9750024","ITGOA","Finalitzada","107,6","Genoa","Genoa","F","1","81074-1","2026-01-17","2026-01-16 04:54:00","Bèlgica","ERHARDT SHIPPING SERVICES SL","ONIT"
"2026","8192","BE","2026-02-14 22:29:00","GREEN ZEEBRUGGE","4,8","","https://www.marinetraffic.com/en/ais/details/ships/mmsi:205703000","ENAGAS TRANSPORTE SAU","09:21","2026-02-14 08:21:00","2026-02-14","2026-02-14 21:29:00","Petroliers","22:29","ITGOA","32H","205703000","9750024","ITGOA","Finalitzada","107,6","Genoa","Genoa","F","1","81753-1","2026-02-14","2026-02-14 09:21:00","Bèlgica","ERHARDT SHIPPING SERVICES SL","ONIT"
"2026","8192","BM","2026-02-07 11:54:00","GASLOG GEORGETOWN","12","","https://www.marinetraffic.com/en/ais/details/ships/mmsi:310800000","ENAGAS TRANSPORTE SAU","09:17","2026-02-06 08:17:00","2026-02-06","2026-02-07 10:54:00","Petroliers","11:54","USNSS","33C","310800000","9864916","USCRP","Finalitzada","293,16","Corpus Christi","Sabine Pass                        ","F","1","81408-1","2026-02-07","2026-02-06 09:17:00","Bermuda","TRANSPORTES CONSIGNACION MARITIMAS SA","ZCEZ2"
"2026","8192","BS","2026-01-28 05:56:00","GEORGIY USHAKOV","13","","https://www.marinetraffic.com/en/ais/details/ships/mmsi:311000633","ENAGAS TRANSPORTE SAU","20:42","2026-01-26 19:42:00","2026-01-26","2026-01-28 04:56:00","Petroliers","05:56","ZZZZZ","33C","311000633","9750749","RUSAB","Finalitzada","299","Sabetta","Desconegut","F","1","81306-1","2026-01-28","2026-01-26 20:42:00","Bahames","NEXT MARITIME SL","C6DB9"
"2026","8192","DZ","2026-03-08 16:39:00","TESSALA","12,62","","https://www.marinetraffic.com/en/ais/details/ships/mmsi:605076060","ENAGAS TRANSPORTE SAU","15:03","2026-03-07 14:03:00","2026-03-07","2026-03-08 15:39:00","Petroliers","16:39","DZAZW","33C","605076060","9761243","DZBTA","Finalitzada","291,4","Bethoula","Arzew","F","1","82566-1","2026-03-08","2026-03-07 15:03:00","Algèria","NEXT MARITIME SL","7TGI"
"2026","8192","FR","2026-01-31 16:25:00","RAVENNA KNUTSEN","8,42","","https://www.marinetraffic.com/en/ais/details/ships/mmsi:228440900","ENAGAS TRANSPORTE SAU","04:53","2026-01-30 03:53:00","2026-01-30","2026-01-31 15:25:00","Petroliers","16:25","ITRAN","32H","228440900","9874040","ITRAN","Finalitzada","180,04","Ravenna","Ravenna","F","1","81323-1","2026-01-31","2026-01-30 04:53:00","França","IBERICA MARITIMA BARCELONA SA","FMVF"
"2026","8192","FR","2026-03-06 21:26:00","RAVENNA KNUTSEN","8,42","","https://www.marinetraffic.com/en/ais/details/ships/mmsi:228440900","ENAGAS TRANSPORTE SAU","05:13","2026-03-03 04:13:00","2026-03-03","2026-03-06 20:26:00","Petroliers","21:26","ITRAN","32H","228440900","9874040","ITTRS","Finalitzada","180,04","Trieste","Ravenna","F","1","82441-1","2026-03-06","2026-03-03 05:13:00","França","IBERICA MARITIMA BARCELONA SA","FMVF"
"2026","8192","HK","2026-01-31 18:09:00","KUNLUN","12,52","","https://www.marinetraffic.com/en/ais/details/ships/mmsi:477885400","ENAGAS TRANSPORTE SAU","10:43","2026-01-30 09:43:00","2026-01-30","2026-01-31 17:09:00","Petroliers","18:09","GQPET","33C","477885400","9915911","USMSY","Finalitzada","295","New Orleans","Punta Europa Terminal","F","1","81346-1","2026-01-31","2026-01-30 10:43:00","Hong Kong","MH BLAND SL","VRUU7"
"2026","8192","MH","2026-01-14 16:20:00","FLEX RAINBOW","12,02","","https://www.marinetraffic.com/en/ais/details/ships/mmsi:538007620","ENAGAS TRANSPORTE SAU","03:53","2026-01-13 02:53:00","2026-01-13","2026-01-14 15:20:00","Petroliers","16:20","FRLAV","33C","538007620","9709037","USSAB","Finalitzada","293,2","Sabine","Lavera","F","1","80962-1","2026-01-14","2026-01-13 03:53:00","Illes Marshall","ERHARDT SHIPPING SERVICES SL","V7HJ7"
"2026","8192","MH","2026-03-12 23:10:00","FLEX RAINBOW","12,02","","https://www.marinetraffic.com/en/ais/details/ships/mmsi:538007620","ENAGAS TRANSPORTE SAU","09:45","2026-03-12 08:45:00","2026-03-12","2026-03-12 22:10:00","Petroliers","23:10","ESALG","33C","538007620","9709037","EGSUZ","Finalitzada","293,2","El Suweis (= Suez)","Algeciras","F","1","82665-1","2026-03-12","2026-03-12 09:45:00","Illes Marshall","INCHCAPE SHIPPING SERVICIOS ESPAÑA SA","V7HJ7"
"2026","8192","MT","2026-01-30 02:16:00","COOL DISCOVERER","12,5","","https://www.marinetraffic.com/en/ais/details/ships/mmsi:215567000","ENAGAS TRANSPORTE SAU","02:12","2026-01-29 01:12:00","2026-01-29","2026-01-30 01:16:00","Petroliers","02:16","USCRP","33C","215567000","9861031","USCRP","Finalitzada","299","Corpus Christi","Corpus Christi","F","1","81334-1","2026-01-30","2026-01-29 02:12:00","Malta","BERGE MARITIMA SL","9HA5183"
"2026","8192","MT","2026-02-24 20:05:00","COOL VOYAGER","12,15","","https://www.marinetraffic.com/en/ais/details/ships/mmsi:229553000","ENAGAS TRANSPORTE SAU","14:50","2026-02-23 13:50:00","2026-02-23","2026-02-24 19:05:00","Petroliers","20:05","ZZZZZ","33C","229553000","9636785","USFPO","Finalitzada","280,57","Freeport (c)","Desconegut","F","1","82145-1","2026-02-24","2026-02-23 14:50:00","Malta","IBERICA MARITIMA BARCELONA SA","9HA3401"
"2026","8192","MT","2026-03-12 04:07:00","LEVANTE LNG","7,3","22,3","https://www.marinetraffic.com/en/ais/details/ships/mmsi:256536000","ENAGAS TRANSPORTE SAU","13:19","2026-03-11 12:19:00","2026-03-11","2026-03-12 03:07:00","Tancs","04:07","GIGIB","33C","256536000","9942524","GIGIB","Finalitzada","133","Gibraltar","Gibraltar","F","1","82602-1","2026-03-12","2026-03-11 13:19:00","Malta","ERHARDT SHIPPING SERVICES SL","9HA5876"
"2026","A","BS","2026-03-05 19:27:00","SILVER MUSE","7","27","https://www.marinetraffic.com/en/ais/details/ships/mmsi:311000637","ADOSSAT/TERMINAL A","06:44","2026-03-05 05:44:00","2026-03-05","2026-03-05 18:27:00","Passatge","19:27","ESVLC","01D","311000637","9784350","ESPAL","Finalitzada","213","Palamos","Valencia","F","32-36","81353-1","2026-03-05","2026-03-05 06:44:00","Bahames","INTERCRUISES PORT OPERATIONS SPAIN SLU","C6DC5"
"2026","C","BS","2026-03-12 18:16:00","NORWEGIAN LUNA","8,7","40,5","https://www.marinetraffic.com/en/ais/details/ships/mmsi:311001781","ADOSSAT/TERMINAL C","21:09","2026-03-11 20:09:00","2026-03-11","2026-03-12 17:16:00","Passatge","18:16","GIGIB","01D","311001781","9824019","ITCVV","Finalitzada","321,74","Civitavecchia","Gibraltar","F","17-23","81354-1","2026-03-12","2026-03-11 21:09:00","Bahames","INTERCRUISES PORT OPERATIONS SPAIN SLU","C6IV3"
"2026","E","GB","2026-03-01 17:02:00","SAPPHIRE PRINCESS","8,55","","https://www.marinetraffic.com/en/ais/details/ships/mmsi:310867000","ADOSSAT/TERMINAL E","05:48","2026-03-01 04:48:00","2026-03-01","2026-03-01 16:02:00","Passatge","17:02","GIGIB","01D","310867000","9228186","GIGIB","Finalitzada","290","Gibraltar","Gibraltar","F","2-7","80780-1","2026-03-01","2026-03-01 05:48:00","Regne Unit","OCEAN PORTS & SHIPPING SL","ZCHI4"
"2026","F1","CY","2026-01-02 15:27:00","MARGARITA SALAS","3,15","28","https://www.marinetraffic.com/en/ais/details/ships/mmsi:210012000","TERMINAL F1","13:35","2026-01-02 12:35:00","2026-01-02","2026-01-02 14:27:00","Transbordadors","15:27","ESALD","01C","210012000","9969730","ESALD","Finalitzada","123,3","Alcudia","Alcudia","F","21-23","80682-1","2026-01-02","2026-01-02 13:35:00","Xipre","BALEARIA EUROLINEAS MARITIMAS SA ","5BJM6"
"2026","F1","CY","2026-01-02 22:18:00","KERRY","6,53","","https://www.marinetraffic.com/en/ais/details/ships/mmsi:210772000","TERMINAL F1","19:22","2026-01-02 18:22:00","2026-01-02","2026-01-02 21:18:00","Transbordadors","22:18","ESPMI","01C","210772000","9243447","ESPMI","Finalitzada","186,5","Palma de Mallorca","Palma de Mallorca","F","20-23","80685-1","2026-01-02","2026-01-02 19:22:00","Xipre","BALEARIA EUROLINEAS MARITIMAS SA ","5BZF3"
"2026","F1","CY","2026-01-03 15:38:00","MARGARITA SALAS","3,15","","https://www.marinetraffic.com/en/ais/details/ships/mmsi:210012000","TERMINAL F1","13:27","2026-01-03 12:27:00","2026-01-03","2026-01-03 14:38:00","Transbordadors","15:38","ESALD","01C","210012000","9969730","ESALD","Finalitzada","123,3","Alcudia","Alcudia","F","21-23","80721-1","2026-01-03","2026-01-03 13:27:00","Xipre","BALEARIA EUROLINEAS MARITIMAS SA ","5BJM6"
"2026","F1","CY","2026-01-03 22:05:00","KERRY","6,53","","https://www.marinetraffic.com/en/ais/details/ships/mmsi:210772000","TERMINAL F1","19:51","2026-01-03 18:51:00","2026-01-03","2026-01-03 21:05:00","Transbordadors","22:05","ESPMI","01C","210772000","9243447","ESPMI","Finalitzada","186,5","Palma de Mallorca","Palma de Mallorca","F","20-23","80739-1","2026-01-03","2026-01-03 19:51:00","Xipre","BALEARIA EUROLINEAS MARITIMAS SA ","5BZF3"
"2026","F1","CY","2026-01-04 15:38:00","MARGARITA SALAS","3,15","28","https://www.marinetraffic.com/en/ais/details/ships/mmsi:210012000","TERMINAL F1","13:52","2026-01-04 12:52:00","2026-01-04","2026-01-04 14:38:00","Transbordadors","15:38","ESALD","01C","210012000","9969730","ESALD","Finalitzada","123,3","Alcudia","Alcudia","F","21-23","80724-1","2026-01-04","2026-01-04 13:52:00","Xipre","BALEARIA EUROLINEAS MARITIMAS SA ","5BJM6"
"2026","F1","CY","2026-01-04 22:38:00","KERRY","6,53","","https://www.marinetraffic.com/en/ais/details/ships/mmsi:210772000","TERMINAL F1","19:21","2026-01-04 18:21:00","2026-01-04","2026-01-04 21:38:00","Transbordadors","22:38","ESPMI","01C","210772000","9243447","ESPMI","Finalitzada","186,5","Palma de Mallorca","Palma de Mallorca","F","20-23","80740-1","2026-01-04","2026-01-04 19:21:00","Xipre","BALEARIA EUROLINEAS MARITIMAS SA ","5BZF3"
"2026","F1","CY","2026-01-05 22:28:00","KERRY","6,53","","https://www.marinetraffic.com/en/ais/details/ships/mmsi:210772000","TERMINAL F1","19:23","2026-01-05 18:23:00","2026-01-05","2026-01-05 21:28:00","Transbordadors","22:28","ESPMI","01C","210772000","9243447","ESPMI","Finalitzada","186,5","Palma de Mallorca","Palma de Mallorca","F","13-16","80741-1","2026-01-05","2026-01-05 19:23:00","Xipre","BALEARIA EUROLINEAS MARITIMAS SA ","5BZF3"
"2026","F1","CY","2026-01-06 22:18:00","KERRY","6,53","","https://www.marinetraffic.com/en/ais/details/ships/mmsi:210772000","TERMINAL F1","19:21","2026-01-06 18:21:00","2026-01-06","2026-01-06 21:18:00","Transbordadors","22:18","ESPMI","01C","210772000","9243447","ESPMI","Finalitzada","186,5","Palma de Mallorca","Palma de Mallorca","F","20-23","80748-1","2026-01-06","2026-01-06 19:21:00","Xipre","BALEARIA EUROLINEAS MARITIMAS SA ","5BZF3"
"2026","F1","CY","2026-01-07 15:30:00","MARGARITA SALAS","3,15","28","https://www.marinetraffic.com/en/ais/details/ships/mmsi:210012000","TERMINAL F1","13:41","2026-01-07 12:41:00","2026-01-07","2026-01-07 14:30:00","Transbordadors","15:30","ESALD","01D","210012000","9969730","ESALD","Finalitzada","123,3","Alcudia","Alcudia","F","1-3","80728-1","2026-01-07","2026-01-07 13:41:00","Xipre","BALEARIA EUROLINEAS MARITIMAS SA ","5BJM6"
"2026","F1","CY","2026-01-07 22:38:00","HYPATIA DE ALEJANDRIA","6,79","25,6","https://www.marinetraffic.com/en/ais/details/ships/mmsi:209462000","TERMINAL F1","19:06","2026-01-07 18:06:00","2026-01-07","2026-01-07 21:38:00","Transbordadors","22:38","ESPMI","01C","209462000","9498755","ESPMI","Finalitzada","186,6","Palma de Mallorca","Palma de Mallorca","F","13-16","80745-1","2026-01-07","2026-01-07 19:06:00","Xipre","BALEARIA EUROLINEAS MARITIMAS SA ","5BDE5"
"2026","F1","CY","2026-01-08 15:32:00","MARGARITA SALAS","3,15","28","https://www.marinetraffic.com/en/ais/details/ships/mmsi:210012000","TERMINAL F1","13:26","2026-01-08 12:26:00","2026-01-08","2026-01-08 14:32:00","Transbordadors","15:32","ESALD","01D","210012000","9969730","ESALD","Finalitzada","123,3","Alcudia","Alcudia","F","1-3","80730-1","2026-01-08","2026-01-08 13:26:00","Xipre","BALEARIA EUROLINEAS MARITIMAS SA ","5BJM6"
"2026","F1","CY","2026-01-08 22:26:00","HYPATIA DE ALEJANDRIA","6,79","25,6","https://www.marinetraffic.com/en/ais/details/ships/mmsi:209462000","TERMINAL F1","19:12","2026-01-08 18:12:00","2026-01-08","2026-01-08 21:26:00","Transbordadors","22:26","ESPMI","01C","209462000","9498755","ESPMI","Finalitzada","186,6","Palma de Mallorca","Palma de Mallorca","F","13-16","80746-1","2026-01-08","2026-01-08 19:12:00","Xipre","BALEARIA EUROLINEAS MARITIMAS SA ","5BDE5"
"2026","F1","CY","2026-01-09 22:49:00","KERRY","6,53","","https://www.marinetraffic.com/en/ais/details/ships/mmsi:210772000","TERMINAL F1","19:30","2026-01-09 18:30:00","2026-01-09","2026-01-09 21:49:00","Transbordadors","22:49","ESPMI","01D","210772000","9243447","ESPMI","Finalitzada","186,5","Palma de Mallorca","Palma de Mallorca","F","1-4","80747-1","2026-01-09","2026-01-09 19:30:00","Xipre","BALEARIA EUROLINEAS MARITIMAS SA ","5BZF3"
"2026","F1","CY","2026-01-10 22:23:00","KERRY","6,53","","https://www.marinetraffic.com/en/ais/details/ships/mmsi:210772000","TERMINAL F1","19:46","2026-01-10 18:46:00","2026-01-10","2026-01-10 21:23:00","Transbordadors","22:23","ESALD","01D","210772000","9243447","ESPMI","Finalitzada","186,5","Palma de Mallorca","Alcudia","F","1-4","80742-1","2026-01-10","2026-01-10 19:46:00","Xipre","BALEARIA EUROLINEAS MARITIMAS SA ","5BZF3"
"2026","F1","CY","2026-01-11 15:31:00","CECILIA PAYNE","3,39","24","https://www.marinetraffic.com/en/ais/details/ships/mmsi:209122000","TERMINAL F1","11:57","2026-01-11 10:57:00","2026-01-11","2026-01-11 14:31:00","Transbordadors","15:31","ESALD","01D","209122000","9188881","ESQIU","Finalitzada","86,6","Ciudadela","Alcudia","F","1-2","80854-1","2026-01-11","2026-01-11 11:57:00","Xipre","BALEARIA EUROLINEAS MARITIMAS SA ","C4HR2"
"2026","F1","CY","2026-01-12 15:35:00","CECILIA PAYNE","3,39","","https://www.marinetraffic.com/en/ais/details/ships/mmsi:209122000","TERMINAL F1","13:53","2026-01-12 12:53:00","2026-01-12","2026-01-12 14:35:00","Transbordadors","15:35","ESALD","01C","209122000","9188881","ESALD","Finalitzada","86,6","Alcudia","Alcudia","F","15-16","80864-1","2026-01-12","2026-01-12 13:53:00","Xipre","BALEARIA EUROLINEAS MARITIMAS SA ","C4HR2"
"2026","F1","CY","2026-01-12 22:33:00","KERRY","6,53","","https://www.marinetraffic.com/en/ais/details/ships/mmsi:210772000","TERMINAL F1","19:17","2026-01-12 18:17:00","2026-01-12","2026-01-12 21:33:00","Transbordadors","22:33","ESPMI","01C","210772000","9243447","ESPMI","Finalitzada","186,5","Palma de Mallorca","Palma de Mallorca","F","13-16","80743-1","2026-01-12","2026-01-12 19:17:00","Xipre","BALEARIA EUROLINEAS MARITIMAS SA ","5BZF3"
"2026","F1","CY","2026-01-13 22:39:00","HYPATIA DE ALEJANDRIA","6,79","25,6","https://www.marinetraffic.com/en/ais/details/ships/mmsi:209462000","TERMINAL F1","19:18","2026-01-13 18:18:00","2026-01-13","2026-01-13 21:39:00","Transbordadors","22:39","ESPMI","01C","209462000","9498755","ESPMI","Finalitzada","186,6","Palma de Mallorca","Palma de Mallorca","F","13-16","80810-1","2026-01-13","2026-01-13 19:18:00","Xipre","BALEARIA EUROLINEAS MARITIMAS SA ","5BDE5"
"2026","F1","CY","2026-01-14 22:28:00","HYPATIA DE ALEJANDRIA","6,79","25,6","https://www.marinetraffic.com/en/ais/details/ships/mmsi:209462000","TERMINAL F1","19:14","2026-01-14 18:14:00","2026-01-14","2026-01-14 21:28:00","Transbordadors","22:28","ESPMI","01D","209462000","9498755","ESPMI","Finalitzada","186,6","Palma de Mallorca","Palma de Mallorca","F","1-4","80811-1","2026-01-14","2026-01-14 19:14:00","Xipre","BALEARIA EUROLINEAS MARITIMAS SA ","5BDE5"
"2026","F1","CY","2026-01-15 15:37:00","CECILIA PAYNE","3,39","","https://www.marinetraffic.com/en/ais/details/ships/mmsi:209122000","TERMINAL F1","13:31","2026-01-15 12:31:00","2026-01-15","2026-01-15 14:37:00","Transbordadors","15:37","ESALD","01D","209122000","9188881","ESALD","Finalitzada","86,6","Alcudia","Alcudia","F","1-2","80880-1","2026-01-15","2026-01-15 13:31:00","Xipre","BALEARIA EUROLINEAS MARITIMAS SA ","C4HR2"
"2026","F1","CY","2026-01-15 22:33:00","HYPATIA DE ALEJANDRIA","6,79","25,6","https://www.marinetraffic.com/en/ais/details/ships/mmsi:209462000","TERMINAL F1","19:14","2026-01-15 18:14:00","2026-01-15","2026-01-15 21:33:00","Transbordadors","22:33","ESPMI","01C","209462000","9498755","ESPMI","Finalitzada","186,6","Palma de Mallorca","Palma de Mallorca","F","13-16","80812-1","2026-01-15","2026-01-15 19:14:00","Xipre","BALEARIA EUROLINEAS MARITIMAS SA ","5BDE5"
"2026","F1","CY","2026-01-16 15:34:00","CECILIA PAYNE","3,39","","https://www.marinetraffic.com/en/ais/details/ships/mmsi:209122000","TERMINAL F1","14:00","2026-01-16 13:00:00","2026-01-16","2026-01-16 14:34:00","Transbordadors","15:34","ESALD","01C","209122000","9188881","ESALD","Finalitzada","86,6","Alcudia","Alcudia","F","15-16","80881-1","2026-01-16","2026-01-16 14:00:00","Xipre","BALEARIA EUROLINEAS MARITIMAS SA ","C4HR2"
"2026","F1","CY","2026-01-16 22:27:00","HYPATIA DE ALEJANDRIA","6,79","25,6","https://www.marinetraffic.com/en/ais/details/ships/mmsi:209462000","TERMINAL F1","19:22","2026-01-16 18:22:00","2026-01-16","2026-01-16 21:27:00","Transbordadors","22:27","ESPMI","01D","209462000","9498755","ESPMI","Finalitzada","186,6","Palma de Mallorca","Palma de Mallorca","F","1-4","81087-1","2026-01-16","2026-01-16 19:22:00","Xipre","BALEARIA EUROLINEAS MARITIMAS SA ","5BDE5"
"2026","F1","CY","2026-01-17 15:26:00","CECILIA PAYNE","3,39","","https://www.marinetraffic.com/en/ais/details/ships/mmsi:209122000","TERMINAL F1","13:36","2026-01-17 12:36:00","2026-01-17","2026-01-17 14:26:00","Transbordadors","15:26","ESALD","01D","209122000","9188881","ESALD","Finalitzada","86,6","Alcudia","Alcudia","F","1-2","80882-1","2026-01-17","2026-01-17 13:36:00","Xipre","BALEARIA EUROLINEAS MARITIMAS SA ","C4HR2"
"2026","F1","CY","2026-01-18 15:26:00","CECILIA PAYNE","3,39","","https://www.marinetraffic.com/en/ais/details/ships/mmsi:209122000","TERMINAL F1","13:30","2026-01-18 12:30:00","2026-01-18","2026-01-18 14:26:00","Transbordadors","15:26","ESALD","01D","209122000","9188881","ESALD","Finalitzada","86,6","Alcudia","Alcudia","F","1-2","80883-1","2026-01-18","2026-01-18 13:30:00","Xipre","BALEARIA EUROLINEAS MARITIMAS SA ","C4HR2"
"2026","F1","CY","2026-01-18 22:26:00","KERRY","6,53","","https://www.marinetraffic.com/en/ais/details/ships/mmsi:210772000","TERMINAL F1","19:44","2026-01-17 18:44:00","2026-01-17","2026-01-18 21:26:00","Transbordadors","22:26","ESPMI","01C","210772000","9243447","ESPMI","Finalitzada","186,5","Palma de Mallorca","Palma de Mallorca","F","13-16","80813-1","2026-01-18","2026-01-17 19:44:00","Xipre","BALEARIA EUROLINEAS MARITIMAS SA ","5BZF3"
"2026","F1","CY","2026-01-20 19:09:00","HYPATIA DE ALEJANDRIA","6,79","25,6","https://www.marinetraffic.com/en/ais/details/ships/mmsi:209462000","TERMINAL F1","19:55","2026-01-19 18:55:00","2026-01-19","2026-01-20 18:09:00","Transbordadors","19:09","ESPMI","01D","209462000","9498755","ESPMI","Finalitzada","186,6","Palma de Mallorca","Palma de Mallorca","F","1-4","80977-1","2026-01-20","2026-01-19 19:55:00","Xipre","BALEARIA EUROLINEAS MARITIMAS SA ","5BDE5"
"2026","F1","CY","2026-01-21 15:38:00","GOLDEN BRIDGE","6,92","24,8","https://www.marinetraffic.com/en/ais/details/ships/mmsi:209410000","TERMINAL F1","14:15","2026-01-19 13:15:00","2026-01-19","2026-01-21 14:38:00","Transbordadors","15:38","ESMAH","01D","209410000","8902345","ESIBZ","Finalitzada","186,5","Ibiza","Mahon Menorca","F","18-21","80939-4","2026-01-21","2026-01-19 14:15:00","Xipre","TRANSCOMA BALEARES SA","5BCJ5"
"2026","F1","CY","2026-01-21 23:15:00","HYPATIA DE ALEJANDRIA","6,79","25,6","https://www.marinetraffic.com/en/ais/details/ships/mmsi:209462000","TERMINAL F1","19:09","2026-01-21 18:09:00","2026-01-21","2026-01-21 22:15:00","Transbordadors","23:15","ESPMI","01D","209462000","9498755","ESPMI","Finalitzada","186,6","Palma de Mallorca","Palma de Mallorca","F","1-4","81035-1","2026-01-21","2026-01-21 19:09:00","Xipre","BALEARIA EUROLINEAS MARITIMAS SA ","5BDE5"
"2026","F1","CY","2026-01-22 15:37:00","CECILIA PAYNE","3,39","","https://www.marinetraffic.com/en/ais/details/ships/mmsi:209122000","TERMINAL F1","13:50","2026-01-22 12:50:00","2026-01-22","2026-01-22 14:37:00","Transbordadors","15:37","ESALD","01D","209122000","9188881","ESQIU","Finalitzada","86,6","Ciudadela","Alcudia","F","1-2","81039-1","2026-01-22","2026-01-22 13:50:00","Xipre","BALEARIA EUROLINEAS MARITIMAS SA ","C4HR2"
"2026","F1","CY","2026-01-22 23:14:00","HYPATIA DE ALEJANDRIA","6,79","25,6","https://www.marinetraffic.com/en/ais/details/ships/mmsi:209462000","TERMINAL F1","19:18","2026-01-22 18:18:00","2026-01-22","2026-01-22 22:14:00","Transbordadors","23:14","ESPMI","01C","209462000","9498755","ESPMI","Finalitzada","186,6","Palma de Mallorca","Palma de Mallorca","F","13-16","81036-1","2026-01-22","2026-01-22 19:18:00","Xipre","BALEARIA EUROLINEAS MARITIMAS SA ","5BDE5"
"2026","F1","CY","2026-01-23 15:26:00","CECILIA PAYNE","3,39","","https://www.marinetraffic.com/en/ais/details/ships/mmsi:209122000","TERMINAL F1","13:54","2026-01-23 12:54:00","2026-01-23","2026-01-23 14:26:00","Transbordadors","15:26","ESALD","01D","209122000","9188881","ESALD","Finalitzada","86,6","Alcudia","Alcudia","F","1-2","80823-1","2026-01-23","2026-01-23 13:54:00","Xipre","BALEARIA EUROLINEAS MARITIMAS SA ","C4HR2"
"2026","F1","CY","2026-01-23 23:12:00","HYPATIA DE ALEJANDRIA","6,79","25,6","https://www.marinetraffic.com/en/ais/details/ships/mmsi:209462000","TERMINAL F1","19:46","2026-01-23 18:46:00","2026-01-23","2026-01-23 22:12:00","Transbordadors","23:12","ESPMI","01D","209462000","9498755","ESPMI","Finalitzada","186,6","Palma de Mallorca","Palma de Mallorca","F","1-4","81037-1","2026-01-23","2026-01-23 19:46:00","Xipre","BALEARIA EUROLINEAS MARITIMAS SA ","5BDE5"
"2026","F1","CY","2026-01-24 22:25:00","KERRY","6,53","","https://www.marinetraffic.com/en/ais/details/ships/mmsi:210772000","TERMINAL F1","20:38","2026-01-24 19:38:00","2026-01-24","2026-01-24 21:25:00","Transbordadors","22:25","ESALD","01C","210772000","9243447","ESPMI","Finalitzada","186,5","Palma de Mallorca","Alcudia","F","13-16","80814-1","2026-01-24","2026-01-24 20:38:00","Xipre","BALEARIA EUROLINEAS MARITIMAS SA ","5BZF3"
"2026","F1","CY","2026-01-25 22:17:00","KERRY","6,53","","https://www.marinetraffic.com/en/ais/details/ships/mmsi:210772000","TERMINAL F1","13:52","2026-01-25 12:52:00","2026-01-25","2026-01-25 21:17:00","Transbordadors","22:17","ESPMI","01C","210772000","9243447","ESALD","Finalitzada","186,5","Alcudia","Palma de Mallorca","F","13-16","81304-1","2026-01-25","2026-01-25 13:52:00","Xipre","BALEARIA EUROLINEAS MARITIMAS SA ","5BZF3"
"2026","F1","CY","2026-01-26 22:42:00","HYPATIA DE ALEJANDRIA","6,79","","https://www.marinetraffic.com/en/ais/details/ships/mmsi:209462000","TERMINAL F1","19:14","2026-01-26 18:14:00","2026-01-26","2026-01-26 21:42:00","Transbordadors","22:42","ESPMI","01C","209462000","9498755","ESPMI","Finalitzada","186,6","Palma de Mallorca","Palma de Mallorca","F","13-16","81260-1","2026-01-26","2026-01-26 19:14:00","Xipre","BALEARIA EUROLINEAS MARITIMAS SA ","5BDE5"
"2026","F1","CY","2026-01-27 22:52:00","HYPATIA DE ALEJANDRIA","6,79","","https://www.marinetraffic.com/en/ais/details/ships/mmsi:209462000","TERMINAL F1","19:18","2026-01-27 18:18:00","2026-01-27","2026-01-27 21:52:00","Transbordadors","22:52","ESPMI","01C","209462000","9498755","ESPMI","Finalitzada","186,6","Palma de Mallorca","Palma de Mallorca","F","13-16","81034-1","2026-01-27","2026-01-27 19:18:00","Xipre","BALEARIA EUROLINEAS MARITIMAS SA ","5BDE5"
"2026","F1","CY","2026-01-28 23:00:00","HYPATIA DE ALEJANDRIA","6,79","","https://www.marinetraffic.com/en/ais/details/ships/mmsi:209462000","TERMINAL F1","19:25","2026-01-28 18:25:00","2026-01-28","2026-01-28 22:00:00","Transbordadors","23:00","ESPMI","01D","209462000","9498755","ESPMI","Finalitzada","186,6","Palma de Mallorca","Palma de Mallorca","F","1-4","81219-1","2026-01-28","2026-01-28 19:25:00","Xipre","BALEARIA EUROLINEAS MARITIMAS SA ","5BDE5"
"2026","F1","CY","2026-01-29 15:34:00","CECILIA PAYNE","3,39","","https://www.marinetraffic.com/en/ais/details/ships/mmsi:209122000","TERMINAL F1","13:24","2026-01-29 12:24:00","2026-01-29","2026-01-29 14:34:00","Transbordadors","15:34","ESALD","01D","209122000","9188881","ESALD","Finalitzada","86,6","Alcudia","Alcudia","F","1-2","81220-1","2026-01-29","2026-01-29 13:24:00","Xipre","BALEARIA EUROLINEAS MARITIMAS SA ","C4HR2"
"2026","F1","CY","2026-01-30 15:31:00","CECILIA PAYNE","3,39","","https://www.marinetraffic.com/en/ais/details/ships/mmsi:209122000","TERMINAL F1","13:50","2026-01-30 12:50:00","2026-01-30","2026-01-30 14:31:00","Transbordadors","15:31","ESALD","01D","209122000","9188881","ESALD","Finalitzada","86,6","Alcudia","Alcudia","F","1-2","81224-1","2026-01-30","2026-01-30 13:50:00","Xipre","BALEARIA EUROLINEAS MARITIMAS SA ","C4HR2"
"2026","F1","CY","2026-01-30 22:38:00","HYPATIA DE ALEJANDRIA","6,79","","https://www.marinetraffic.com/en/ais/details/ships/mmsi:209462000","TERMINAL F1","19:18","2026-01-30 18:18:00","2026-01-30","2026-01-30 21:38:00","Transbordadors","22:38","ESPMI","01D","209462000","9498755","ESPMI","Finalitzada","186,6","Palma de Mallorca","Palma de Mallorca","F","1-4","81231-1","2026-01-30","2026-01-30 19:18:00","Xipre","BALEARIA EUROLINEAS MARITIMAS SA ","5BDE5"
"2026","F1","CY","2026-02-01 11:46:00","KERRY","6,53","","https://www.marinetraffic.com/en/ais/details/ships/mmsi:210772000","TERMINAL F1","20:41","2026-01-31 19:41:00","2026-01-31","2026-02-01 10:46:00","Transbordadors","11:46","ESPMI","01D","210772000","9243447","ESPMI","Finalitzada","186,5","Palma de Mallorca","Palma de Mallorca","F","1-4","81033-1","2026-02-01","2026-01-31 20:41:00","Xipre","BALEARIA EUROLINEAS MARITIMAS SA ","5BZF3"
"2026","F1","CY","2026-02-01 15:29:00","CECILIA PAYNE","3,39","","https://www.marinetraffic.com/en/ais/details/ships/mmsi:209122000","TERMINAL F1","11:39","2026-02-01 10:39:00","2026-02-01","2026-02-01 14:29:00","Transbordadors","15:29","ESALD","01D","209122000","9188881","ESALD","Finalitzada","86,6","Alcudia","Alcudia","F","1-2","81226-1","2026-02-01","2026-02-01 11:39:00","Xipre","BALEARIA EUROLINEAS MARITIMAS SA ","C4HR2"
"2026","F1","CY","2026-02-01 22:18:00","KERRY","6,53","","https://www.marinetraffic.com/en/ais/details/ships/mmsi:210772000","TERMINAL F1","16:20","2026-02-01 15:20:00","2026-02-01","2026-02-01 21:18:00","Transbordadors","22:18","ESPMI","01D","210772000","9243447","ESPMI","Finalitzada","186,5","Palma de Mallorca","Palma de Mallorca","F","1-4","81033-3","2026-02-01","2026-02-01 16:20:00","Xipre","BALEARIA EUROLINEAS MARITIMAS SA ","5BZF3"
"2026","F1","CY","2026-02-02 15:29:00","CECILIA PAYNE","3,39","","https://www.marinetraffic.com/en/ais/details/ships/mmsi:209122000","TERMINAL F1","13:13","2026-02-02 12:13:00","2026-02-02","2026-02-02 14:29:00","Transbordadors","15:29","ESALD","01C","209122000","9188881","ESALD","Finalitzada","86,6","Alcudia","Alcudia","F","15-16","81228-1","2026-02-02","2026-02-02 13:13:00","Xipre","BALEARIA EUROLINEAS MARITIMAS SA ","C4HR2"
"2026","F1","CY","2026-02-02 22:43:00","HYPATIA DE ALEJANDRIA","6,79","","https://www.marinetraffic.com/en/ais/details/ships/mmsi:209462000","TERMINAL F1","19:11","2026-02-02 18:11:00","2026-02-02","2026-02-02 21:43:00","Transbordadors","22:43","ESPMI","01D","209462000","9498755","ESPMI","Finalitzada","186,6","Palma de Mallorca","Palma de Mallorca","F","1-4","81345-1","2026-02-02","2026-02-02 19:11:00","Xipre","BALEARIA EUROLINEAS MARITIMAS SA ","5BDE5"
"2026","F1","CY","2026-02-03 22:48:00","HYPATIA DE ALEJANDRIA","6,79","","https://www.marinetraffic.com/en/ais/details/ships/mmsi:209462000","TERMINAL F1","19:26","2026-02-03 18:26:00","2026-02-03","2026-02-03 21:48:00","Transbordadors","22:48","ESPMI","01C","209462000","9498755","ESPMI","Finalitzada","186,6","Palma de Mallorca","Palma de Mallorca","F","13-16","81332-1","2026-02-03","2026-02-03 19:26:00","Xipre","BALEARIA EUROLINEAS MARITIMAS SA ","5BDE5"
"2026","F1","CY","2026-02-04 22:40:00","KERRY","6,53","","https://www.marinetraffic.com/en/ais/details/ships/mmsi:210772000","TERMINAL F1","19:18","2026-02-04 18:18:00","2026-02-04","2026-02-04 21:40:00","Transbordadors","22:40","ESPMI","01C","210772000","9243447","ESPMI","Finalitzada","186,5","Palma de Mallorca","Palma de Mallorca","F","13-16","81576-1","2026-02-04","2026-02-04 19:18:00","Xipre","BALEARIA EUROLINEAS MARITIMAS SA ","5BZF3"
"2026","F1","CY","2026-02-05 22:37:00","KERRY","6,53","","https://www.marinetraffic.com/en/ais/details/ships/mmsi:210772000","TERMINAL F1","19:16","2026-02-05 18:16:00","2026-02-05","2026-02-05 21:37:00","Transbordadors","22:37","ESPMI","01C","210772000","9243447","ESPMI","Finalitzada","186,5","Palma de Mallorca","Palma de Mallorca","F","13-16","81577-1","2026-02-05","2026-02-05 19:16:00","Xipre","BALEARIA EUROLINEAS MARITIMAS SA ","5BZF3"
"2026","F1","CY","2026-02-06 15:41:00","CECILIA PAYNE","3,39","","https://www.marinetraffic.com/en/ais/details/ships/mmsi:209122000","TERMINAL F1","13:59","2026-02-06 12:59:00","2026-02-06","2026-02-06 14:41:00","Transbordadors","15:41","ESALD","01D","209122000","9188881","ESALD","Finalitzada","86,6","Alcudia","Alcudia","F","1-2","81445-1","2026-02-06","2026-02-06 13:59:00","Xipre","BALEARIA EUROLINEAS MARITIMAS SA ","C4HR2"
"2026","F1","CY","2026-02-06 22:40:00","KERRY","6,53","","https://www.marinetraffic.com/en/ais/details/ships/mmsi:210772000","TERMINAL F1","19:53","2026-02-06 18:53:00","2026-02-06","2026-02-06 21:40:00","Transbordadors","22:40","ESPMI","01D","210772000","9243447","ESPMI","Finalitzada","186,5","Palma de Mallorca","Palma de Mallorca","F","1-4","80815-1","2026-02-06","2026-02-06 19:53:00","Xipre","BALEARIA EUROLINEAS MARITIMAS SA ","5BZF3"
"2026","F1","CY","2026-02-07 15:35:00","CECILIA PAYNE","3,39","","https://www.marinetraffic.com/en/ais/details/ships/mmsi:209122000","TERMINAL F1","14:11","2026-02-07 13:11:00","2026-02-07","2026-02-07 14:35:00","Transbordadors","15:35","ESALD","01D","209122000","9188881","ESALD","Finalitzada","86,6","Alcudia","Alcudia","F","1-2","81446-1","2026-02-07","2026-02-07 14:11:00","Xipre","BALEARIA EUROLINEAS MARITIMAS SA ","C4HR2"
"2026","F1","CY","2026-02-08 15:32:00","CECILIA PAYNE","3,39","","https://www.marinetraffic.com/en/ais/details/ships/mmsi:209122000","TERMINAL F1","13:48","2026-02-08 12:48:00","2026-02-08","2026-02-08 14:32:00","Transbordadors","15:32","ESALD","01C","209122000","9188881","ESALD","Finalitzada","86,6","Alcudia","Alcudia","F","15-16","81447-1","2026-02-08","2026-02-08 13:48:00","Xipre","BALEARIA EUROLINEAS MARITIMAS SA ","C4HR2"
"2026","F1","CY","2026-02-09 15:29:00","CECILIA PAYNE","3,39","","https://www.marinetraffic.com/en/ais/details/ships/mmsi:209122000","TERMINAL F1","13:21","2026-02-09 12:21:00","2026-02-09","2026-02-09 14:29:00","Transbordadors","15:29","ESALD","01C","209122000","9188881","ESALD","Finalitzada","86,6","Alcudia","Alcudia","F","15-16","81500-1","2026-02-09","2026-02-09 13:21:00","Xipre","BALEARIA EUROLINEAS MARITIMAS SA ","C4HR2"
"2026","F1","CY","2026-02-09 22:55:00","KERRY","6,53","","https://www.marinetraffic.com/en/ais/details/ships/mmsi:210772000","TERMINAL F1","19:49","2026-02-09 18:49:00","2026-02-09","2026-02-09 21:55:00","Transbordadors","22:55","ESPMI","01C","210772000","9243447","ESPMI","Finalitzada","186,5","Palma de Mallorca","Palma de Mallorca","F","13-16","81441-1","2026-02-09","2026-02-09 19:49:00","Xipre","BALEARIA EUROLINEAS MARITIMAS SA ","5BZF3"
"2026","F1","CY","2026-02-13 00:23:00","HYPATIA DE ALEJANDRIA","6,79","","https://www.marinetraffic.com/en/ais/details/ships/mmsi:209462000","TERMINAL F1","20:45","2026-02-12 19:45:00","2026-02-12","2026-02-12 23:23:00","Transbordadors","00:23","ESPMI","01C","209462000","9498755","ESPMI","Finalitzada","186,6","Palma de Mallorca","Palma de Mallorca","F","13-16","81437-1","2026-02-13","2026-02-12 20:45:00","Xipre","BALEARIA EUROLINEAS MARITIMAS SA ","5BDE5"
"2026","F1","CY","2026-02-13 22:41:00","KERRY","6,53","","https://www.marinetraffic.com/en/ais/details/ships/mmsi:210772000","TERMINAL F1","19:23","2026-02-13 18:23:00","2026-02-13","2026-02-13 21:41:00","Transbordadors","22:41","ESPMI","01D","210772000","9243447","ESPMI","Finalitzada","186,5","Palma de Mallorca","Palma de Mallorca","F","1-4","81439-1","2026-02-13","2026-02-13 19:23:00","Xipre","BALEARIA EUROLINEAS MARITIMAS SA ","5BZF3"
"2026","F1","CY","2026-02-16 06:08:00","KERRY","6,53","","https://www.marinetraffic.com/en/ais/details/ships/mmsi:210772000","TERMINAL F1","19:51","2026-02-14 18:51:00","2026-02-14","2026-02-16 05:08:00","Transbordadors","06:08","DZALG","01D","210772000","9243447","ESPMI","Finalitzada","186,5","Palma de Mallorca","Alger (Algiers)","F","1-4","81686-1","2026-02-16","2026-02-14 19:51:00","Xipre","BALEARIA EUROLINEAS MARITIMAS SA ","5BZF3"
"2026","F1","CY","2026-02-16 15:30:00","CECILIA PAYNE","3,39","","https://www.marinetraffic.com/en/ais/details/ships/mmsi:209122000","TERMINAL F1","14:06","2026-02-16 13:06:00","2026-02-16","2026-02-16 14:30:00","Transbordadors","15:30","ESALD","01C","209122000","9188881","ESALD","Finalitzada","86,6","Alcudia","Alcudia","F","15-16","81624-1","2026-02-16","2026-02-16 14:06:00","Xipre","BALEARIA EUROLINEAS MARITIMAS SA ","C4HR2"
"2026","F1","CY","2026-02-19 23:44:00","HYPATIA DE ALEJANDRIA","6,79","25,6","https://www.marinetraffic.com/en/ais/details/ships/mmsi:209462000","TERMINAL F1","19:26","2026-02-19 18:26:00","2026-02-19","2026-02-19 22:44:00","Transbordadors","23:44","ESPMI","01D","209462000","9498755","ESPMI","Finalitzada","186,6","Palma de Mallorca","Palma de Mallorca","F","1-4","81770-1","2026-02-19","2026-02-19 19:26:00","Xipre","BALEARIA EUROLINEAS MARITIMAS SA ","5BDE5"
"2026","F1","CY","2026-02-20 15:31:00","MARGARITA SALAS","3,15","28","https://www.marinetraffic.com/en/ais/details/ships/mmsi:210012000","TERMINAL F1","13:27","2026-02-20 12:27:00","2026-02-20","2026-02-20 14:31:00","Transbordadors","15:31","ESALD","01D","210012000","9969730","ESALD","Finalitzada","123,3","Alcudia","Alcudia","F","1-3","81756-1","2026-02-20","2026-02-20 13:27:00","Xipre","BALEARIA EUROLINEAS MARITIMAS SA ","5BJM6"
"2026","F1","CY","2026-02-20 22:48:00","KERRY","6,53","","https://www.marinetraffic.com/en/ais/details/ships/mmsi:210772000","TERMINAL F1","19:29","2026-02-20 18:29:00","2026-02-20","2026-02-20 21:48:00","Transbordadors","22:48","ESPMI","01C","210772000","9243447","ESPMI","Finalitzada","186,5","Palma de Mallorca","Palma de Mallorca","F","13-16","81767-1","2026-02-20","2026-02-20 19:29:00","Xipre","BALEARIA EUROLINEAS MARITIMAS SA ","5BZF3"
"2026","F1","CY","2026-02-21 15:28:00","MARGARITA SALAS","3,15","28","https://www.marinetraffic.com/en/ais/details/ships/mmsi:210012000","TERMINAL F1","13:25","2026-02-21 12:25:00","2026-02-21","2026-02-21 14:28:00","Transbordadors","15:28","ESALD","01D","210012000","9969730","ESALD","Finalitzada","123,3","Alcudia","Alcudia","F","1-3","81757-1","2026-02-21","2026-02-21 13:25:00","Xipre","BALEARIA EUROLINEAS MARITIMAS SA ","5BJM6"
"2026","F1","CY","2026-02-22 13:24:00","KERRY","6,53","","https://www.marinetraffic.com/en/ais/details/ships/mmsi:210772000","TERMINAL F1","19:59","2026-02-21 18:59:00","2026-02-21","2026-02-22 12:24:00","Transbordadors","13:24","ESPMI","01D","210772000","9243447","ESPMI","Finalitzada","186,5","Palma de Mallorca","Palma de Mallorca","F","1-4","81768-1","2026-02-22","2026-02-21 19:59:00","Xipre","BALEARIA EUROLINEAS MARITIMAS SA ","5BZF3"
"2026","F1","CY","2026-02-22 15:38:00","MARGARITA SALAS","3,15","28","https://www.marinetraffic.com/en/ais/details/ships/mmsi:210012000","TERMINAL F1","13:14","2026-02-22 12:14:00","2026-02-22","2026-02-22 14:38:00","Transbordadors","15:38","ESALD","01D","210012000","9969730","ESALD","Finalitzada","123,3","Alcudia","Alcudia","F","1-3","81758-1","2026-02-22","2026-02-22 13:14:00","Xipre","BALEARIA EUROLINEAS MARITIMAS SA ","5BJM6"
"2026","F1","CY","2026-02-22 22:18:00","KERRY","6,53","","https://www.marinetraffic.com/en/ais/details/ships/mmsi:210772000","TERMINAL F1","16:23","2026-02-22 15:23:00","2026-02-22","2026-02-22 21:18:00","Transbordadors","22:18","ESPMI","01D","210772000","9243447","ESPMI","Finalitzada","186,5","Palma de Mallorca","Palma de Mallorca","F","1-4","81768-3","2026-02-22","2026-02-22 16:23:00","Xipre","BALEARIA EUROLINEAS MARITIMAS SA ","5BZF3"
"2026","F1","CY","2026-02-23 15:34:00","MARGARITA SALAS","3,15","28","https://www.marinetraffic.com/en/ais/details/ships/mmsi:210012000","TERMINAL F1","13:09","2026-02-23 12:09:00","2026-02-23","2026-02-23 14:34:00","Transbordadors","15:34","ESALD","01C","210012000","9969730","ESALD","Finalitzada","123,3","Alcudia","Alcudia","F","14-16","81759-1","2026-02-23","2026-02-23 13:09:00","Xipre","BALEARIA EUROLINEAS MARITIMAS SA ","5BJM6"
"2026","F1","CY","2026-02-23 21:23:00","KERRY","6,53","","https://www.marinetraffic.com/en/ais/details/ships/mmsi:210772000","TERMINAL F1","19:21","2026-02-23 18:21:00","2026-02-23","2026-02-23 20:23:00","Transbordadors","21:23","ESVLC","01D","210772000","9243447","ESPMI","Finalitzada","186,5","Palma de Mallorca","Valencia","F","1-4","81769-1","2026-02-23","2026-02-23 19:21:00","Xipre","BALEARIA EUROLINEAS MARITIMAS SA ","5BZF3"
"2026","F1","CY","2026-02-25 15:29:00","MARGARITA SALAS","3,15","28","https://www.marinetraffic.com/en/ais/details/ships/mmsi:210012000","TERMINAL F1","13:13","2026-02-25 12:13:00","2026-02-25","2026-02-25 14:29:00","Transbordadors","15:29","ESALD","01D","210012000","9969730","ESALD","Finalitzada","123,3","Alcudia","Alcudia","F","1-3","82372-1","2026-02-25","2026-02-25 13:13:00","Xipre","BALEARIA EUROLINEAS MARITIMAS SA ","5BJM6"
"2026","F1","CY","2026-02-26 15:27:00","MARGARITA SALAS","3,15","28","https://www.marinetraffic.com/en/ais/details/ships/mmsi:210012000","TERMINAL F1","13:21","2026-02-26 12:21:00","2026-02-26","2026-02-26 14:27:00","Transbordadors","15:27","ESALD","01D","210012000","9969730","ESALD","Finalitzada","123,3","Alcudia","Alcudia","F","1-3","82225-1","2026-02-26","2026-02-26 13:21:00","Xipre","BALEARIA EUROLINEAS MARITIMAS SA ","5BJM6"
"2026","F1","CY","2026-02-26 22:39:00","HYPATIA DE ALEJANDRIA","6,79","","https://www.marinetraffic.com/en/ais/details/ships/mmsi:209462000","TERMINAL F1","19:00","2026-02-26 18:00:00","2026-02-26","2026-02-26 21:39:00","Transbordadors","22:39","ESPMI","01C","209462000","9498755","ESPMI","Finalitzada","186,6","Palma de Mallorca","Palma de Mallorca","F","13-16","82227-1","2026-02-26","2026-02-26 19:00:00","Xipre","BALEARIA EUROLINEAS MARITIMAS SA ","5BDE5"
"2026","F1","CY","2026-02-27 15:29:00","MARGARITA SALAS","3,15","28","https://www.marinetraffic.com/en/ais/details/ships/mmsi:210012000","TERMINAL F1","13:22","2026-02-27 12:22:00","2026-02-27","2026-02-27 14:29:00","Transbordadors","15:29","ESALD","01D","210012000","9969730","ESALD","Finalitzada","123,3","Alcudia","Alcudia","F","1-3","81448-1","2026-02-27","2026-02-27 13:22:00","Xipre","BALEARIA EUROLINEAS MARITIMAS SA ","5BJM6"
"2026","F1","CY","2026-02-28 15:30:00","MARGARITA SALAS","3,15","","https://www.marinetraffic.com/en/ais/details/ships/mmsi:210012000","TERMINAL F1","13:29","2026-02-28 12:29:00","2026-02-28","2026-02-28 14:30:00","Transbordadors","15:30","ESALD","01D","210012000","9969730","ESALD","Finalitzada","123,3","Alcudia","Alcudia","F","1-3","82232-1","2026-02-28","2026-02-28 13:29:00","Xipre","BALEARIA EUROLINEAS MARITIMAS SA ","5BJM6"
"2026","F1","CY","2026-03-01 15:43:00","MARGARITA SALAS","3,15","","https://www.marinetraffic.com/en/ais/details/ships/mmsi:210012000","TERMINAL F1","13:19","2026-03-01 12:19:00","2026-03-01","2026-03-01 14:43:00","Transbordadors","15:43","ESALD","01C","210012000","9969730","ESALD","Finalitzada","123,3","Alcudia","Alcudia","F","14-16","82233-1","2026-03-01","2026-03-01 13:19:00","Xipre","BALEARIA EUROLINEAS MARITIMAS SA ","5BJM6"
"2026","F1","CY","2026-03-01 22:29:00","HYPATIA DE ALEJANDRIA","6,79","","https://www.marinetraffic.com/en/ais/details/ships/mmsi:209462000","TERMINAL F1","17:51","2026-03-01 16:51:00","2026-03-01","2026-03-01 21:29:00","Transbordadors","22:29","ESPMI","01D","209462000","9498755","ESVLC","Finalitzada","186,6","Valencia","Palma de Mallorca","F","1-4","82231-1","2026-03-01","2026-03-01 17:51:00","Xipre","BALEARIA EUROLINEAS MARITIMAS SA ","5BDE5"
"2026","F1","CY","2026-03-02 15:29:00","MARGARITA SALAS","3,15","","https://www.marinetraffic.com/en/ais/details/ships/mmsi:210012000","TERMINAL F1","13:04","2026-03-02 12:04:00","2026-03-02","2026-03-02 14:29:00","Transbordadors","15:29","ESALD","01C","210012000","9969730","ESALD","Finalitzada","123,3","Alcudia","Alcudia","F","14-16","82234-1","2026-03-02","2026-03-02 13:04:00","Xipre","BALEARIA EUROLINEAS MARITIMAS SA ","5BJM6"
"2026","F1","CY","2026-03-02 23:19:00","HYPATIA DE ALEJANDRIA","6,79","","https://www.marinetraffic.com/en/ais/details/ships/mmsi:209462000","TERMINAL F1","19:36","2026-03-02 18:36:00","2026-03-02","2026-03-02 22:19:00","Transbordadors","23:19","ESPMI","01D","209462000","9498755","ESPMI","Finalitzada","186,6","Palma de Mallorca","Palma de Mallorca","F","1-4","82270-1","2026-03-02","2026-03-02 19:36:00","Xipre","BALEARIA EUROLINEAS MARITIMAS SA ","5BDE5"
"2026","F1","CY","2026-03-03 15:44:00","MARGARITA SALAS","3,15","","https://www.marinetraffic.com/en/ais/details/ships/mmsi:210012000","TERMINAL F1","13:19","2026-03-03 12:19:00","2026-03-03","2026-03-03 14:44:00","Transbordadors","15:44","ESALD","01C","210012000","9969730","ESALD","Finalitzada","123,3","Alcudia","Alcudia","F","14-16","82386-1","2026-03-03","2026-03-03 13:19:00","Xipre","BALEARIA EUROLINEAS MARITIMAS SA ","5BJM6"
"2026","F1","CY","2026-03-03 23:19:00","HYPATIA DE ALEJANDRIA","6,79","","https://www.marinetraffic.com/en/ais/details/ships/mmsi:209462000","TERMINAL F1","19:10","2026-03-03 18:10:00","2026-03-03","2026-03-03 22:19:00","Transbordadors","23:19","ESPMI","01C","209462000","9498755","ESPMI","Finalitzada","186,6","Palma de Mallorca","Palma de Mallorca","F","13-16","82271-1","2026-03-03","2026-03-03 19:10:00","Xipre","BALEARIA EUROLINEAS MARITIMAS SA ","5BDE5"
"2026","F1","CY","2026-03-04 22:59:00","HYPATIA DE ALEJANDRIA","6,79","","https://www.marinetraffic.com/en/ais/details/ships/mmsi:209462000","TERMINAL F1","19:07","2026-03-04 18:07:00","2026-03-04","2026-03-04 21:59:00","Transbordadors","22:59","ESVLC","01D","209462000","9498755","ESPMI","Finalitzada","186,6","Palma de Mallorca","Valencia","F","1-4","82454-1","2026-03-04","2026-03-04 19:07:00","Xipre","BALEARIA EUROLINEAS MARITIMAS SA ","5BDE5"
"2026","F1","CY","2026-03-05 15:34:00","MARGARITA SALAS","3,15","28","https://www.marinetraffic.com/en/ais/details/ships/mmsi:210012000","TERMINAL F1","13:28","2026-03-05 12:28:00","2026-03-05","2026-03-05 14:34:00","Transbordadors","15:34","ESALD","01D","210012000","9969730","ESALD","Finalitzada","123,3","Alcudia","Alcudia","F","1-3","82456-1","2026-03-05","2026-03-05 13:28:00","Xipre","BALEARIA EUROLINEAS MARITIMAS SA ","5BJM6"
"2026","F1","CY","2026-03-06 15:37:00","MARGARITA SALAS","3,15","","https://www.marinetraffic.com/en/ais/details/ships/mmsi:210012000","TERMINAL F1","13:37","2026-03-06 12:37:00","2026-03-06","2026-03-06 14:37:00","Transbordadors","15:37","ESALD","01D","210012000","9969730","ESALD","Finalitzada","123,3","Alcudia","Alcudia","F","1-3","82459-1","2026-03-06","2026-03-06 13:37:00","Xipre","BALEARIA EUROLINEAS MARITIMAS SA ","5BJM6"
"2026","F1","CY","2026-03-07 15:37:00","MARGARITA SALAS","3,15","","https://www.marinetraffic.com/en/ais/details/ships/mmsi:210012000","TERMINAL F1","13:25","2026-03-07 12:25:00","2026-03-07","2026-03-07 14:37:00","Transbordadors","15:37","ESALD","01D","210012000","9969730","ESALD","Finalitzada","123,3","Alcudia","Alcudia","F","1-3","82462-1","2026-03-07","2026-03-07 13:25:00","Xipre","BALEARIA EUROLINEAS MARITIMAS SA ","5BJM6"
"2026","F1","CY","2026-03-08 15:39:00","MARGARITA SALAS","3,15","","https://www.marinetraffic.com/en/ais/details/ships/mmsi:210012000","TERMINAL F1","13:19","2026-03-08 12:19:00","2026-03-08","2026-03-08 14:39:00","Transbordadors","15:39","ESALD","01C","210012000","9969730","ESALD","Finalitzada","123,3","Alcudia","Alcudia","F","14-16","82465-1","2026-03-08","2026-03-08 13:19:00","Xipre","BALEARIA EUROLINEAS MARITIMAS SA ","5BJM6"
"2026","F1","CY","2026-03-09 15:30:00","MARGARITA SALAS","3,15","","https://www.marinetraffic.com/en/ais/details/ships/mmsi:210012000","TERMINAL F1","13:05","2026-03-09 12:05:00","2026-03-09","2026-03-09 14:30:00","Transbordadors","15:30","ESALD","01C","210012000","9969730","ESALD","Finalitzada","123,3","Alcudia","Alcudia","F","14-16","82466-1","2026-03-09","2026-03-09 13:05:00","Xipre","BALEARIA EUROLINEAS MARITIMAS SA ","5BJM6"
"2026","F1","CY","2026-03-12 15:40:00","MARGARITA SALAS","3,15","","https://www.marinetraffic.com/en/ais/details/ships/mmsi:210012000","TERMINAL F1","13:09","2026-03-12 12:09:00","2026-03-12","2026-03-12 14:40:00","Transbordadors","15:40","ESALD","01D","210012000","9969730","ESALD","Finalitzada","123,3","Alcudia","Alcudia","F","1-3","82532-1","2026-03-12","2026-03-12 13:09:00","Xipre","BALEARIA EUROLINEAS MARITIMAS SA ","5BJM6"
"2026","F1","CY","2026-03-12 22:54:00","KERRY","6,53","","https://www.marinetraffic.com/en/ais/details/ships/mmsi:210772000","TERMINAL F1","19:17","2026-03-12 18:17:00","2026-03-12","2026-03-12 21:54:00","Transbordadors","22:54","ESPMI","01D","210772000","9243447","ESPMI","Finalitzada","186,5","Palma de Mallorca","Palma de Mallorca","F","1-4","82539-1","2026-03-12","2026-03-12 19:17:00","Xipre","BALEARIA EUROLINEAS MARITIMAS SA ","5BZF3"
"2026","F1","CY","2026-03-13 15:30:00","MARGARITA SALAS","3,15","","https://www.marinetraffic.com/en/ais/details/ships/mmsi:210012000","TERMINAL F1","13:09","2026-03-13 12:09:00","2026-03-13","2026-03-13 14:30:00","Transbordadors","15:30","ESALD","01D","210012000","9969730","ESALD","Finalitzada","123,3","Alcudia","Alcudia","F","1-3","82531-1","2026-03-13","2026-03-13 13:09:00","Xipre","BALEARIA EUROLINEAS MARITIMAS SA ","5BJM6"
"2026","F1","CY","2026-03-14 15:30:00","MARGARITA SALAS","3,15","","https://www.marinetraffic.com/en/ais/details/ships/mmsi:210012000","TERMINAL F1","13:20","2026-03-14 12:20:00","2026-03-14","2026-03-14 14:30:00","Transbordadors","15:30","ESALD","01D","210012000","9969730","ESALD","Finalitzada","123,3","Alcudia","Alcudia","F","1-3","82533-1","2026-03-14","2026-03-14 13:20:00","Xipre","BALEARIA EUROLINEAS MARITIMAS SA ","5BJM6"
"2026","F1","CY","2026-03-16 21:36:00","MARGARITA SALAS","3,15","","https://www.marinetraffic.com/en/ais/details/ships/mmsi:210012000","TERMINAL F1","19:58","2026-03-16 18:58:00","2026-03-16","2026-03-16 20:36:00","Transbordadors","21:36","ESALD","01D","210012000","9969730","ESALD","Finalitzada","123,3","Alcudia","Alcudia","F","1-3","82535-1","2026-03-16","2026-03-16 19:58:00","Xipre","BALEARIA EUROLINEAS MARITIMAS SA ","5BJM6"
"2026","F1","ES","2026-01-04 21:48:00","ABEL MATUTES","6,3","26","https://www.marinetraffic.com/en/ais/details/ships/mmsi:224402000","TERMINAL F1","19:01","2026-01-03 18:01:00","2026-01-03","2026-01-04 20:48:00","Transbordadors","21:48","ESALD","01C","224402000","9441130","ESALD","Finalitzada","190","Alcudia","Alcudia","F","13-16","80731-1","2026-01-04","2026-01-03 19:01:00","Espanya","BALEARIA EUROLINEAS MARITIMAS SA ","ECPD"
"2026","F1","ES","2026-01-05 22:18:00","ABEL MATUTES","6,3","26","https://www.marinetraffic.com/en/ais/details/ships/mmsi:224402000","TERMINAL F1","19:40","2026-01-05 18:40:00","2026-01-05","2026-01-05 21:18:00","Transbordadors","22:18","ESALD","01C","224402000","9441130","ESALD","Finalitzada","190","Alcudia","Alcudia","F","19-23","80732-1","2026-01-05","2026-01-05 19:40:00","Espanya","BALEARIA EUROLINEAS MARITIMAS SA ","ECPD"
"2026","F1","ES","2026-01-06 22:04:00","MARTIN I SOLER","5,7","25,6","https://www.marinetraffic.com/en/ais/details/ships/mmsi:224637000","TERMINAL F1","18:40","2026-01-06 17:40:00","2026-01-06","2026-01-06 21:04:00","Transbordadors","22:04","ESIBZ","01C","224637000","9390367","ESIBZ","Finalitzada","165","Ibiza","Ibiza","F","13-16","80719-1","2026-01-06","2026-01-06 18:40:00","Espanya","BALEARIA EUROLINEAS MARITIMAS SA ","EBZT"
"2026","F1","ES","2026-01-07 21:47:00","ABEL MATUTES","6,3","26","https://www.marinetraffic.com/en/ais/details/ships/mmsi:224402000","TERMINAL F1","19:27","2026-01-07 18:27:00","2026-01-07","2026-01-07 20:47:00","Transbordadors","21:47","ESALD","01D","224402000","9441130","ESALD","Finalitzada","190","Alcudia","Alcudia","F","1-4","80733-1","2026-01-07","2026-01-07 19:27:00","Espanya","BALEARIA EUROLINEAS MARITIMAS SA ","ECPD"
"2026","F1","ES","2026-01-08 22:52:00","ABEL MATUTES","6,3","26","https://www.marinetraffic.com/en/ais/details/ships/mmsi:224402000","TERMINAL F1","20:42","2026-01-08 19:42:00","2026-01-08","2026-01-08 21:52:00","Transbordadors","22:52","ESALD","01D","224402000","9441130","ESALD","Finalitzada","190","Alcudia","Alcudia","F","1-4","80734-1","2026-01-08","2026-01-08 20:42:00","Espanya","BALEARIA EUROLINEAS MARITIMAS SA ","ECPD"
"2026","F1","ES","2026-01-10 00:20:00","ABEL MATUTES","6,3","26","https://www.marinetraffic.com/en/ais/details/ships/mmsi:224402000","TERMINAL F1","22:32","2026-01-09 21:32:00","2026-01-09","2026-01-09 23:20:00","Transbordadors","00:20","ESALD","01C","224402000","9441130","ESALD","Finalitzada","190","Alcudia","Alcudia","F","13-16","80736-1","2026-01-10","2026-01-09 22:32:00","Espanya","BALEARIA EUROLINEAS MARITIMAS SA ","ECPD"
"2026","F1","ES","2026-01-11 21:36:00","ABEL MATUTES","6,3","26","https://www.marinetraffic.com/en/ais/details/ships/mmsi:224402000","TERMINAL F1","23:31","2026-01-10 22:31:00","2026-01-10","2026-01-11 20:36:00","Transbordadors","21:36","ESALD","01C","224402000","9441130","ESALD","Finalitzada","190","Alcudia","Alcudia","F","13-16","80887-1","2026-01-11","2026-01-10 23:31:00","Espanya","BALEARIA EUROLINEAS MARITIMAS SA ","ECPD"
"2026","F1","ES","2026-01-13 21:12:00","ABEL MATUTES","6,3","26","https://www.marinetraffic.com/en/ais/details/ships/mmsi:224402000","TERMINAL F1","18:48","2026-01-13 17:48:00","2026-01-13","2026-01-13 20:12:00","Transbordadors","21:12","ESALD","01D","224402000","9441130","ESALD","Finalitzada","190","Alcudia","Alcudia","F","1-4","80816-1","2026-01-13","2026-01-13 18:48:00","Espanya","BALEARIA EUROLINEAS MARITIMAS SA ","ECPD"
"2026","F1","ES","2026-01-14 21:37:00","ABEL MATUTES","6,3","26","https://www.marinetraffic.com/en/ais/details/ships/mmsi:224402000","TERMINAL F1","18:50","2026-01-14 17:50:00","2026-01-14","2026-01-14 20:37:00","Transbordadors","21:37","ESALD","01C","224402000","9441130","ESALD","Finalitzada","190","Alcudia","Alcudia","F","13-16","80817-1","2026-01-14","2026-01-14 18:50:00","Espanya","BALEARIA EUROLINEAS MARITIMAS SA ","ECPD"
"2026","F1","ES","2026-01-15 21:33:00","ABEL MATUTES","6,3","26","https://www.marinetraffic.com/en/ais/details/ships/mmsi:224402000","TERMINAL F1","18:39","2026-01-15 17:39:00","2026-01-15","2026-01-15 20:33:00","Transbordadors","21:33","ESALD","01D","224402000","9441130","ESALD","Finalitzada","190","Alcudia","Alcudia","F","1-4","80818-1","2026-01-15","2026-01-15 18:39:00","Espanya","BALEARIA EUROLINEAS MARITIMAS SA ","ECPD"
"2026","F1","ES","2026-01-16 21:43:00","ABEL MATUTES","6,3","26","https://www.marinetraffic.com/en/ais/details/ships/mmsi:224402000","TERMINAL F1","19:28","2026-01-16 18:28:00","2026-01-16","2026-01-16 20:43:00","Transbordadors","21:43","ESALD","01C","224402000","9441130","ESALD","Finalitzada","190","Alcudia","Alcudia","F","13-16","80819-1","2026-01-16","2026-01-16 19:28:00","Espanya","BALEARIA EUROLINEAS MARITIMAS SA ","ECPD"
"2026","F1","ES","2026-01-20 21:48:00","ABEL MATUTES","6,3","26","https://www.marinetraffic.com/en/ais/details/ships/mmsi:224402000","TERMINAL F1","19:49","2026-01-19 18:49:00","2026-01-19","2026-01-20 20:48:00","Transbordadors","21:48","ESALD","27A","224402000","9441130","ESALD","Finalitzada","190","Alcudia","Alcudia","F","","80821-1","2026-01-20","2026-01-19 19:49:00","Espanya","BALEARIA EUROLINEAS MARITIMAS SA ","ECPD"
"2026","F1","ES","2026-01-21 23:00:00","ABEL MATUTES","6,3","26","https://www.marinetraffic.com/en/ais/details/ships/mmsi:224402000","TERMINAL F1","20:37","2026-01-21 19:37:00","2026-01-21","2026-01-21 22:00:00","Transbordadors","23:00","ESALD","01C","224402000","9441130","ESALD","Finalitzada","190","Alcudia","Alcudia","F","13-16","81028-1","2026-01-21","2026-01-21 20:37:00","Espanya","BALEARIA EUROLINEAS MARITIMAS SA ","ECPD"
"2026","F1","ES","2026-01-22 23:02:00","ABEL MATUTES","6,3","26","https://www.marinetraffic.com/en/ais/details/ships/mmsi:224402000","TERMINAL F1","20:22","2026-01-22 19:22:00","2026-01-22","2026-01-22 22:02:00","Transbordadors","23:02","ESALD","01D","224402000","9441130","ESALD","Finalitzada","190","Alcudia","Alcudia","F","1-4","81029-1","2026-01-22","2026-01-22 20:22:00","Espanya","BALEARIA EUROLINEAS MARITIMAS SA ","ECPD"
"2026","F1","ES","2026-01-23 22:15:00","ABEL MATUTES","6,3","26","https://www.marinetraffic.com/en/ais/details/ships/mmsi:224402000","TERMINAL F1","19:30","2026-01-23 18:30:00","2026-01-23","2026-01-23 21:15:00","Transbordadors","22:15","ESALD","01C","224402000","9441130","ESALD","Finalitzada","190","Alcudia","Alcudia","F","13-16","81030-1","2026-01-23","2026-01-23 19:30:00","Espanya","BALEARIA EUROLINEAS MARITIMAS SA ","ECPD"
"2026","F1","ES","2026-01-25 21:38:00","ABEL MATUTES","6,3","26","https://www.marinetraffic.com/en/ais/details/ships/mmsi:224402000","TERMINAL F1","19:34","2026-01-24 18:34:00","2026-01-24","2026-01-25 20:38:00","Transbordadors","21:38","ESALD","01D","224402000","9441130","ESALD","Finalitzada","190","Alcudia","Alcudia","F","1-4","81031-1","2026-01-25","2026-01-24 19:34:00","Espanya","BALEARIA EUROLINEAS MARITIMAS SA ","ECPD"
"2026","F1","ES","2026-01-26 23:02:00","ABEL MATUTES","6,3","","https://www.marinetraffic.com/en/ais/details/ships/mmsi:224402000","TERMINAL F1","21:13","2026-01-26 20:13:00","2026-01-26","2026-01-26 22:02:00","Transbordadors","23:02","ESALD","27A","224402000","9441130","ESALD","Finalitzada","190","Alcudia","Alcudia","F","1-4","81032-1","2026-01-26","2026-01-26 21:13:00","Espanya","BALEARIA EUROLINEAS MARITIMAS SA ","ECPD"
"2026","F1","ES","2026-01-27 21:45:00","ABEL MATUTES","6,3","","https://www.marinetraffic.com/en/ais/details/ships/mmsi:224402000","TERMINAL F1","18:59","2026-01-27 17:59:00","2026-01-27","2026-01-27 20:45:00","Transbordadors","21:45","ESALD","01D","224402000","9441130","ESALD","Finalitzada","190","Alcudia","Alcudia","F","1-4","81027-1","2026-01-27","2026-01-27 18:59:00","Espanya","BALEARIA EUROLINEAS MARITIMAS SA ","ECPD"
"2026","F1","ES","2026-01-28 23:37:00","ABEL MATUTES","6,3","26","https://www.marinetraffic.com/en/ais/details/ships/mmsi:224402000","TERMINAL F1","21:43","2026-01-28 20:43:00","2026-01-28","2026-01-28 22:37:00","Transbordadors","23:37","ESALD","27A","224402000","9441130","ESALD","Finalitzada","190","Alcudia","Alcudia","F","1-4","81218-1","2026-01-28","2026-01-28 21:43:00","Espanya","BALEARIA EUROLINEAS MARITIMAS SA ","ECPD"
"2026","F1","ES","2026-01-29 22:10:00","ABEL MATUTES","6,3","26","https://www.marinetraffic.com/en/ais/details/ships/mmsi:224402000","TERMINAL F1","19:40","2026-01-29 18:40:00","2026-01-29","2026-01-29 21:10:00","Transbordadors","22:10","ESALD","01D","224402000","9441130","ESALD","Finalitzada","190","Alcudia","Alcudia","F","1-4","81222-1","2026-01-29","2026-01-29 19:40:00","Espanya","BALEARIA EUROLINEAS MARITIMAS SA ","ECPD"
"2026","F1","ES","2026-02-03 21:45:00","ABEL MATUTES","6,3","26","https://www.marinetraffic.com/en/ais/details/ships/mmsi:224402000","TERMINAL F1","19:14","2026-02-03 18:14:00","2026-02-03","2026-02-03 20:45:00","Transbordadors","21:45","ESALD","01D","224402000","9441130","ESALD","Finalitzada","190","Alcudia","Alcudia","F","1-4","81331-1","2026-02-03","2026-02-03 19:14:00","Espanya","BALEARIA EUROLINEAS MARITIMAS SA ","ECPD"
"2026","F1","ES","2026-02-04 21:40:00","ABEL MATUTES","6,3","26","https://www.marinetraffic.com/en/ais/details/ships/mmsi:224402000","TERMINAL F1","18:56","2026-02-04 17:56:00","2026-02-04","2026-02-04 20:40:00","Transbordadors","21:40","ESALD","01D","224402000","9441130","ESALD","Finalitzada","190","Alcudia","Alcudia","F","1-4","81442-1","2026-02-04","2026-02-04 18:56:00","Espanya","BALEARIA EUROLINEAS MARITIMAS SA ","ECPD"
"2026","F1","ES","2026-02-05 21:42:00","ABEL MATUTES","6,3","26","https://www.marinetraffic.com/en/ais/details/ships/mmsi:224402000","TERMINAL F1","18:57","2026-02-05 17:57:00","2026-02-05","2026-02-05 20:42:00","Transbordadors","21:42","ESALD","01D","224402000","9441130","ESALD","Finalitzada","190","Alcudia","Alcudia","F","1-4","81443-1","2026-02-05","2026-02-05 18:57:00","Espanya","BALEARIA EUROLINEAS MARITIMAS SA ","ECPD"
"2026","F1","ES","2026-02-06 23:45:00","ABEL MATUTES","6,3","26","https://www.marinetraffic.com/en/ais/details/ships/mmsi:224402000","TERMINAL F1","21:50","2026-02-06 20:50:00","2026-02-06","2026-02-06 22:45:00","Transbordadors","23:45","ESALD","01C","224402000","9441130","ESALD","Finalitzada","190","Alcudia","Alcudia","F","13-16","81449-1","2026-02-06","2026-02-06 21:50:00","Espanya","BALEARIA EUROLINEAS MARITIMAS SA ","ECPD"
"2026","F1","ES","2026-02-08 21:32:00","ABEL MATUTES","6,3","26","https://www.marinetraffic.com/en/ais/details/ships/mmsi:224402000","TERMINAL F1","22:17","2026-02-07 21:17:00","2026-02-07","2026-02-08 20:32:00","Transbordadors","21:32","ESALD","01D","224402000","9441130","ESALD","Finalitzada","190","Alcudia","Alcudia","F","1-4","81450-1","2026-02-08","2026-02-07 22:17:00","Espanya","BALEARIA EUROLINEAS MARITIMAS SA ","ECPD"
"2026","F1","ES","2026-02-09 21:51:00","ABEL MATUTES","6,3","26","https://www.marinetraffic.com/en/ais/details/ships/mmsi:224402000","TERMINAL F1","19:03","2026-02-09 18:03:00","2026-02-09","2026-02-09 20:51:00","Transbordadors","21:51","ESALD","01D","224402000","9441130","ESALD","Finalitzada","190","Alcudia","Alcudia","F","1-4","81451-1","2026-02-09","2026-02-09 19:03:00","Espanya","BALEARIA EUROLINEAS MARITIMAS SA ","ECPD"
"2026","F1","ES","2026-02-10 21:25:00","ABEL MATUTES","6,3","26","https://www.marinetraffic.com/en/ais/details/ships/mmsi:224402000","TERMINAL F1","18:47","2026-02-10 17:47:00","2026-02-10","2026-02-10 20:25:00","Transbordadors","21:25","ESALD","01D","224402000","9441130","ESALD","Finalitzada","190","Alcudia","Alcudia","F","1-4","81625-1","2026-02-10","2026-02-10 18:47:00","Espanya","BALEARIA EUROLINEAS MARITIMAS SA ","ECPD"
"2026","F1","ES","2026-02-12 22:02:00","ABEL MATUTES","6,3","26","https://www.marinetraffic.com/en/ais/details/ships/mmsi:224402000","TERMINAL F1","21:24","2026-02-11 20:24:00","2026-02-11","2026-02-12 21:02:00","Transbordadors","22:02","ESALD","01D","224402000","9441130","ESALD","Finalitzada","190","Alcudia","Alcudia","F","1-4","81626-1","2026-02-12","2026-02-11 21:24:00","Espanya","BALEARIA EUROLINEAS MARITIMAS SA ","ECPD"
"2026","F1","ES","2026-02-13 23:06:00","ABEL MATUTES","6,3","26","https://www.marinetraffic.com/en/ais/details/ships/mmsi:224402000","TERMINAL F1","20:24","2026-02-13 19:24:00","2026-02-13","2026-02-13 22:06:00","Transbordadors","23:06","ESALD","01C","224402000","9441130","ESALD","Finalitzada","190","Alcudia","Alcudia","F","13-16","81628-1","2026-02-13","2026-02-13 20:24:00","Espanya","BALEARIA EUROLINEAS MARITIMAS SA ","ECPD"
"2026","F1","ES","2026-02-15 21:38:00","MARTIN I SOLER","5,7","25,6","https://www.marinetraffic.com/en/ais/details/ships/mmsi:224637000","TERMINAL F1","23:30","2026-02-14 22:30:00","2026-02-14","2026-02-15 20:38:00","Transbordadors","21:38","ESALD","01C","224637000","9390367","ESIBZ","Finalitzada","165","Ibiza","Alcudia","F","13-16","81631-1","2026-02-15","2026-02-14 23:30:00","Espanya","BALEARIA EUROLINEAS MARITIMAS SA ","EBZT"
"2026","F1","ES","2026-02-16 22:00:00","MARTIN I SOLER","5,7","25,6","https://www.marinetraffic.com/en/ais/details/ships/mmsi:224637000","TERMINAL F1","18:53","2026-02-16 17:53:00","2026-02-16","2026-02-16 21:00:00","Transbordadors","22:00","ESALD","01D","224637000","9390367","ESALD","Finalitzada","165","Alcudia","Alcudia","F","1-4","81632-1","2026-02-16","2026-02-16 18:53:00","Espanya","BALEARIA EUROLINEAS MARITIMAS SA ","EBZT"
"2026","F1","ES","2026-02-16 22:41:00","ABEL MATUTES","6,3","26","https://www.marinetraffic.com/en/ais/details/ships/mmsi:224402000","TERMINAL F1","19:16","2026-02-16 18:16:00","2026-02-16","2026-02-16 21:41:00","Transbordadors","22:41","ESPMI","01C","224402000","9441130","ESPMI","Finalitzada","190","Palma de Mallorca","Palma de Mallorca","F","13-16","81630-1","2026-02-16","2026-02-16 19:16:00","Espanya","BALEARIA EUROLINEAS MARITIMAS SA ","ECPD"
"2026","F1","ES","2026-02-17 22:43:00","ABEL MATUTES","6,3","26","https://www.marinetraffic.com/en/ais/details/ships/mmsi:224402000","TERMINAL F1","19:33","2026-02-17 18:33:00","2026-02-17","2026-02-17 21:43:00","Transbordadors","22:43","ESPMI","01C","224402000","9441130","ESPMI","Finalitzada","190","Palma de Mallorca","Palma de Mallorca","F","13-16","81690-1","2026-02-17","2026-02-17 19:33:00","Espanya","BALEARIA EUROLINEAS MARITIMAS SA ","ECPD"
"2026","F1","ES","2026-02-18 22:24:00","ABEL MATUTES","6,3","","https://www.marinetraffic.com/en/ais/details/ships/mmsi:224402000","TERMINAL F1","19:23","2026-02-18 18:23:00","2026-02-18","2026-02-18 21:24:00","Transbordadors","22:24","ESPMI","22C","224402000","9441130","ESPMI","Finalitzada","190","Palma de Mallorca","Palma de Mallorca","F","5-8","81771-1","2026-02-18","2026-02-18 19:23:00","Espanya","BALEARIA EUROLINEAS MARITIMAS SA ","ECPD"
"2026","F1","ES","2026-02-20 00:16:00","MARTIN I SOLER","5,7","25,6","https://www.marinetraffic.com/en/ais/details/ships/mmsi:224637000","TERMINAL F1","22:09","2026-02-19 21:09:00","2026-02-19","2026-02-19 23:16:00","Transbordadors","00:16","ESALD","01C","224637000","9390367","ESALD","Finalitzada","165","Alcudia","Alcudia","F","13-16","81762-1","2026-02-20","2026-02-19 22:09:00","Espanya","BALEARIA EUROLINEAS MARITIMAS SA ","EBZT"
"2026","F1","ES","2026-02-20 22:23:00","MARTIN I SOLER","5,7","25,6","https://www.marinetraffic.com/en/ais/details/ships/mmsi:224637000","TERMINAL F1","20:00","2026-02-20 19:00:00","2026-02-20","2026-02-20 21:23:00","Transbordadors","22:23","ESALD","01D","224637000","9390367","ESALD","Finalitzada","165","Alcudia","Alcudia","F","1-4","81763-1","2026-02-20","2026-02-20 20:00:00","Espanya","BALEARIA EUROLINEAS MARITIMAS SA ","EBZT"
"2026","F1","ES","2026-02-22 21:48:00","MARTIN I SOLER","5,7","25,6","https://www.marinetraffic.com/en/ais/details/ships/mmsi:224637000","TERMINAL F1","18:52","2026-02-21 17:52:00","2026-02-21","2026-02-22 20:48:00","Transbordadors","21:48","ESALD","01C","224637000","9390367","ESALD","Finalitzada","165","Alcudia","Alcudia","F","13-16","81764-1","2026-02-22","2026-02-21 18:52:00","Espanya","BALEARIA EUROLINEAS MARITIMAS SA ","EBZT"
"2026","F1","ES","2026-02-23 22:13:00","MARTIN I SOLER","5,7","25,6","https://www.marinetraffic.com/en/ais/details/ships/mmsi:224637000","TERMINAL F1","18:56","2026-02-23 17:56:00","2026-02-23","2026-02-23 21:13:00","Transbordadors","22:13","ESALD","01C","224637000","9390367","ESALD","Finalitzada","165","Alcudia","Alcudia","F","13-16","81765-1","2026-02-23","2026-02-23 18:56:00","Espanya","BALEARIA EUROLINEAS MARITIMAS SA ","EBZT"
"2026","F1","ES","2026-02-24 21:50:00","MARTIN I SOLER","5,7","25,6","https://www.marinetraffic.com/en/ais/details/ships/mmsi:224637000","TERMINAL F1","18:59","2026-02-24 17:59:00","2026-02-24","2026-02-24 20:50:00","Transbordadors","21:50","ESALD","01D","224637000","9390367","ESALD","Finalitzada","165","Alcudia","Alcudia","F","1-4","81766-1","2026-02-24","2026-02-24 18:59:00","Espanya","BALEARIA EUROLINEAS MARITIMAS SA ","EBZT"
"2026","F1","ES","2026-02-24 22:46:00","ABEL MATUTES","6,3","","https://www.marinetraffic.com/en/ais/details/ships/mmsi:224402000","TERMINAL F1","19:51","2026-02-24 18:51:00","2026-02-24","2026-02-24 21:46:00","Transbordadors","22:46","ESPMI","01C","224402000","9441130","ESPMI","Finalitzada","190","Palma de Mallorca","Palma de Mallorca","F","13-16","81627-1","2026-02-24","2026-02-24 19:51:00","Espanya","BALEARIA EUROLINEAS MARITIMAS SA ","ECPD"
"2026","F1","ES","2026-02-25 21:56:00","MARTIN I SOLER","5,7","25,6","https://www.marinetraffic.com/en/ais/details/ships/mmsi:224637000","TERMINAL F1","18:44","2026-02-25 17:44:00","2026-02-25","2026-02-25 20:56:00","Transbordadors","21:56","ESALD","01C","224637000","9390367","ESALD","Finalitzada","165","Alcudia","Alcudia","F","13-16","82224-1","2026-02-25","2026-02-25 18:44:00","Espanya","BALEARIA EUROLINEAS MARITIMAS SA ","EBZT"
"2026","F1","ES","2026-02-25 22:16:00","ABEL MATUTES","6,3","","https://www.marinetraffic.com/en/ais/details/ships/mmsi:224402000","TERMINAL F1","19:18","2026-02-25 18:18:00","2026-02-25","2026-02-25 21:16:00","Transbordadors","22:16","ESPMI","01D","224402000","9441130","ESPMI","Finalitzada","190","Palma de Mallorca","Palma de Mallorca","F","1-4","82223-1","2026-02-25","2026-02-25 19:18:00","Espanya","BALEARIA EUROLINEAS MARITIMAS SA ","ECPD"
"2026","F1","ES","2026-02-26 22:01:00","MARTIN I SOLER","5,7","25,6","https://www.marinetraffic.com/en/ais/details/ships/mmsi:224637000","TERMINAL F1","18:57","2026-02-26 17:57:00","2026-02-26","2026-02-26 21:01:00","Transbordadors","22:01","ESALD","01D","224637000","9390367","ESALD","Finalitzada","165","Alcudia","Alcudia","F","1-4","82226-1","2026-02-26","2026-02-26 18:57:00","Espanya","BALEARIA EUROLINEAS MARITIMAS SA ","EBZT"
"2026","F1","ES","2026-02-27 22:06:00","MARTIN I SOLER","5,7","25,6","https://www.marinetraffic.com/en/ais/details/ships/mmsi:224637000","TERMINAL F1","19:05","2026-02-27 18:05:00","2026-02-27","2026-02-27 21:06:00","Transbordadors","22:06","ESALD","01D","224637000","9390367","ESALD","Finalitzada","165","Alcudia","Alcudia","F","1-4","82228-1","2026-02-27","2026-02-27 19:05:00","Espanya","BALEARIA EUROLINEAS MARITIMAS SA ","EBZT"
"2026","F1","ES","2026-02-27 22:27:00","ABEL MATUTES","6,3","26","https://www.marinetraffic.com/en/ais/details/ships/mmsi:224402000","TERMINAL F1","19:17","2026-02-27 18:17:00","2026-02-27","2026-02-27 21:27:00","Transbordadors","22:27","ESPMI","01C","224402000","9441130","ESPMI","Finalitzada","190","Palma de Mallorca","Palma de Mallorca","F","13-16","82229-1","2026-02-27","2026-02-27 19:17:00","Espanya","BALEARIA EUROLINEAS MARITIMAS SA ","ECPD"
"2026","F1","ES","2026-03-01 12:32:00","ABEL MATUTES","6,3","","https://www.marinetraffic.com/en/ais/details/ships/mmsi:224402000","TERMINAL F1","19:47","2026-02-28 18:47:00","2026-02-28","2026-03-01 11:32:00","Transbordadors","12:32","ESALD","01C","224402000","9441130","ESPMI","Finalitzada","190","Palma de Mallorca","Alcudia","F","13-16","82230-1","2026-03-01","2026-02-28 19:47:00","Espanya","BALEARIA EUROLINEAS MARITIMAS SA ","ECPD"
"2026","F1","ES","2026-03-01 21:35:00","ABEL MATUTES","6,3","","https://www.marinetraffic.com/en/ais/details/ships/mmsi:224402000","TERMINAL F1","16:28","2026-03-01 15:28:00","2026-03-01","2026-03-01 20:35:00","Transbordadors","21:35","ESALD","01C","224402000","9441130","ESPMI","Finalitzada","190","Palma de Mallorca","Alcudia","F","13-16","82230-3","2026-03-01","2026-03-01 16:28:00","Espanya","BALEARIA EUROLINEAS MARITIMAS SA ","ECPD"
"2026","F1","ES","2026-03-02 11:23:00","MARTIN I SOLER","5,7","25,6","https://www.marinetraffic.com/en/ais/details/ships/mmsi:224637000","TERMINAL F1","18:43","2026-02-28 17:43:00","2026-02-28","2026-03-02 10:23:00","Transbordadors","11:23","DZALG","27A","224637000","9390367","ESALD","Finalitzada","165","Alcudia","Alger (Algiers)","F","1-4","82267-1","2026-03-02","2026-02-28 18:43:00","Espanya","BALEARIA EUROLINEAS MARITIMAS SA ","EBZT"
"2026","F1","ES","2026-03-02 22:29:00","ABEL MATUTES","6,3","","https://www.marinetraffic.com/en/ais/details/ships/mmsi:224402000","TERMINAL F1","18:41","2026-03-02 17:41:00","2026-03-02","2026-03-02 21:29:00","Transbordadors","22:29","ESALD","01C","224402000","9441130","ESALD","Finalitzada","190","Alcudia","Alcudia","F","13-16","82268-1","2026-03-02","2026-03-02 18:41:00","Espanya","BALEARIA EUROLINEAS MARITIMAS SA ","ECPD"
"2026","F1","ES","2026-03-03 23:29:00","ABEL MATUTES","6,3","","https://www.marinetraffic.com/en/ais/details/ships/mmsi:224402000","TERMINAL F1","20:33","2026-03-03 19:33:00","2026-03-03","2026-03-03 22:29:00","Transbordadors","23:29","ESALD","01D","224402000","9441130","ESALD","Finalitzada","190","Alcudia","Alcudia","F","1-4","82269-1","2026-03-03","2026-03-03 20:33:00","Espanya","BALEARIA EUROLINEAS MARITIMAS SA ","ECPD"
"2026","F1","ES","2026-03-04 23:18:00","MARTIN I SOLER","5,7","","https://www.marinetraffic.com/en/ais/details/ships/mmsi:224637000","TERMINAL F1","13:28","2026-03-04 12:28:00","2026-03-04","2026-03-04 22:18:00","Transbordadors","23:18","ESALD","27A","224637000","9390367","DZALG","Finalitzada","165","Alger (Algiers)","Alcudia","F","1-4","82455-2","2026-03-04","2026-03-04 13:28:00","Espanya","BALEARIA EUROLINEAS MARITIMAS SA ","EBZT"
"2026","F1","ES","2026-03-05 01:17:00","ABEL MATUTES","6,3","","https://www.marinetraffic.com/en/ais/details/ships/mmsi:224402000","TERMINAL F1","21:04","2026-03-04 20:04:00","2026-03-04","2026-03-05 00:17:00","Transbordadors","01:17","ESPMI","01C","224402000","9441130","ESALD","Finalitzada","190","Alcudia","Palma de Mallorca","F","13-16","82453-1","2026-03-05","2026-03-04 21:04:00","Espanya","BALEARIA EUROLINEAS MARITIMAS SA ","ECPD"
"2026","F1","ES","2026-03-06 00:28:00","MARTIN I SOLER","5,7","","https://www.marinetraffic.com/en/ais/details/ships/mmsi:224637000","TERMINAL F1","20:57","2026-03-05 19:57:00","2026-03-05","2026-03-05 23:28:00","Transbordadors","00:28","ESALD","01C","224637000","9390367","ESALD","Finalitzada","165","Alcudia","Alcudia","F","13-16","82457-1","2026-03-06","2026-03-05 20:57:00","Espanya","BALEARIA EUROLINEAS MARITIMAS SA ","EBZT"
"2026","F1","ES","2026-03-06 00:31:00","ABEL MATUTES","6,3","","https://www.marinetraffic.com/en/ais/details/ships/mmsi:224402000","TERMINAL F1","20:40","2026-03-05 19:40:00","2026-03-05","2026-03-05 23:31:00","Transbordadors","00:31","ESPMI","01D","224402000","9441130","ESPMI","Finalitzada","190","Palma de Mallorca","Palma de Mallorca","F","1-4","82458-1","2026-03-06","2026-03-05 20:40:00","Espanya","BALEARIA EUROLINEAS MARITIMAS SA ","ECPD"
"2026","F1","ES","2026-03-06 23:27:00","MARTIN I SOLER","5,7","","https://www.marinetraffic.com/en/ais/details/ships/mmsi:224637000","TERMINAL F1","20:57","2026-03-06 19:57:00","2026-03-06","2026-03-06 22:27:00","Transbordadors","23:27","ESALD","01D","224637000","9390367","ESALD","Finalitzada","165","Alcudia","Alcudia","F","1-4","82460-1","2026-03-06","2026-03-06 20:57:00","Espanya","BALEARIA EUROLINEAS MARITIMAS SA ","EBZT"
"2026","F1","ES","2026-03-06 23:41:00","ABEL MATUTES","6,3","26","https://www.marinetraffic.com/en/ais/details/ships/mmsi:224402000","TERMINAL F1","19:52","2026-03-06 18:52:00","2026-03-06","2026-03-06 22:41:00","Transbordadors","23:41","ESPMI","01C","224402000","9441130","ESPMI","Finalitzada","190","Palma de Mallorca","Palma de Mallorca","F","13-16","82461-1","2026-03-06","2026-03-06 19:52:00","Espanya","BALEARIA EUROLINEAS MARITIMAS SA ","ECPD"
"2026","F1","ES","2026-03-08 12:47:00","MARTIN I SOLER","5,7","","https://www.marinetraffic.com/en/ais/details/ships/mmsi:224637000","TERMINAL F1","18:54","2026-03-07 17:54:00","2026-03-07","2026-03-08 11:47:00","Transbordadors","12:47","ESALD","01C","224637000","9390367","ESALD","Finalitzada","165","Alcudia","Alcudia","F","13-16","82463-1","2026-03-08","2026-03-07 18:54:00","Espanya","BALEARIA EUROLINEAS MARITIMAS SA ","EBZT"
"2026","F1","ES","2026-03-08 21:40:00","MARTIN I SOLER","5,7","","https://www.marinetraffic.com/en/ais/details/ships/mmsi:224637000","TERMINAL F1","16:23","2026-03-08 15:23:00","2026-03-08","2026-03-08 20:40:00","Transbordadors","21:40","ESALD","01C","224637000","9390367","ESALD","Finalitzada","165","Alcudia","Alcudia","F","13-16","82463-3","2026-03-08","2026-03-08 16:23:00","Espanya","BALEARIA EUROLINEAS MARITIMAS SA ","EBZT"
"2026","F1","ES","2026-03-09 22:31:00","MARTIN I SOLER","5,7","","https://www.marinetraffic.com/en/ais/details/ships/mmsi:224637000","TERMINAL F1","19:07","2026-03-09 18:07:00","2026-03-09","2026-03-09 21:31:00","Transbordadors","22:31","ESALD","01D","224637000","9390367","ESALD","Finalitzada","165","Alcudia","Alcudia","F","1-4","82467-1","2026-03-09","2026-03-09 19:07:00","Espanya","BALEARIA EUROLINEAS MARITIMAS SA ","EBZT"
"2026","F1","ES","2026-03-09 23:22:00","ABEL MATUTES","6,3","","https://www.marinetraffic.com/en/ais/details/ships/mmsi:224402000","TERMINAL F1","19:14","2026-03-09 18:14:00","2026-03-09","2026-03-09 22:22:00","Transbordadors","23:22","ESPMI","01C","224402000","9441130","ESPMI","Finalitzada","190","Palma de Mallorca","Palma de Mallorca","F","13-16","82469-1","2026-03-09","2026-03-09 19:14:00","Espanya","BALEARIA EUROLINEAS MARITIMAS SA ","ECPD"
"2026","F1","ES","2026-03-10 22:47:00","ABEL MATUTES","6,3","","https://www.marinetraffic.com/en/ais/details/ships/mmsi:224402000","TERMINAL F1","19:22","2026-03-10 18:22:00","2026-03-10","2026-03-10 21:47:00","Transbordadors","22:47","ESPMI","01D","224402000","9441130","ESPMI","Finalitzada","190","Palma de Mallorca","Palma de Mallorca","F","1-4","82470-1","2026-03-10","2026-03-10 19:22:00","Espanya","BALEARIA EUROLINEAS MARITIMAS SA ","ECPD"
"2026","F1","ES","2026-03-10 23:01:00","MARTIN I SOLER","5,7","","https://www.marinetraffic.com/en/ais/details/ships/mmsi:224637000","TERMINAL F1","19:41","2026-03-10 18:41:00","2026-03-10","2026-03-10 22:01:00","Transbordadors","23:01","ESALD","27A","224637000","9390367","ESALD","Finalitzada","165","Alcudia","Alcudia","F","1-4","82468-1","2026-03-10","2026-03-10 19:41:00","Espanya","BALEARIA EUROLINEAS MARITIMAS SA ","EBZT"
"2026","F1","ES","2026-03-11 22:17:00","MARTIN I SOLER","5,7","","https://www.marinetraffic.com/en/ais/details/ships/mmsi:224637000","TERMINAL F1","19:13","2026-03-11 18:13:00","2026-03-11","2026-03-11 21:17:00","Transbordadors","22:17","ESALD","01D","224637000","9390367","ESALD","Finalitzada","165","Alcudia","Alcudia","F","1-4","82527-1","2026-03-11","2026-03-11 19:13:00","Espanya","BALEARIA EUROLINEAS MARITIMAS SA ","EBZT"
"2026","F1","ES","2026-03-11 23:06:00","ABEL MATUTES","6,3","","https://www.marinetraffic.com/en/ais/details/ships/mmsi:224402000","TERMINAL F1","19:20","2026-03-11 18:20:00","2026-03-11","2026-03-11 22:06:00","Transbordadors","23:06","ESPMI","01C","224402000","9441130","ESPMI","Finalitzada","190","Palma de Mallorca","Palma de Mallorca","F","13-16","82525-1","2026-03-11","2026-03-11 19:20:00","Espanya","BALEARIA EUROLINEAS MARITIMAS SA ","ECPD"
"2026","F1","ES","2026-03-13 22:32:00","ABEL MATUTES","6,3","","https://www.marinetraffic.com/en/ais/details/ships/mmsi:224402000","TERMINAL F1","19:12","2026-03-13 18:12:00","2026-03-13","2026-03-13 21:32:00","Transbordadors","22:32","ESPMI","01D","224402000","9441130","ESPMI","Finalitzada","190","Palma de Mallorca","Palma de Mallorca","F","1-4","82526-1","2026-03-13","2026-03-13 19:12:00","Espanya","BALEARIA EUROLINEAS MARITIMAS SA ","ECPD"
"2026","F1","ES","2026-03-15 22:28:00","ABEL MATUTES","6,3","","https://www.marinetraffic.com/en/ais/details/ships/mmsi:224402000","TERMINAL F1","19:26","2026-03-14 18:26:00","2026-03-14","2026-03-15 21:28:00","Transbordadors","22:28","ESPMI","01C","224402000","9441130","ESPMI","Finalitzada","190","Palma de Mallorca","Palma de Mallorca","F","13-16","82540-1","2026-03-15","2026-03-14 19:26:00","Espanya","BALEARIA EUROLINEAS MARITIMAS SA ","ECPD"
"2026","F1","ES","2026-03-16 22:33:00","MARTIN I SOLER","5,7","","https://www.marinetraffic.com/en/ais/details/ships/mmsi:224637000","TERMINAL F1","19:02","2026-03-16 18:02:00","2026-03-16","2026-03-16 21:33:00","Transbordadors","22:33","ESALD","27A","224637000","9390367","ESALD","Finalitzada","165","Alcudia","Alcudia","F","1-4","82538-1","2026-03-16","2026-03-16 19:02:00","Espanya","BALEARIA EUROLINEAS MARITIMAS SA ","EBZT"
"2026","F1","ES","2026-03-16 23:23:00","ABEL MATUTES","6,3","","https://www.marinetraffic.com/en/ais/details/ships/mmsi:224402000","TERMINAL F1","19:13","2026-03-16 18:13:00","2026-03-16","2026-03-16 22:23:00","Transbordadors","23:23","ESPMI","01C","224402000","9441130","ESPMI","Finalitzada","190","Palma de Mallorca","Palma de Mallorca","F","13-16","82541-1","2026-03-16","2026-03-16 19:13:00","Espanya","BALEARIA EUROLINEAS MARITIMAS SA ","ECPD"
"2026","F1","ES","2026-03-17 22:47:00","ABEL MATUTES","6,3","","https://www.marinetraffic.com/en/ais/details/ships/mmsi:224402000","TERMINAL F1","19:17","2026-03-17 18:17:00","2026-03-17","2026-03-17 21:47:00","Transbordadors","22:47","ESPMI","01D","224402000","9441130","ESPMI","Finalitzada","190","Palma de Mallorca","Palma de Mallorca","F","1-4","82542-1","2026-03-17","2026-03-17 19:17:00","Espanya","BALEARIA EUROLINEAS MARITIMAS SA ","ECPD"
"2026","F1","IT","2026-03-12 10:22:00","GNV SEALAND","6,79","25,6","https://www.marinetraffic.com/en/ais/details/ships/mmsi:247265800","TERMINAL F1","07:55","2026-03-11 06:55:00","2026-03-11","2026-03-12 09:22:00","Transbordadors","10:22","ESPMI","01D","247265800","9435454","ESPMI","Finalitzada","186,44","Palma de Mallorca","Palma de Mallorca","F","32-35","82426-2","2026-03-12","2026-03-11 07:55:00","Itàlia","TRANSCOMA BALEARES SA","IBDZ"
"2026","F1","MT","2026-02-05 12:20:00","VISBORG","6,41","25","https://www.marinetraffic.com/en/ais/details/ships/mmsi:229455000","TERMINAL F1","23:37","2026-02-04 22:37:00","2026-02-04","2026-02-05 11:20:00","Transbordadors","12:20","ESVLC","01D","229455000","9223784","DZALG","Finalitzada","196","Alger (Algiers)","Valencia","F","1-4","81503-3","2026-02-05","2026-02-04 23:37:00","Malta","BALEARIA EUROLINEAS MARITIMAS SA ","9HA5499"
"2026","F2","CY","2026-01-06 21:48:00","GOLDEN BRIDGE","6,92","","https://www.marinetraffic.com/en/ais/details/ships/mmsi:209410000","TERMINAL F2","19:26","2026-01-06 18:26:00","2026-01-06","2026-01-06 20:48:00","Transbordadors","21:48","ESMAH","19B","209410000","8902345","ESIBZ","Finalitzada","186,5","Ibiza","Mahon Menorca","F","1-4","80687-1","2026-01-06","2026-01-06 19:26:00","Xipre","TRANSCOMA BALEARES SA","5BCJ5"
"2026","F2","CY","2026-01-07 22:12:00","GOLDEN BRIDGE","6,92","","https://www.marinetraffic.com/en/ais/details/ships/mmsi:209410000","TERMINAL F2","19:09","2026-01-07 18:09:00","2026-01-07","2026-01-07 21:12:00","Transbordadors","22:12","ESMAH","19B","209410000","8902345","ESMAH","Finalitzada","186,5","Mahon Menorca","Mahon Menorca","F","1-4","80689-1","2026-01-07","2026-01-07 19:09:00","Xipre","TRANSCOMA BALEARES SA","5BCJ5"
"2026","F2","CY","2026-01-08 18:15:00","GUBAL TRADER","4,01","","https://www.marinetraffic.com/en/ais/details/ships/mmsi:210117000","TERMINAL F2","07:47","2026-01-08 06:47:00","2026-01-08","2026-01-08 17:15:00","Transbordadors","18:15","ESIBZ","19B","210117000","7802794","ESMAH","Finalitzada","139","Mahon Menorca","Ibiza","F","1-3","80705-1","2026-01-08","2026-01-08 07:47:00","Xipre","GRIMALDI LOGISTICA ESPAÑA SL","5BQV5"
"2026","F2","CY","2026-01-08 22:00:00","GOLDEN BRIDGE","6,92","24,8","https://www.marinetraffic.com/en/ais/details/ships/mmsi:209410000","TERMINAL F2","19:13","2026-01-08 18:13:00","2026-01-08","2026-01-08 21:00:00","Transbordadors","22:00","ESMAH","20D","209410000","8902345","ESMAH","Finalitzada","186,5","Mahon Menorca","Mahon Menorca","F","1-4","80694-1","2026-01-08","2026-01-08 19:13:00","Xipre","TRANSCOMA BALEARES SA","5BCJ5"
"2026","F2","CY","2026-01-09 22:10:00","GOLDEN BRIDGE","6,92","24,8","https://www.marinetraffic.com/en/ais/details/ships/mmsi:209410000","TERMINAL F2","19:44","2026-01-09 18:44:00","2026-01-09","2026-01-09 21:10:00","Transbordadors","22:10","ESMAH","20D","209410000","8902345","ESMAH","Finalitzada","186,5","Mahon Menorca","Mahon Menorca","F","1-4","80700-1","2026-01-09","2026-01-09 19:44:00","Xipre","TRANSCOMA BALEARES SA","5BCJ5"
"2026","F2","CY","2026-01-12 18:09:00","GUBAL TRADER","4,01","","https://www.marinetraffic.com/en/ais/details/ships/mmsi:210117000","TERMINAL F2","07:38","2026-01-12 06:38:00","2026-01-12","2026-01-12 17:09:00","Transbordadors","18:09","ESPMI","19A","210117000","7802794","ESPMI","Finalitzada","139","Palma de Mallorca","Palma de Mallorca","F","3-5","80713-1","2026-01-12","2026-01-12 07:38:00","Xipre","GRIMALDI LOGISTICA ESPAÑA SL","5BQV5"
"2026","F2","CY","2026-01-12 22:11:00","GOLDEN BRIDGE","6,92","","https://www.marinetraffic.com/en/ais/details/ships/mmsi:209410000","TERMINAL F2","06:23","2026-01-12 05:23:00","2026-01-12","2026-01-12 21:11:00","Transbordadors","22:11","ESMAH","18C","209410000","8902345","ESIBZ","Finalitzada","186,5","Ibiza","Mahon Menorca","F","5-9","80708-1","2026-01-12","2026-01-12 06:23:00","Xipre","TRANSCOMA BALEARES SA","5BCJ5"
"2026","F2","CY","2026-01-13 21:50:00","GOLDEN BRIDGE","6,92","24,8","https://www.marinetraffic.com/en/ais/details/ships/mmsi:209410000","TERMINAL F2","19:04","2026-01-13 18:04:00","2026-01-13","2026-01-13 20:50:00","Transbordadors","21:50","ESMAH","20D","209410000","8902345","ESMAH","Finalitzada","186,5","Mahon Menorca","Mahon Menorca","F","1-4","80914-1","2026-01-13","2026-01-13 19:04:00","Xipre","TRANSCOMA BALEARES SA","5BCJ5"
"2026","F2","CY","2026-01-14 21:56:00","GOLDEN BRIDGE","6,92","","https://www.marinetraffic.com/en/ais/details/ships/mmsi:209410000","TERMINAL F2","18:51","2026-01-14 17:51:00","2026-01-14","2026-01-14 20:56:00","Transbordadors","21:56","ESMAH","18C","209410000","8902345","ESMAH","Finalitzada","186,5","Mahon Menorca","Mahon Menorca","F","5-9","80917-1","2026-01-14","2026-01-14 18:51:00","Xipre","TRANSCOMA BALEARES SA","5BCJ5"
"2026","F2","CY","2026-01-15 17:58:00","GUBAL TRADER","4,01","","https://www.marinetraffic.com/en/ais/details/ships/mmsi:210117000","TERMINAL F2","07:41","2026-01-15 06:41:00","2026-01-15","2026-01-15 16:58:00","Transbordadors","17:58","ESIBZ","19A","210117000","7802794","ESMAH","Finalitzada","139","Mahon Menorca","Ibiza","F","3-5","80938-1","2026-01-15","2026-01-15 07:41:00","Xipre","GRIMALDI LOGISTICA ESPAÑA SL","5BQV5"
"2026","F2","CY","2026-01-15 22:08:00","GOLDEN BRIDGE","6,92","24,8","https://www.marinetraffic.com/en/ais/details/ships/mmsi:209410000","TERMINAL F2","19:13","2026-01-15 18:13:00","2026-01-15","2026-01-15 21:08:00","Transbordadors","22:08","ESMAH","20D","209410000","8902345","ESMAH","Finalitzada","186,5","Mahon Menorca","Mahon Menorca","F","1-4","80919-1","2026-01-15","2026-01-15 19:13:00","Xipre","TRANSCOMA BALEARES SA","5BCJ5"
"2026","F2","CY","2026-01-16 21:57:00","GOLDEN BRIDGE","6,92","","https://www.marinetraffic.com/en/ais/details/ships/mmsi:209410000","TERMINAL F2","18:49","2026-01-16 17:49:00","2026-01-16","2026-01-16 20:57:00","Transbordadors","21:57","ESIBZ","19B","209410000","8902345","ESMAH","Finalitzada","186,5","Mahon Menorca","Ibiza","F","1-4","80930-1","2026-01-16","2026-01-16 18:49:00","Xipre","TRANSCOMA BALEARES SA","5BCJ5"
"2026","F2","CY","2026-01-19 11:38:00","GUBAL TRADER","4,01","","https://www.marinetraffic.com/en/ais/details/ships/mmsi:210117000","TERMINAL F2","07:41","2026-01-19 06:41:00","2026-01-19","2026-01-19 10:38:00","Transbordadors","11:38","ESPMI","20D","210117000","7802794","ESPMI","Finalitzada","139","Palma de Mallorca","Palma de Mallorca","F","4-6","80940-1","2026-01-19","2026-01-19 07:41:00","Xipre","GRIMALDI LOGISTICA ESPAÑA SL","5BQV5"
"2026","F2","CY","2026-01-19 14:14:00","GOLDEN BRIDGE","6,92","24,8","https://www.marinetraffic.com/en/ais/details/ships/mmsi:209410000","TERMINAL F2","06:50","2026-01-19 05:50:00","2026-01-19","2026-01-19 13:14:00","Transbordadors","14:14","ESMAH","19B","209410000","8902345","ESIBZ","Finalitzada","186,5","Ibiza","Mahon Menorca","F","1-4","80939-1","2026-01-19","2026-01-19 06:50:00","Xipre","TRANSCOMA BALEARES SA","5BCJ5"
"2026","F2","CY","2026-01-19 16:11:00","ROSALIND FRANKLIN","6,2","","https://www.marinetraffic.com/en/ais/details/ships/mmsi:212805000","TERMINAL F2","09:21","2026-01-19 08:21:00","2026-01-19","2026-01-19 15:11:00","Transbordadors","16:11","DZALG","19A","212805000","8707329","ESVLC","Finalitzada","151,2","Valencia","Alger (Algiers)","F","3-5","80885-1","2026-01-19","2026-01-19 09:21:00","Xipre","BALEARIA EUROLINEAS MARITIMAS SA ","5BTP6"
"2026","F2","CY","2026-01-21 13:35:00","ROSALIND FRANKLIN","6,2","","https://www.marinetraffic.com/en/ais/details/ships/mmsi:212805000","TERMINAL F2","10:04","2026-01-21 09:04:00","2026-01-21","2026-01-21 12:35:00","Transbordadors","13:35","ESVLC","19B","212805000","8707329","DZALG","Finalitzada","151,2","Alger (Algiers)","Valencia","F","1-4","80886-1","2026-01-21","2026-01-21 10:04:00","Xipre","BALEARIA EUROLINEAS MARITIMAS SA ","5BTP6"
"2026","F2","CY","2026-01-21 18:15:00","GUBAL TRADER","4,01","","https://www.marinetraffic.com/en/ais/details/ships/mmsi:210117000","TERMINAL F2","12:28","2026-01-21 11:28:00","2026-01-21","2026-01-21 17:15:00","Transbordadors","18:15","ESPMI","19A","210117000","7802794","ESPMI","Finalitzada","139","Palma de Mallorca","Palma de Mallorca","F","3-5","80940-3","2026-01-21","2026-01-21 12:28:00","Xipre","GRIMALDI LOGISTICA ESPAÑA SL","5BQV5"
"2026","F2","CY","2026-01-21 21:40:00","GOLDEN BRIDGE","6,92","24,8","https://www.marinetraffic.com/en/ais/details/ships/mmsi:209410000","TERMINAL F2","15:39","2026-01-21 14:39:00","2026-01-21","2026-01-21 20:40:00","Transbordadors","21:40","ESMAH","19B","209410000","8902345","ESIBZ","Finalitzada","186,5","Ibiza","Mahon Menorca","F","1-4","80939-3","2026-01-21","2026-01-21 15:39:00","Xipre","TRANSCOMA BALEARES SA","5BCJ5"
"2026","F2","CY","2026-01-22 22:26:00","GOLDEN BRIDGE","6,92","24,8","https://www.marinetraffic.com/en/ais/details/ships/mmsi:209410000","TERMINAL F2","18:28","2026-01-22 17:28:00","2026-01-22","2026-01-22 21:26:00","Transbordadors","22:26","ESMAH","20D","209410000","8902345","ESPMI","Finalitzada","186,5","Palma de Mallorca","Mahon Menorca","F","1-4","81002-1","2026-01-22","2026-01-22 18:28:00","Xipre","TRANSCOMA BALEARES SA","5BCJ5"
"2026","F2","CY","2026-01-23 22:31:00","GOLDEN BRIDGE","6,92","24,8","https://www.marinetraffic.com/en/ais/details/ships/mmsi:209410000","TERMINAL F2","19:32","2026-01-23 18:32:00","2026-01-23","2026-01-23 21:31:00","Transbordadors","22:31","ESIBZ","20D","209410000","8902345","ESMAH","Finalitzada","186,5","Mahon Menorca","Ibiza","F","1-4","81008-1","2026-01-23","2026-01-23 19:32:00","Xipre","TRANSCOMA BALEARES SA","5BCJ5"
"2026","F2","CY","2026-01-24 13:06:00","GUBAL TRADER","4,01","","https://www.marinetraffic.com/en/ais/details/ships/mmsi:210117000","TERMINAL F2","07:17","2026-01-24 06:17:00","2026-01-24","2026-01-24 12:06:00","Transbordadors","13:06","ESIBZ","19A","210117000","7802794","ESMAH","Finalitzada","139","Mahon Menorca","Ibiza","F","3-5","81013-1","2026-01-24","2026-01-24 07:17:00","Xipre","GRIMALDI LOGISTICA ESPAÑA SL","5BQV5"
"2026","F2","CY","2026-01-26 17:41:00","GUBAL TRADER","4,01","16,51","https://www.marinetraffic.com/en/ais/details/ships/mmsi:210117000","TERMINAL F2","15:21","2026-01-26 14:21:00","2026-01-26","2026-01-26 16:41:00","Transbordadors","17:41","ESPMI","20A","210117000","7802794","ESIBZ","Finalitzada","139","Ibiza","Palma de Mallorca","F","4-6","81021-1","2026-01-26","2026-01-26 15:21:00","Xipre","GRIMALDI LOGISTICA ESPAÑA SL","5BQV5"
"2026","F2","CY","2026-01-26 21:57:00","GOLDEN BRIDGE","6,92","","https://www.marinetraffic.com/en/ais/details/ships/mmsi:209410000","TERMINAL F2","08:10","2026-01-26 07:10:00","2026-01-26","2026-01-26 20:57:00","Transbordadors","21:57","ESMAH","19B","209410000","8902345","ESIBZ","Finalitzada","186,5","Ibiza","Mahon Menorca","F","1-4","81012-1","2026-01-26","2026-01-26 08:10:00","Xipre","TRANSCOMA BALEARES SA","5BCJ5"
"2026","F2","CY","2026-01-27 21:50:00","GOLDEN BRIDGE","6,92","","https://www.marinetraffic.com/en/ais/details/ships/mmsi:209410000","TERMINAL F2","19:14","2026-01-27 18:14:00","2026-01-27","2026-01-27 20:50:00","Transbordadors","21:50","ESMAH","20D","209410000","8902345","ESMAH","Finalitzada","186,5","Mahon Menorca","Mahon Menorca","F","1-4","81282-1","2026-01-27","2026-01-27 19:14:00","Xipre","TRANSCOMA BALEARES SA","5BCJ5"
"2026","F2","CY","2026-01-28 22:07:00","GOLDEN BRIDGE","6,92","24,8","https://www.marinetraffic.com/en/ais/details/ships/mmsi:209410000","TERMINAL F2","18:56","2026-01-28 17:56:00","2026-01-28","2026-01-28 21:07:00","Transbordadors","22:07","ESMAH","20D","209410000","8902345","ESMAH","Finalitzada","186,5","Mahon Menorca","Mahon Menorca","F","1-4","81287-1","2026-01-28","2026-01-28 18:56:00","Xipre","TRANSCOMA BALEARES SA","5BCJ5"
"2026","F2","CY","2026-01-29 17:43:00","GUBAL TRADER","4,01","16,51","https://www.marinetraffic.com/en/ais/details/ships/mmsi:210117000","TERMINAL F2","08:36","2026-01-29 07:36:00","2026-01-29","2026-01-29 16:43:00","Transbordadors","17:43","ESPMI","19A","210117000","7802794","ESIBZ","Finalitzada","139","Ibiza","Palma de Mallorca","F","3-5","81021-3","2026-01-29","2026-01-29 08:36:00","Xipre","GRIMALDI LOGISTICA ESPAÑA SL","5BQV5"
"2026","F2","CY","2026-01-29 21:59:00","GOLDEN BRIDGE","6,92","","https://www.marinetraffic.com/en/ais/details/ships/mmsi:209410000","TERMINAL F2","18:48","2026-01-29 17:48:00","2026-01-29","2026-01-29 20:59:00","Transbordadors","21:59","ESMAH","19B","209410000","8902345","ESMAH","Finalitzada","186,5","Mahon Menorca","Mahon Menorca","F","1-4","81289-1","2026-01-29","2026-01-29 18:48:00","Xipre","TRANSCOMA BALEARES SA","5BCJ5"
"2026","F2","CY","2026-01-30 21:58:00","GOLDEN BRIDGE","6,92","24,8","https://www.marinetraffic.com/en/ais/details/ships/mmsi:209410000","TERMINAL F2","18:56","2026-01-30 17:56:00","2026-01-30","2026-01-30 20:58:00","Transbordadors","21:58","ESIBZ","20D","209410000","8902345","ESMAH","Finalitzada","186,5","Mahon Menorca","Ibiza","F","1-4","81292-1","2026-01-30","2026-01-30 18:56:00","Xipre","TRANSCOMA BALEARES SA","5BCJ5"
"2026","F2","CY","2026-02-02 10:02:00","GOLDEN BRIDGE","6,92","24,8","https://www.marinetraffic.com/en/ais/details/ships/mmsi:209410000","TERMINAL F2","06:29","2026-02-02 05:29:00","2026-02-02","2026-02-02 09:02:00","Transbordadors","10:02","ESMAH","18C","209410000","8902345","ESIBZ","Finalitzada","186,5","Ibiza","Mahon Menorca","F","5-9","81297-1","2026-02-02","2026-02-02 06:29:00","Xipre","TRANSCOMA BALEARES SA","5BCJ5"
"2026","F2","CY","2026-02-02 18:01:00","GUBAL TRADER","4,01","16,51","https://www.marinetraffic.com/en/ais/details/ships/mmsi:210117000","TERMINAL F2","11:16","2026-02-01 10:16:00","2026-02-01","2026-02-02 17:01:00","Transbordadors","18:01","ESPMI","19A","210117000","7802794","ESPMI","Finalitzada","139","Palma de Mallorca","Palma de Mallorca","F","3-5","81273-1","2026-02-02","2026-02-01 11:16:00","Xipre","GRIMALDI LOGISTICA ESPAÑA SL","5BQV5"
"2026","F2","CY","2026-02-02 22:10:00","GOLDEN BRIDGE","6,92","24,8","https://www.marinetraffic.com/en/ais/details/ships/mmsi:209410000","TERMINAL F2","17:02","2026-02-02 16:02:00","2026-02-02","2026-02-02 21:10:00","Transbordadors","22:10","ESMAH","20D","209410000","8902345","ESIBZ","Finalitzada","186,5","Ibiza","Mahon Menorca","F","1-4","81297-3","2026-02-02","2026-02-02 17:02:00","Xipre","TRANSCOMA BALEARES SA","5BCJ5"
"2026","F2","CY","2026-02-03 22:10:00","GOLDEN BRIDGE","6,92","24,8","https://www.marinetraffic.com/en/ais/details/ships/mmsi:209410000","TERMINAL F2","18:56","2026-02-03 17:56:00","2026-02-03","2026-02-03 21:10:00","Transbordadors","22:10","ESMAH","20D","209410000","8902345","ESMAH","Finalitzada","186,5","Mahon Menorca","Mahon Menorca","F","1-4","81479-1","2026-02-03","2026-02-03 18:56:00","Xipre","TRANSCOMA BALEARES SA","5BCJ5"
"2026","F2","CY","2026-02-04 22:03:00","GOLDEN BRIDGE","6,92","24,8","https://www.marinetraffic.com/en/ais/details/ships/mmsi:209410000","TERMINAL F2","19:06","2026-02-04 18:06:00","2026-02-04","2026-02-04 21:03:00","Transbordadors","22:03","ESMAH","20D","209410000","8902345","ESMAH","Finalitzada","186,5","Mahon Menorca","Mahon Menorca","F","1-4","81484-1","2026-02-04","2026-02-04 19:06:00","Xipre","TRANSCOMA BALEARES SA","5BCJ5"
"2026","F2","CY","2026-02-05 11:43:00","GUBAL TRADER","4,01","16,51","https://www.marinetraffic.com/en/ais/details/ships/mmsi:210117000","TERMINAL F2","07:39","2026-02-05 06:39:00","2026-02-05","2026-02-05 10:43:00","Transbordadors","11:43","ESPMI","19A","210117000","7802794","ESIBZ","Finalitzada","139","Ibiza","Palma de Mallorca","F","3-5","81475-1","2026-02-05","2026-02-05 07:39:00","Xipre","GRIMALDI LOGISTICA ESPAÑA SL","5BQV5"
"2026","F2","CY","2026-02-05 22:01:00","GOLDEN BRIDGE","6,92","","https://www.marinetraffic.com/en/ais/details/ships/mmsi:209410000","TERMINAL F2","18:50","2026-02-05 17:50:00","2026-02-05","2026-02-05 21:01:00","Transbordadors","22:01","ESMAH","19B","209410000","8902345","ESMAH","Finalitzada","186,5","Mahon Menorca","Mahon Menorca","F","1-4","81490-1","2026-02-05","2026-02-05 18:50:00","Xipre","TRANSCOMA BALEARES SA","5BCJ5"
"2026","F2","CY","2026-02-06 22:06:00","GOLDEN BRIDGE","6,92","24,8","https://www.marinetraffic.com/en/ais/details/ships/mmsi:209410000","TERMINAL F2","19:25","2026-02-06 18:25:00","2026-02-06","2026-02-06 21:06:00","Transbordadors","22:06","ESIBZ","20D","209410000","8902345","ESMAH","Finalitzada","186,5","Mahon Menorca","Ibiza","F","1-4","81495-1","2026-02-06","2026-02-06 19:25:00","Xipre","TRANSCOMA BALEARES SA","5BCJ5"
"2026","F2","CY","2026-02-07 19:44:00","GUBAL TRADER","4,01","16,51","https://www.marinetraffic.com/en/ais/details/ships/mmsi:210117000","TERMINAL F2","06:20","2026-02-07 05:20:00","2026-02-07","2026-02-07 18:44:00","Transbordadors","19:44","ESPMI","19B","210117000","7802794","ESIBZ","Finalitzada","139","Ibiza","Palma de Mallorca","F","1-3","81475-3","2026-02-07","2026-02-07 06:20:00","Xipre","GRIMALDI LOGISTICA ESPAÑA SL","5BQV5"
"2026","F2","CY","2026-02-09 18:44:00","GUBAL TRADER","4,01","","https://www.marinetraffic.com/en/ais/details/ships/mmsi:210117000","TERMINAL F2","07:47","2026-02-09 06:47:00","2026-02-09","2026-02-09 17:44:00","Transbordadors","18:44","ESPMI","19A","210117000","7802794","ESIBZ","Finalitzada","139","Ibiza","Palma de Mallorca","F","3-5","81696-1","2026-02-09","2026-02-09 07:47:00","Xipre","GRIMALDI LOGISTICA ESPAÑA SL","5BQV5"
"2026","F2","CY","2026-02-09 22:02:00","GOLDEN BRIDGE","6,92","","https://www.marinetraffic.com/en/ais/details/ships/mmsi:209410000","TERMINAL F2","06:55","2026-02-09 05:55:00","2026-02-09","2026-02-09 21:02:00","Transbordadors","22:02","ESIBZ","19B","209410000","8902345","ESIBZ","Finalitzada","186,5","Ibiza","Ibiza","F","1-4","81498-1","2026-02-09","2026-02-09 06:55:00","Xipre","TRANSCOMA BALEARES SA","5BCJ5"
"2026","F2","CY","2026-02-10 21:52:00","GOLDEN BRIDGE","6,92","24,8","https://www.marinetraffic.com/en/ais/details/ships/mmsi:209410000","TERMINAL F2","19:21","2026-02-10 18:21:00","2026-02-10","2026-02-10 20:52:00","Transbordadors","21:52","ESMAH","20D","209410000","8902345","ESIBZ","Finalitzada","186,5","Ibiza","Mahon Menorca","F","1-4","81642-1","2026-02-10","2026-02-10 19:21:00","Xipre","TRANSCOMA BALEARES SA","5BCJ5"
"2026","F2","CY","2026-02-11 23:01:00","GOLDEN BRIDGE","6,92","24,8","https://www.marinetraffic.com/en/ais/details/ships/mmsi:209410000","TERMINAL F2","19:04","2026-02-11 18:04:00","2026-02-11","2026-02-11 22:01:00","Transbordadors","23:01","ESPMI","20D","209410000","8902345","ESMAH","Finalitzada","186,5","Mahon Menorca","Palma de Mallorca","F","1-4","81652-1","2026-02-11","2026-02-11 19:04:00","Xipre","TRANSCOMA BALEARES SA","5BCJ5"
"2026","F2","CY","2026-02-13 03:35:00","GOLDEN BRIDGE","6,92","24,8","https://www.marinetraffic.com/en/ais/details/ships/mmsi:209410000","TERMINAL F2","00:51","2026-02-12 23:51:00","2026-02-13","2026-02-13 02:35:00","Transbordadors","03:35","ESPMI","20D","209410000","8902345","ESPMI","Finalitzada","186,5","Palma de Mallorca","Palma de Mallorca","F","1-4","81655-1","2026-02-13","2026-02-13 00:51:00","Xipre","TRANSCOMA BALEARES SA","5BCJ5"
"2026","F2","CY","2026-02-14 00:27:00","GOLDEN BRIDGE","6,92","24,8","https://www.marinetraffic.com/en/ais/details/ships/mmsi:209410000","TERMINAL F2","22:03","2026-02-13 21:03:00","2026-02-13","2026-02-13 23:27:00","Transbordadors","00:27","ESPMI","20D","209410000","8902345","ESPMI","Finalitzada","186,5","Palma de Mallorca","Palma de Mallorca","F","1-4","81660-1","2026-02-14","2026-02-13 22:03:00","Xipre","TRANSCOMA BALEARES SA","5BCJ5"
"2026","F2","CY","2026-02-15 21:55:00","GOLDEN BRIDGE","6,92","","https://www.marinetraffic.com/en/ais/details/ships/mmsi:209410000","TERMINAL F2","06:04","2026-02-15 05:04:00","2026-02-15","2026-02-15 20:55:00","Transbordadors","21:55","ESIBZ","18C","209410000","8902345","ESMAH","Finalitzada","186,5","Mahon Menorca","Ibiza","F","5-9","81665-1","2026-02-15","2026-02-15 06:04:00","Xipre","TRANSCOMA BALEARES SA","5BCJ5"
"2026","F2","CY","2026-02-16 16:13:00","KERRY","6,53","","https://www.marinetraffic.com/en/ais/details/ships/mmsi:210772000","TERMINAL F2","06:09","2026-02-16 05:09:00","2026-02-16","2026-02-16 15:13:00","Transbordadors","16:13","DZALG","19B","210772000","9243447","ESPMI","Finalitzada","186,5","Palma de Mallorca","Alger (Algiers)","F","1-4","81686-3","2026-02-16","2026-02-16 06:09:00","Xipre","BALEARIA EUROLINEAS MARITIMAS SA ","5BZF3"
"2026","F2","CY","2026-02-16 18:17:00","GUBAL TRADER","4,01","16,51","https://www.marinetraffic.com/en/ais/details/ships/mmsi:210117000","TERMINAL F2","15:27","2026-02-15 14:27:00","2026-02-15","2026-02-16 17:17:00","Transbordadors","18:17","ESIBZ","19A","210117000","7802794","ESMAH","Finalitzada","139","Mahon Menorca","Ibiza","F","3-5","81641-2","2026-02-16","2026-02-15 15:27:00","Xipre","GRIMALDI LOGISTICA ESPAÑA SL","5BQV5"
"2026","F2","CY","2026-02-16 22:16:00","GOLDEN BRIDGE","6,92","24,8","https://www.marinetraffic.com/en/ais/details/ships/mmsi:209410000","TERMINAL F2","18:20","2026-02-16 17:20:00","2026-02-16","2026-02-16 21:16:00","Transbordadors","22:16","ESMAH","20D","209410000","8902345","ESPMI","Finalitzada","186,5","Palma de Mallorca","Mahon Menorca","F","1-4","82040-1","2026-02-16","2026-02-16 18:20:00","Xipre","TRANSCOMA BALEARES SA","5BCJ5"
"2026","F2","CY","2026-02-17 22:18:00","GOLDEN BRIDGE","6,92","24,8","https://www.marinetraffic.com/en/ais/details/ships/mmsi:209410000","TERMINAL F2","19:42","2026-02-17 18:42:00","2026-02-17","2026-02-17 21:18:00","Transbordadors","22:18","ESMAH","20D","209410000","8902345","ESIBZ","Finalitzada","186,5","Ibiza","Mahon Menorca","F","1-4","81987-1","2026-02-17","2026-02-17 19:42:00","Xipre","TRANSCOMA BALEARES SA","5BCJ5"
"2026","F2","CY","2026-02-18 13:03:00","KERRY","6,53","","https://www.marinetraffic.com/en/ais/details/ships/mmsi:210772000","TERMINAL F2","10:02","2026-02-18 09:02:00","2026-02-18","2026-02-18 12:03:00","Transbordadors","13:03","ESPMI","19B","210772000","9243447","DZALG","Finalitzada","186,5","Alger (Algiers)","Palma de Mallorca","F","1-4","81689-1","2026-02-18","2026-02-18 10:02:00","Xipre","BALEARIA EUROLINEAS MARITIMAS SA ","5BZF3"
"2026","F2","CY","2026-02-18 22:03:00","GOLDEN BRIDGE","6,92","24,8","https://www.marinetraffic.com/en/ais/details/ships/mmsi:209410000","TERMINAL F2","19:01","2026-02-18 18:01:00","2026-02-18","2026-02-18 21:03:00","Transbordadors","22:03","ESMAH","20D","209410000","8902345","ESMAH","Finalitzada","186,5","Mahon Menorca","Mahon Menorca","F","1-4","81997-1","2026-02-18","2026-02-18 19:01:00","Xipre","TRANSCOMA BALEARES SA","5BCJ5"
"2026","F2","CY","2026-02-19 18:22:00","GUBAL TRADER","4,01","","https://www.marinetraffic.com/en/ais/details/ships/mmsi:210117000","TERMINAL F2","06:34","2026-02-19 05:34:00","2026-02-19","2026-02-19 17:22:00","Transbordadors","18:22","ESPMI","19A","210117000","7802794","ESPMI","Finalitzada","139","Palma de Mallorca","Palma de Mallorca","F","3-5","81974-1","2026-02-19","2026-02-19 06:34:00","Xipre","GRIMALDI LOGISTICA ESPAÑA SL","5BQV5"
"2026","F2","CY","2026-02-19 22:22:00","GOLDEN BRIDGE","6,92","","https://www.marinetraffic.com/en/ais/details/ships/mmsi:209410000","TERMINAL F2","19:31","2026-02-19 18:31:00","2026-02-19","2026-02-19 21:22:00","Transbordadors","22:22","ESMAH","19B","209410000","8902345","ESMAH","Finalitzada","186,5","Mahon Menorca","Mahon Menorca","F","1-4","82005-1","2026-02-19","2026-02-19 19:31:00","Xipre","TRANSCOMA BALEARES SA","5BCJ5"
"2026","F2","CY","2026-02-20 21:49:00","GOLDEN BRIDGE","6,92","24,8","https://www.marinetraffic.com/en/ais/details/ships/mmsi:209410000","TERMINAL F2","19:35","2026-02-20 18:35:00","2026-02-20","2026-02-20 20:49:00","Transbordadors","21:49","ESIBZ","20D","209410000","8902345","ESMAH","Finalitzada","186,5","Mahon Menorca","Ibiza","F","1-4","82014-1","2026-02-20","2026-02-20 19:35:00","Xipre","TRANSCOMA BALEARES SA","5BCJ5"
"2026","F2","CY","2026-02-23 18:00:00","GUBAL TRADER","4,01","","https://www.marinetraffic.com/en/ais/details/ships/mmsi:210117000","TERMINAL F2","07:38","2026-02-22 06:38:00","2026-02-22","2026-02-23 17:00:00","Transbordadors","18:00","ESPMI","19A","210117000","7802794","ESMAH","Finalitzada","139","Mahon Menorca","Palma de Mallorca","F","3-5","82021-1","2026-02-23","2026-02-22 07:38:00","Xipre","GRIMALDI LOGISTICA ESPAÑA SL","5BQV5"
"2026","F2","CY","2026-02-23 22:06:00","GOLDEN BRIDGE","6,92","","https://www.marinetraffic.com/en/ais/details/ships/mmsi:209410000","TERMINAL F2","07:03","2026-02-23 06:03:00","2026-02-23","2026-02-23 21:06:00","Transbordadors","22:06","ESIBZ","18C","209410000","8902345","ESIBZ","Finalitzada","186,5","Ibiza","Ibiza","F","5-9","82018-1","2026-02-23","2026-02-23 07:03:00","Xipre","TRANSCOMA BALEARES SA","5BCJ5"
"2026","F2","CY","2026-02-24 22:04:00","GOLDEN BRIDGE","6,92","24,8","https://www.marinetraffic.com/en/ais/details/ships/mmsi:209410000","TERMINAL F2","18:56","2026-02-24 17:56:00","2026-02-24","2026-02-24 21:04:00","Transbordadors","22:04","ESIBZ","20D","209410000","8902345","ESIBZ","Finalitzada","186,5","Ibiza","Ibiza","F","1-4","82238-1","2026-02-24","2026-02-24 18:56:00","Xipre","TRANSCOMA BALEARES SA","5BCJ5"
"2026","F2","CY","2026-02-25 21:52:00","GOLDEN BRIDGE","6,92","24,8","https://www.marinetraffic.com/en/ais/details/ships/mmsi:209410000","TERMINAL F2","18:52","2026-02-25 17:52:00","2026-02-25","2026-02-25 20:52:00","Transbordadors","21:52","ESMAH","20D","209410000","8902345","ESMAH","Finalitzada","186,5","Mahon Menorca","Mahon Menorca","F","1-4","82240-1","2026-02-25","2026-02-25 18:52:00","Xipre","TRANSCOMA BALEARES SA","5BCJ5"
"2026","F2","CY","2026-02-26 18:05:00","GUBAL TRADER","4,01","","https://www.marinetraffic.com/en/ais/details/ships/mmsi:210117000","TERMINAL F2","07:50","2026-02-26 06:50:00","2026-02-26","2026-02-26 17:05:00","Transbordadors","18:05","ESIBZ","19A","210117000","7802794","ESPMI","Finalitzada","139","Palma de Mallorca","Ibiza","F","3-5","82189-1","2026-02-26","2026-02-26 07:50:00","Xipre","GRIMALDI LOGISTICA ESPAÑA SL","5BQV5"
"2026","F2","CY","2026-02-26 22:07:00","GOLDEN BRIDGE","6,92","","https://www.marinetraffic.com/en/ais/details/ships/mmsi:209410000","TERMINAL F2","18:44","2026-02-26 17:44:00","2026-02-26","2026-02-26 21:07:00","Transbordadors","22:07","ESMAH","19B","209410000","8902345","ESMAH","Finalitzada","186,5","Mahon Menorca","Mahon Menorca","F","1-4","82242-1","2026-02-26","2026-02-26 18:44:00","Xipre","TRANSCOMA BALEARES SA","5BCJ5"
"2026","F2","CY","2026-02-27 22:33:00","GOLDEN BRIDGE","6,92","24,8","https://www.marinetraffic.com/en/ais/details/ships/mmsi:209410000","TERMINAL F2","19:14","2026-02-27 18:14:00","2026-02-27","2026-02-27 21:33:00","Transbordadors","22:33","ESPMI","20D","209410000","8902345","ESMAH","Finalitzada","186,5","Mahon Menorca","Palma de Mallorca","F","1-4","82245-1","2026-02-27","2026-02-27 19:14:00","Xipre","TRANSCOMA BALEARES SA","5BCJ5"
"2026","F2","CY","2026-03-01 21:48:00","GOLDEN BRIDGE","6,92","24,8","https://www.marinetraffic.com/en/ais/details/ships/mmsi:209410000","TERMINAL F2","06:12","2026-03-01 05:12:00","2026-03-01","2026-03-01 20:48:00","Transbordadors","21:48","ESPMI","19B","209410000","8902345","ESPMI","Finalitzada","186,5","Palma de Mallorca","Palma de Mallorca","F","1-4","82304-1","2026-03-01","2026-03-01 06:12:00","Xipre","TRANSCOMA BALEARES SA","5BCJ5"
"2026","F2","CY","2026-03-02 18:14:00","GUBAL TRADER","4,01","","https://www.marinetraffic.com/en/ais/details/ships/mmsi:210117000","TERMINAL F2","07:36","2026-03-02 06:36:00","2026-03-02","2026-03-02 17:14:00","Transbordadors","18:14","ESPMI","19A","210117000","7802794","ESMAH","Finalitzada","139","Mahon Menorca","Palma de Mallorca","F","3-5","82195-1","2026-03-02","2026-03-02 07:36:00","Xipre","GRIMALDI LOGISTICA ESPAÑA SL","5BQV5"
"2026","F2","CY","2026-03-02 23:23:00","GOLDEN BRIDGE","6,92","","https://www.marinetraffic.com/en/ais/details/ships/mmsi:209410000","TERMINAL F2","18:57","2026-03-02 17:57:00","2026-03-02","2026-03-02 22:23:00","Transbordadors","23:23","ESPMI","20D","209410000","8902345","ESPMI","Finalitzada","186,5","Palma de Mallorca","Palma de Mallorca","F","1-4","82380-1","2026-03-02","2026-03-02 18:57:00","Xipre","TRANSCOMA BALEARES SA","5BCJ5"
"2026","F2","CY","2026-03-03 22:30:00","GOLDEN BRIDGE","6,92","24,8","https://www.marinetraffic.com/en/ais/details/ships/mmsi:209410000","TERMINAL F2","19:25","2026-03-03 18:25:00","2026-03-03","2026-03-03 21:30:00","Transbordadors","22:30","ESMAH","20D","209410000","8902345","ESPMI","Finalitzada","186,5","Palma de Mallorca","Mahon Menorca","F","1-4","82418-1","2026-03-03","2026-03-03 19:25:00","Xipre","TRANSCOMA BALEARES SA","5BCJ5"
"2026","F2","CY","2026-03-05 00:05:00","GOLDEN BRIDGE","6,92","24,8","https://www.marinetraffic.com/en/ais/details/ships/mmsi:209410000","TERMINAL F2","19:45","2026-03-04 18:45:00","2026-03-04","2026-03-04 23:05:00","Transbordadors","00:05","ESMAH","18C","209410000","8902345","ESMAH","Finalitzada","186,5","Mahon Menorca","Mahon Menorca","F","5-9","82422-1","2026-03-05","2026-03-04 19:45:00","Xipre","TRANSCOMA BALEARES SA","5BCJ5"
"2026","F2","CY","2026-03-05 17:59:00","GUBAL TRADER","4,01","","https://www.marinetraffic.com/en/ais/details/ships/mmsi:210117000","TERMINAL F2","07:44","2026-03-05 06:44:00","2026-03-05","2026-03-05 16:59:00","Transbordadors","17:59","ESIBZ","19B","210117000","7802794","ESPMI","Finalitzada","139","Palma de Mallorca","Ibiza","F","1-3","82403-1","2026-03-05","2026-03-05 07:44:00","Xipre","GRIMALDI LOGISTICA ESPAÑA SL","5BQV5"
"2026","F2","CY","2026-03-06 01:51:00","GOLDEN BRIDGE","6,92","","https://www.marinetraffic.com/en/ais/details/ships/mmsi:209410000","TERMINAL F2","21:23","2026-03-05 20:23:00","2026-03-05","2026-03-06 00:51:00","Transbordadors","01:51","ESMAH","19B","209410000","8902345","ESIBZ","Finalitzada","186,5","Ibiza","Mahon Menorca","F","1-4","82427-1","2026-03-06","2026-03-05 21:23:00","Xipre","TRANSCOMA BALEARES SA","5BCJ5"
"2026","F2","CY","2026-03-08 22:57:00","GUBAL TRADER","4,01","16,51","https://www.marinetraffic.com/en/ais/details/ships/mmsi:210117000","TERMINAL F2","07:33","2026-03-08 06:33:00","2026-03-08","2026-03-08 21:57:00","Transbordadors","22:57","ESPMI","20A","210117000","7802794","ESMAH","Finalitzada","139","Mahon Menorca","Palma de Mallorca","F","3-6","82410-1","2026-03-08","2026-03-08 07:33:00","Xipre","GRIMALDI LOGISTICA ESPAÑA SL","5BQV5"
"2026","F2","CY","2026-03-09 18:19:00","GUBAL TRADER","4,01","16,51","https://www.marinetraffic.com/en/ais/details/ships/mmsi:210117000","TERMINAL F2","22:58","2026-03-08 21:58:00","2026-03-08","2026-03-09 17:19:00","Transbordadors","18:19","ESPMI","19A","210117000","7802794","ESMAH","Finalitzada","139","Mahon Menorca","Palma de Mallorca","F","3-5","82410-2","2026-03-09","2026-03-08 22:58:00","Xipre","GRIMALDI LOGISTICA ESPAÑA SL","5BQV5"
"2026","F2","CY","2026-03-12 01:22:00","GOLDEN CARRIER","5,9","","https://www.marinetraffic.com/en/ais/details/ships/mmsi:209869000","TERMINAL F2","19:27","2026-03-11 18:27:00","2026-03-11","2026-03-12 00:22:00","Transbordadors","01:22","ESPMI","20A","209869000","8420842","ITPMO","Finalitzada","186,02","Palermo","Palma de Mallorca","F","3-6","82659-1","2026-03-12","2026-03-11 19:27:00","Xipre","TRANSCOMA BALEARES SA","5BKW5"
"2026","F2","CY","2026-03-12 18:21:00","GUBAL TRADER","4,01","","https://www.marinetraffic.com/en/ais/details/ships/mmsi:210117000","TERMINAL F2","07:52","2026-03-12 06:52:00","2026-03-12","2026-03-12 17:21:00","Transbordadors","18:21","ESIBZ","19B","210117000","7802794","ESPMI","Finalitzada","139","Palma de Mallorca","Ibiza","F","1-3","82607-1","2026-03-12","2026-03-12 07:52:00","Xipre","GRIMALDI LOGISTICA ESPAÑA SL","5BQV5"
"2026","F2","CY","2026-03-13 00:50:00","GOLDEN CARRIER","5,9","","https://www.marinetraffic.com/en/ais/details/ships/mmsi:209869000","TERMINAL F2","21:08","2026-03-12 20:08:00","2026-03-12","2026-03-12 23:50:00","Transbordadors","00:50","ESPMI","20A","209869000","8420842","ESPMI","Finalitzada","186,02","Palma de Mallorca","Palma de Mallorca","F","3-6","82660-1","2026-03-13","2026-03-12 21:08:00","Xipre","TRANSCOMA BALEARES SA","5BKW5"
"2026","F2","CY","2026-03-14 01:05:00","GOLDEN CARRIER","5,9","","https://www.marinetraffic.com/en/ais/details/ships/mmsi:209869000","TERMINAL F2","21:30","2026-03-13 20:30:00","2026-03-13","2026-03-14 00:05:00","Transbordadors","01:05","ESPMI","20A","209869000","8420842","ESPMI","Finalitzada","186,02","Palma de Mallorca","Palma de Mallorca","F","3-6","82661-1","2026-03-14","2026-03-13 21:30:00","Xipre","TRANSCOMA BALEARES SA","5BKW5"
"2026","F2","CY","2026-03-15 04:33:00","GUBAL TRADER","4,01","","https://www.marinetraffic.com/en/ais/details/ships/mmsi:210117000","TERMINAL F2","01:41","2026-03-15 00:41:00","2026-03-15","2026-03-15 03:33:00","Transbordadors","04:33","ESIBZ","19B","210117000","7802794","ESPMI","Finalitzada","139","Palma de Mallorca","Ibiza","F","1-3","82732-1","2026-03-15","2026-03-15 01:41:00","Xipre","GRIMALDI LOGISTICA ESPAÑA SL","5BQV5"
"2026","F2","CY","2026-03-15 20:39:00","GOLDEN CARRIER","5,9","","https://www.marinetraffic.com/en/ais/details/ships/mmsi:209869000","TERMINAL F2","06:25","2026-03-15 05:25:00","2026-03-15","2026-03-15 19:39:00","Transbordadors","20:39","ESPMI","20A","209869000","8420842","ESPMI","Finalitzada","186,02","Palma de Mallorca","Palma de Mallorca","F","3-6","82662-1","2026-03-15","2026-03-15 06:25:00","Xipre","TRANSCOMA BALEARES SA","5BKW5"
"2026","F2","CY","2026-03-16 22:08:00","GOLDEN CARRIER","5,9","","https://www.marinetraffic.com/en/ais/details/ships/mmsi:209869000","TERMINAL F2","18:27","2026-03-16 17:27:00","2026-03-16","2026-03-16 21:08:00","Transbordadors","22:08","ESPMI","20D","209869000","8420842","ESPMI","Finalitzada","186,02","Palma de Mallorca","Palma de Mallorca","F","1-4","82663-1","2026-03-16","2026-03-16 18:27:00","Xipre","TRANSCOMA BALEARES SA","5BKW5"
"2026","F2","CY","2026-03-17 18:43:00","GUBAL TRADER","4,01","16,51","https://www.marinetraffic.com/en/ais/details/ships/mmsi:210117000","TERMINAL F2","07:39","2026-03-17 06:39:00","2026-03-17","2026-03-17 17:43:00","Transbordadors","18:43","ESPMI","19B","210117000","7802794","ESMAH","Finalitzada","139","Mahon Menorca","Palma de Mallorca","F","1-3","82613-1","2026-03-17","2026-03-17 07:39:00","Xipre","GRIMALDI LOGISTICA ESPAÑA SL","5BQV5"
"2026","F2","CY","2026-03-17 23:31:00","GOLDEN CARRIER","5,9","","https://www.marinetraffic.com/en/ais/details/ships/mmsi:209869000","TERMINAL F2","19:27","2026-03-17 18:27:00","2026-03-17","2026-03-17 22:31:00","Transbordadors","23:31","ESPMI","20A","209869000","8420842","ESPMI","Finalitzada","186,02","Palma de Mallorca","Palma de Mallorca","F","3-6","82772-1","2026-03-17","2026-03-17 19:27:00","Xipre","TRANSCOMA BALEARES SA","5BKW5"
"2026","F2","ES","2026-01-06 22:04:00","CIUDAD DE BARCELONA","6,7","","https://www.marinetraffic.com/en/ais/details/ships/mmsi:225416000","TERMINAL F2","18:56","2026-01-06 17:56:00","2026-01-06","2026-01-06 21:04:00","Transbordadors","22:04","ESIBZ","18C","225416000","9506289","ESMAH","Finalitzada","176","Mahon Menorca","Ibiza","F","6-9","80699-1","2026-01-06","2026-01-06 18:56:00","Espanya","GRIMALDI LOGISTICA ESPAÑA SL","EAIE"
"2026","F2","ES","2026-01-06 22:44:00","CIUDAD DE PALMA","6,71","","https://www.marinetraffic.com/en/ais/details/ships/mmsi:224588000","TERMINAL F2","18:48","2026-01-06 17:48:00","2026-01-06","2026-01-06 21:44:00","Transbordadors","22:44","ESPMI","19A","224588000","9349772","ESPMI","Finalitzada","186","Palma de Mallorca","Palma de Mallorca","F","2-5","80696-1","2026-01-06","2026-01-06 18:48:00","Espanya","GRIMALDI LOGISTICA ESPAÑA SL","EAMS"
"2026","F2","ES","2026-01-07 22:47:00","CIUDAD DE PALMA","6,71","","https://www.marinetraffic.com/en/ais/details/ships/mmsi:224588000","TERMINAL F2","18:51","2026-01-07 17:51:00","2026-01-07","2026-01-07 21:47:00","Transbordadors","22:47","ESPMI","19A","224588000","9349772","ESPMI","Finalitzada","186","Palma de Mallorca","Palma de Mallorca","F","2-5","80701-1","2026-01-07","2026-01-07 18:51:00","Espanya","GRIMALDI LOGISTICA ESPAÑA SL","EAMS"
"2026","F2","ES","2026-01-07 23:08:00","CIUDAD DE BARCELONA","6,7","","https://www.marinetraffic.com/en/ais/details/ships/mmsi:225416000","TERMINAL F2","19:23","2026-01-07 18:23:00","2026-01-07","2026-01-07 22:08:00","Transbordadors","23:08","ESIBZ","18C","225416000","9506289","ESIBZ","Finalitzada","176","Ibiza","Ibiza","F","6-9","80703-1","2026-01-07","2026-01-07 19:23:00","Espanya","GRIMALDI LOGISTICA ESPAÑA SL","EAIE"
"2026","F2","ES","2026-01-08 22:15:00","CIUDAD DE BARCELONA","6,7","","https://www.marinetraffic.com/en/ais/details/ships/mmsi:225416000","TERMINAL F2","19:21","2026-01-08 18:21:00","2026-01-08","2026-01-08 21:15:00","Transbordadors","22:15","ESIBZ","18C","225416000","9506289","ESIBZ","Finalitzada","176","Ibiza","Ibiza","F","6-9","80709-1","2026-01-08","2026-01-08 19:21:00","Espanya","GRIMALDI LOGISTICA ESPAÑA SL","EAIE"
"2026","F2","ES","2026-01-08 22:47:00","CIUDAD DE PALMA","6,71","25,6","https://www.marinetraffic.com/en/ais/details/ships/mmsi:224588000","TERMINAL F2","19:04","2026-01-08 18:04:00","2026-01-08","2026-01-08 21:47:00","Transbordadors","22:47","ESPMI","19A","224588000","9349772","ESPMI","Finalitzada","186","Palma de Mallorca","Palma de Mallorca","F","2-5","80707-1","2026-01-08","2026-01-08 19:04:00","Espanya","GRIMALDI LOGISTICA ESPAÑA SL","EAMS"
"2026","F2","ES","2026-01-09 22:34:00","CIUDAD DE BARCELONA","6,7","","https://www.marinetraffic.com/en/ais/details/ships/mmsi:225416000","TERMINAL F2","19:23","2026-01-09 18:23:00","2026-01-09","2026-01-09 21:34:00","Transbordadors","22:34","ESMAH","18C","225416000","9506289","ESIBZ","Finalitzada","176","Ibiza","Mahon Menorca","F","6-9","80711-1","2026-01-09","2026-01-09 19:23:00","Espanya","GRIMALDI LOGISTICA ESPAÑA SL","EAIE"
"2026","F2","ES","2026-01-09 23:38:00","CIUDAD DE PALMA","6,71","25,6","https://www.marinetraffic.com/en/ais/details/ships/mmsi:224588000","TERMINAL F2","20:12","2026-01-09 19:12:00","2026-01-09","2026-01-09 22:38:00","Transbordadors","23:38","ESPMI","19A","224588000","9349772","ESPMI","Finalitzada","186","Palma de Mallorca","Palma de Mallorca","F","2-5","80710-1","2026-01-09","2026-01-09 20:12:00","Espanya","GRIMALDI LOGISTICA ESPAÑA SL","EAMS"
"2026","F2","ES","2026-01-11 22:48:00","CIUDAD DE PALMA","6,71","","https://www.marinetraffic.com/en/ais/details/ships/mmsi:224588000","TERMINAL F2","19:34","2026-01-10 18:34:00","2026-01-10","2026-01-11 21:48:00","Transbordadors","22:48","ESPMI","19A","224588000","9349772","ESPMI","Finalitzada","186","Palma de Mallorca","Palma de Mallorca","F","2-5","80712-1","2026-01-11","2026-01-10 19:34:00","Espanya","GRIMALDI LOGISTICA ESPAÑA SL","EAMS"
"2026","F2","ES","2026-01-12 22:32:00","CIUDAD DE BARCELONA","6,7","","https://www.marinetraffic.com/en/ais/details/ships/mmsi:225416000","TERMINAL F2","06:54","2026-01-12 05:54:00","2026-01-12","2026-01-12 21:32:00","Transbordadors","22:32","ESIBZ","20A","225416000","9506289","ESALD","Finalitzada","176","Alcudia","Ibiza","F","1-4","80714-1","2026-01-12","2026-01-12 06:54:00","Espanya","GRIMALDI LOGISTICA ESPAÑA SL","EAIE"
"2026","F2","ES","2026-01-12 22:40:00","CIUDAD DE PALMA","6,71","","https://www.marinetraffic.com/en/ais/details/ships/mmsi:224588000","TERMINAL F2","18:48","2026-01-12 17:48:00","2026-01-12","2026-01-12 21:40:00","Transbordadors","22:40","ESPMI","19A","224588000","9349772","ESPMI","Finalitzada","186","Palma de Mallorca","Palma de Mallorca","F","2-5","80715-1","2026-01-12","2026-01-12 18:48:00","Espanya","GRIMALDI LOGISTICA ESPAÑA SL","EAMS"
"2026","F2","ES","2026-01-13 22:49:00","CIUDAD DE BARCELONA","6,7","","https://www.marinetraffic.com/en/ais/details/ships/mmsi:225416000","TERMINAL F2","19:13","2026-01-13 18:13:00","2026-01-13","2026-01-13 21:49:00","Transbordadors","22:49","ESIBZ","18C","225416000","9506289","ESMAH","Finalitzada","176","Mahon Menorca","Ibiza","F","6-9","80929-1","2026-01-13","2026-01-13 19:13:00","Espanya","GRIMALDI LOGISTICA ESPAÑA SL","EAIE"
"2026","F2","ES","2026-01-13 23:00:00","CIUDAD DE PALMA","6,71","","https://www.marinetraffic.com/en/ais/details/ships/mmsi:224588000","TERMINAL F2","18:51","2026-01-13 17:51:00","2026-01-13","2026-01-13 22:00:00","Transbordadors","23:00","ESPMI","19A","224588000","9349772","ESPMI","Finalitzada","186","Palma de Mallorca","Palma de Mallorca","F","2-5","80920-1","2026-01-13","2026-01-13 18:51:00","Espanya","GRIMALDI LOGISTICA ESPAÑA SL","EAMS"
"2026","F2","ES","2026-01-14 22:39:00","CIUDAD DE BARCELONA","6,7","","https://www.marinetraffic.com/en/ais/details/ships/mmsi:225416000","TERMINAL F2","19:27","2026-01-14 18:27:00","2026-01-14","2026-01-14 21:39:00","Transbordadors","22:39","ESIBZ","19B","225416000","9506289","ESIBZ","Finalitzada","176","Ibiza","Ibiza","F","1-4","80931-1","2026-01-14","2026-01-14 19:27:00","Espanya","GRIMALDI LOGISTICA ESPAÑA SL","EAIE"
"2026","F2","ES","2026-01-14 22:52:00","CIUDAD DE PALMA","6,71","","https://www.marinetraffic.com/en/ais/details/ships/mmsi:224588000","TERMINAL F2","19:00","2026-01-14 18:00:00","2026-01-14","2026-01-14 21:52:00","Transbordadors","22:52","ESPMI","19A","224588000","9349772","ESPMI","Finalitzada","186","Palma de Mallorca","Palma de Mallorca","F","2-5","80921-1","2026-01-14","2026-01-14 19:00:00","Espanya","GRIMALDI LOGISTICA ESPAÑA SL","EAMS"
"2026","F2","ES","2026-01-15 22:20:00","CIUDAD DE BARCELONA","6,7","","https://www.marinetraffic.com/en/ais/details/ships/mmsi:225416000","TERMINAL F2","19:17","2026-01-15 18:17:00","2026-01-15","2026-01-15 21:20:00","Transbordadors","22:20","ESIBZ","18C","225416000","9506289","ESIBZ","Finalitzada","176","Ibiza","Ibiza","F","6-9","80932-1","2026-01-15","2026-01-15 19:17:00","Espanya","GRIMALDI LOGISTICA ESPAÑA SL","EAIE"
"2026","F2","ES","2026-01-15 22:55:00","CIUDAD DE PALMA","6,71","","https://www.marinetraffic.com/en/ais/details/ships/mmsi:224588000","TERMINAL F2","18:50","2026-01-15 17:50:00","2026-01-15","2026-01-15 21:55:00","Transbordadors","22:55","ESPMI","19A","224588000","9349772","ESPMI","Finalitzada","186","Palma de Mallorca","Palma de Mallorca","F","2-5","80922-1","2026-01-15","2026-01-15 18:50:00","Espanya","GRIMALDI LOGISTICA ESPAÑA SL","EAMS"
"2026","F2","ES","2026-01-16 22:57:00","CIUDAD DE BARCELONA","6,7","","https://www.marinetraffic.com/en/ais/details/ships/mmsi:225416000","TERMINAL F2","19:20","2026-01-16 18:20:00","2026-01-16","2026-01-16 21:57:00","Transbordadors","22:57","ESMAH","18C","225416000","9506289","ESIBZ","Finalitzada","176","Ibiza","Mahon Menorca","F","6-9","80933-1","2026-01-16","2026-01-16 19:20:00","Espanya","GRIMALDI LOGISTICA ESPAÑA SL","EAIE"
"2026","F2","ES","2026-01-16 23:04:00","CIUDAD DE PALMA","6,71","25,6","https://www.marinetraffic.com/en/ais/details/ships/mmsi:224588000","TERMINAL F2","18:54","2026-01-16 17:54:00","2026-01-16","2026-01-16 22:04:00","Transbordadors","23:04","ESPMI","19A","224588000","9349772","ESPMI","Finalitzada","186","Palma de Mallorca","Palma de Mallorca","F","2-5","80923-1","2026-01-16","2026-01-16 18:54:00","Espanya","GRIMALDI LOGISTICA ESPAÑA SL","EAMS"
"2026","F2","ES","2026-01-18 22:59:00","CIUDAD DE PALMA","6,71","25,6","https://www.marinetraffic.com/en/ais/details/ships/mmsi:224588000","TERMINAL F2","19:35","2026-01-17 18:35:00","2026-01-17","2026-01-18 21:59:00","Transbordadors","22:59","ESPMI","19A","224588000","9349772","ESPMI","Finalitzada","186","Palma de Mallorca","Palma de Mallorca","F","2-5","80924-1","2026-01-18","2026-01-17 19:35:00","Espanya","GRIMALDI LOGISTICA ESPAÑA SL","EAMS"
"2026","F2","ES","2026-01-21 01:13:00","CIUDAD DE PALMA","6,71","25,6","https://www.marinetraffic.com/en/ais/details/ships/mmsi:224588000","TERMINAL F2","19:01","2026-01-19 18:01:00","2026-01-19","2026-01-21 00:13:00","Transbordadors","01:13","ESPMI","19A","224588000","9349772","ESPMI","Finalitzada","186","Palma de Mallorca","Palma de Mallorca","F","2-5","80926-1","2026-01-21","2026-01-19 19:01:00","Espanya","GRIMALDI LOGISTICA ESPAÑA SL","EAMS"
"2026","F2","ES","2026-01-21 23:18:00","CIUDAD DE BARCELONA","6,7","26,4","https://www.marinetraffic.com/en/ais/details/ships/mmsi:225416000","TERMINAL F2","06:55","2026-01-19 05:55:00","2026-01-19","2026-01-21 22:18:00","Transbordadors","23:18","ESIBZ","18C","225416000","9506289","ESALD","Finalitzada","176","Alcudia","Ibiza","F","6-9","80935-1","2026-01-21","2026-01-19 06:55:00","Espanya","GRIMALDI LOGISTICA ESPAÑA SL","EAIE"
"2026","F2","ES","2026-01-21 23:26:00","CIUDAD DE PALMA","6,71","25,6","https://www.marinetraffic.com/en/ais/details/ships/mmsi:224588000","TERMINAL F2","19:49","2026-01-21 18:49:00","2026-01-21","2026-01-21 22:26:00","Transbordadors","23:26","ESPMI","19A","224588000","9349772","ESPMI","Finalitzada","186","Palma de Mallorca","Palma de Mallorca","F","2-5","81003-1","2026-01-21","2026-01-21 19:49:00","Espanya","GRIMALDI LOGISTICA ESPAÑA SL","EAMS"
"2026","F2","ES","2026-01-22 22:59:00","CIUDAD DE PALMA","6,71","25,6","https://www.marinetraffic.com/en/ais/details/ships/mmsi:224588000","TERMINAL F2","19:09","2026-01-22 18:09:00","2026-01-22","2026-01-22 21:59:00","Transbordadors","22:59","ESIBZ","19A","224588000","9349772","ESPMI","Finalitzada","186","Palma de Mallorca","Ibiza","F","2-5","81015-1","2026-01-22","2026-01-22 19:09:00","Espanya","GRIMALDI LOGISTICA ESPAÑA SL","EAMS"
"2026","F2","ES","2026-01-22 23:58:00","CIUDAD DE BARCELONA","6,7","","https://www.marinetraffic.com/en/ais/details/ships/mmsi:225416000","TERMINAL F2","20:26","2026-01-22 19:26:00","2026-01-22","2026-01-22 22:58:00","Transbordadors","23:58","ESPMI","19B","225416000","9506289","ESIBZ","Finalitzada","176","Ibiza","Palma de Mallorca","F","1-4","81016-1","2026-01-22","2026-01-22 20:26:00","Espanya","GRIMALDI LOGISTICA ESPAÑA SL","EAIE"
"2026","F2","ES","2026-01-23 23:08:00","CIUDAD DE PALMA","6,71","25,6","https://www.marinetraffic.com/en/ais/details/ships/mmsi:224588000","TERMINAL F2","19:27","2026-01-23 18:27:00","2026-01-23","2026-01-23 22:08:00","Transbordadors","23:08","ESPMI","19A","224588000","9349772","ESPMI","Finalitzada","186","Palma de Mallorca","Palma de Mallorca","F","2-5","81018-1","2026-01-23","2026-01-23 19:27:00","Espanya","GRIMALDI LOGISTICA ESPAÑA SL","EAMS"
"2026","F2","ES","2026-01-23 23:25:00","CIUDAD DE BARCELONA","6,7","","https://www.marinetraffic.com/en/ais/details/ships/mmsi:225416000","TERMINAL F2","18:54","2026-01-23 17:54:00","2026-01-23","2026-01-23 22:25:00","Transbordadors","23:25","ESMAH","18C","225416000","9506289","ESIBZ","Finalitzada","176","Ibiza","Mahon Menorca","F","6-9","81019-1","2026-01-23","2026-01-23 18:54:00","Espanya","GRIMALDI LOGISTICA ESPAÑA SL","EAIE"
"2026","F2","ES","2026-01-25 22:47:00","CIUDAD DE PALMA","6,71","","https://www.marinetraffic.com/en/ais/details/ships/mmsi:224588000","TERMINAL F2","19:32","2026-01-24 18:32:00","2026-01-24","2026-01-25 21:47:00","Transbordadors","22:47","ESPMI","19B","224588000","9349772","ESPMI","Finalitzada","186","Palma de Mallorca","Palma de Mallorca","F","1-4","81020-1","2026-01-25","2026-01-24 19:32:00","Espanya","GRIMALDI LOGISTICA ESPAÑA SL","EAMS"
"2026","F2","ES","2026-01-26 22:30:00","CIUDAD DE BARCELONA","6,7","","https://www.marinetraffic.com/en/ais/details/ships/mmsi:225416000","TERMINAL F2","06:17","2026-01-26 05:17:00","2026-01-26","2026-01-26 21:30:00","Transbordadors","22:30","ESIBZ","18C","225416000","9506289","ESALD","Finalitzada","176","Alcudia","Ibiza","F","6-9","81022-1","2026-01-26","2026-01-26 06:17:00","Espanya","GRIMALDI LOGISTICA ESPAÑA SL","EAIE"
"2026","F2","ES","2026-01-26 22:54:00","CIUDAD DE PALMA","6,71","","https://www.marinetraffic.com/en/ais/details/ships/mmsi:224588000","TERMINAL F2","19:19","2026-01-26 18:19:00","2026-01-26","2026-01-26 21:54:00","Transbordadors","22:54","ESPMI","19A","224588000","9349772","ESPMI","Finalitzada","186","Palma de Mallorca","Palma de Mallorca","F","2-5","81023-1","2026-01-26","2026-01-26 19:19:00","Espanya","GRIMALDI LOGISTICA ESPAÑA SL","EAMS"
"2026","F2","ES","2026-01-27 22:40:00","CIUDAD DE PALMA","6,71","","https://www.marinetraffic.com/en/ais/details/ships/mmsi:224588000","TERMINAL F2","18:49","2026-01-27 17:49:00","2026-01-27","2026-01-27 21:40:00","Transbordadors","22:40","ESPMI","19A","224588000","9349772","ESPMI","Finalitzada","186","Palma de Mallorca","Palma de Mallorca","F","2-5","81261-1","2026-01-27","2026-01-27 18:49:00","Espanya","GRIMALDI LOGISTICA ESPAÑA SL","EAMS"
"2026","F2","ES","2026-01-27 22:51:00","CIUDAD DE BARCELONA","6,7","","https://www.marinetraffic.com/en/ais/details/ships/mmsi:225416000","TERMINAL F2","19:21","2026-01-27 18:21:00","2026-01-27","2026-01-27 21:51:00","Transbordadors","22:51","ESIBZ","18C","225416000","9506289","ESIBZ","Finalitzada","176","Ibiza","Ibiza","F","6-9","81262-1","2026-01-27","2026-01-27 19:21:00","Espanya","GRIMALDI LOGISTICA ESPAÑA SL","EAIE"
"2026","F2","ES","2026-01-28 22:46:00","CIUDAD DE BARCELONA","6,7","","https://www.marinetraffic.com/en/ais/details/ships/mmsi:225416000","TERMINAL F2","19:16","2026-01-28 18:16:00","2026-01-28","2026-01-28 21:46:00","Transbordadors","22:46","ESIBZ","18C","225416000","9506289","ESIBZ","Finalitzada","176","Ibiza","Ibiza","F","6-9","81264-1","2026-01-28","2026-01-28 19:16:00","Espanya","GRIMALDI LOGISTICA ESPAÑA SL","EAIE"
"2026","F2","ES","2026-01-28 23:27:00","CIUDAD DE PALMA","6,71","","https://www.marinetraffic.com/en/ais/details/ships/mmsi:224588000","TERMINAL F2","19:48","2026-01-28 18:48:00","2026-01-28","2026-01-28 22:27:00","Transbordadors","23:27","ESPMI","19A","224588000","9349772","ESPMI","Finalitzada","186","Palma de Mallorca","Palma de Mallorca","F","2-5","81263-1","2026-01-28","2026-01-28 19:48:00","Espanya","GRIMALDI LOGISTICA ESPAÑA SL","EAMS"
"2026","F2","ES","2026-01-29 22:29:00","CIUDAD DE BARCELONA","6,7","","https://www.marinetraffic.com/en/ais/details/ships/mmsi:225416000","TERMINAL F2","19:28","2026-01-29 18:28:00","2026-01-29","2026-01-29 21:29:00","Transbordadors","22:29","ESIBZ","18C","225416000","9506289","ESIBZ","Finalitzada","176","Ibiza","Ibiza","F","6-9","81266-1","2026-01-29","2026-01-29 19:28:00","Espanya","GRIMALDI LOGISTICA ESPAÑA SL","EAIE"
"2026","F2","ES","2026-01-29 22:48:00","CIUDAD DE PALMA","6,71","25,6","https://www.marinetraffic.com/en/ais/details/ships/mmsi:224588000","TERMINAL F2","18:56","2026-01-29 17:56:00","2026-01-29","2026-01-29 21:48:00","Transbordadors","22:48","ESPMI","19A","224588000","9349772","ESPMI","Finalitzada","186","Palma de Mallorca","Palma de Mallorca","F","2-5","81265-1","2026-01-29","2026-01-29 18:56:00","Espanya","GRIMALDI LOGISTICA ESPAÑA SL","EAMS"
"2026","F2","ES","2026-01-30 22:32:00","CIUDAD DE BARCELONA","6,7","","https://www.marinetraffic.com/en/ais/details/ships/mmsi:225416000","TERMINAL F2","19:16","2026-01-30 18:16:00","2026-01-30","2026-01-30 21:32:00","Transbordadors","22:32","ESMAH","18C","225416000","9506289","ESIBZ","Finalitzada","176","Ibiza","Mahon Menorca","F","6-9","81269-1","2026-01-30","2026-01-30 19:16:00","Espanya","GRIMALDI LOGISTICA ESPAÑA SL","EAIE"
"2026","F2","ES","2026-01-30 22:49:00","CIUDAD DE PALMA","6,71","25,6","https://www.marinetraffic.com/en/ais/details/ships/mmsi:224588000","TERMINAL F2","18:49","2026-01-30 17:49:00","2026-01-30","2026-01-30 21:49:00","Transbordadors","22:49","ESPMI","19A","224588000","9349772","ESPMI","Finalitzada","186","Palma de Mallorca","Palma de Mallorca","F","2-5","81268-1","2026-01-30","2026-01-30 18:49:00","Espanya","GRIMALDI LOGISTICA ESPAÑA SL","EAMS"
"2026","F2","ES","2026-02-01 22:53:00","CIUDAD DE PALMA","6,71","25,6","https://www.marinetraffic.com/en/ais/details/ships/mmsi:224588000","TERMINAL F2","19:50","2026-01-31 18:50:00","2026-01-31","2026-02-01 21:53:00","Transbordadors","22:53","ESPMI","19B","224588000","9349772","ESPMI","Finalitzada","186","Palma de Mallorca","Palma de Mallorca","F","1-4","81270-1","2026-02-01","2026-01-31 19:50:00","Espanya","GRIMALDI LOGISTICA ESPAÑA SL","EAMS"
"2026","F2","ES","2026-02-02 22:30:00","CIUDAD DE BARCELONA","6,7","","https://www.marinetraffic.com/en/ais/details/ships/mmsi:225416000","TERMINAL F2","06:52","2026-02-02 05:52:00","2026-02-02","2026-02-02 21:30:00","Transbordadors","22:30","ESIBZ","19B","225416000","9506289","ESALD","Finalitzada","176","Alcudia","Ibiza","F","1-4","81274-1","2026-02-02","2026-02-02 06:52:00","Espanya","GRIMALDI LOGISTICA ESPAÑA SL","EAIE"
"2026","F2","ES","2026-02-02 22:53:00","CIUDAD DE PALMA","6,71","25,6","https://www.marinetraffic.com/en/ais/details/ships/mmsi:224588000","TERMINAL F2","18:48","2026-02-02 17:48:00","2026-02-02","2026-02-02 21:53:00","Transbordadors","22:53","ESPMI","19A","224588000","9349772","ESPMI","Finalitzada","186","Palma de Mallorca","Palma de Mallorca","F","2-5","81275-1","2026-02-02","2026-02-02 18:48:00","Espanya","GRIMALDI LOGISTICA ESPAÑA SL","EAMS"
"2026","F2","ES","2026-02-03 22:52:00","CIUDAD DE BARCELONA","6,7","","https://www.marinetraffic.com/en/ais/details/ships/mmsi:225416000","TERMINAL F2","19:23","2026-02-03 18:23:00","2026-02-03","2026-02-03 21:52:00","Transbordadors","22:52","ESIBZ","18C","225416000","9506289","ESIBZ","Finalitzada","176","Ibiza","Ibiza","F","6-9","81472-1","2026-02-03","2026-02-03 19:23:00","Espanya","GRIMALDI LOGISTICA ESPAÑA SL","EAIE"
"2026","F2","ES","2026-02-03 22:58:00","CIUDAD DE PALMA","6,71","25,6","https://www.marinetraffic.com/en/ais/details/ships/mmsi:224588000","TERMINAL F2","18:53","2026-02-03 17:53:00","2026-02-03","2026-02-03 21:58:00","Transbordadors","22:58","ESPMI","19A","224588000","9349772","ESPMI","Finalitzada","186","Palma de Mallorca","Palma de Mallorca","F","2-5","81471-1","2026-02-03","2026-02-03 18:53:00","Espanya","GRIMALDI LOGISTICA ESPAÑA SL","EAMS"
"2026","F2","ES","2026-02-04 22:26:00","CIUDAD DE BARCELONA","6,7","","https://www.marinetraffic.com/en/ais/details/ships/mmsi:225416000","TERMINAL F2","19:14","2026-02-04 18:14:00","2026-02-04","2026-02-04 21:26:00","Transbordadors","22:26","ESIBZ","18C","225416000","9506289","ESIBZ","Finalitzada","176","Ibiza","Ibiza","F","6-9","81474-1","2026-02-04","2026-02-04 19:14:00","Espanya","GRIMALDI LOGISTICA ESPAÑA SL","EAIE"
"2026","F2","ES","2026-02-04 22:51:00","CIUDAD DE PALMA","6,71","25,6","https://www.marinetraffic.com/en/ais/details/ships/mmsi:224588000","TERMINAL F2","18:57","2026-02-04 17:57:00","2026-02-04","2026-02-04 21:51:00","Transbordadors","22:51","ESPMI","19A","224588000","9349772","ESPMI","Finalitzada","186","Palma de Mallorca","Palma de Mallorca","F","2-5","81473-1","2026-02-04","2026-02-04 18:57:00","Espanya","GRIMALDI LOGISTICA ESPAÑA SL","EAMS"
"2026","F2","ES","2026-02-05 22:53:00","CIUDAD DE BARCELONA","6,7","","https://www.marinetraffic.com/en/ais/details/ships/mmsi:225416000","TERMINAL F2","19:23","2026-02-05 18:23:00","2026-02-05","2026-02-05 21:53:00","Transbordadors","22:53","ESIBZ","18C","225416000","9506289","ESIBZ","Finalitzada","176","Ibiza","Ibiza","F","6-9","81477-1","2026-02-05","2026-02-05 19:23:00","Espanya","GRIMALDI LOGISTICA ESPAÑA SL","EAIE"
"2026","F2","ES","2026-02-05 23:05:00","CIUDAD DE PALMA","6,71","25,6","https://www.marinetraffic.com/en/ais/details/ships/mmsi:224588000","TERMINAL F2","19:00","2026-02-05 18:00:00","2026-02-05","2026-02-05 22:05:00","Transbordadors","23:05","ESPMI","19A","224588000","9349772","ESPMI","Finalitzada","186","Palma de Mallorca","Palma de Mallorca","F","2-5","81476-1","2026-02-05","2026-02-05 19:00:00","Espanya","GRIMALDI LOGISTICA ESPAÑA SL","EAMS"
"2026","F2","ES","2026-02-06 22:26:00","CIUDAD DE BARCELONA","6,7","","https://www.marinetraffic.com/en/ais/details/ships/mmsi:225416000","TERMINAL F2","19:09","2026-02-06 18:09:00","2026-02-06","2026-02-06 21:26:00","Transbordadors","22:26","ESMAH","18C","225416000","9506289","ESIBZ","Finalitzada","176","Ibiza","Mahon Menorca","F","6-9","81482-1","2026-02-06","2026-02-06 19:09:00","Espanya","GRIMALDI LOGISTICA ESPAÑA SL","EAIE"
"2026","F2","ES","2026-02-06 22:55:00","CIUDAD DE PALMA","6,71","25,6","https://www.marinetraffic.com/en/ais/details/ships/mmsi:224588000","TERMINAL F2","19:30","2026-02-06 18:30:00","2026-02-06","2026-02-06 21:55:00","Transbordadors","22:55","ESPMI","19A","224588000","9349772","ESPMI","Finalitzada","186","Palma de Mallorca","Palma de Mallorca","F","2-5","81480-1","2026-02-06","2026-02-06 19:30:00","Espanya","GRIMALDI LOGISTICA ESPAÑA SL","EAMS"
"2026","F2","ES","2026-02-08 22:56:00","CIUDAD DE PALMA","6,71","","https://www.marinetraffic.com/en/ais/details/ships/mmsi:224588000","TERMINAL F2","19:25","2026-02-07 18:25:00","2026-02-07","2026-02-08 21:56:00","Transbordadors","22:56","ESPMI","19A","224588000","9349772","ESPMI","Finalitzada","186","Palma de Mallorca","Palma de Mallorca","F","2-5","81486-1","2026-02-08","2026-02-07 19:25:00","Espanya","GRIMALDI LOGISTICA ESPAÑA SL","EAMS"
"2026","F2","ES","2026-02-09 23:08:00","CIUDAD DE BARCELONA","6,7","","https://www.marinetraffic.com/en/ais/details/ships/mmsi:225416000","TERMINAL F2","06:58","2026-02-09 05:58:00","2026-02-09","2026-02-09 22:08:00","Transbordadors","23:08","ESIBZ","18C","225416000","9506289","ESALD","Finalitzada","176","Alcudia","Ibiza","F","6-9","81488-1","2026-02-09","2026-02-09 06:58:00","Espanya","GRIMALDI LOGISTICA ESPAÑA SL","EAIE"
"2026","F2","ES","2026-02-10 00:35:00","CIUDAD DE PALMA","6,71","25,6","https://www.marinetraffic.com/en/ais/details/ships/mmsi:224588000","TERMINAL F2","19:32","2026-02-09 18:32:00","2026-02-09","2026-02-09 23:35:00","Transbordadors","00:35","ESPMI","19A","224588000","9349772","ESPMI","Finalitzada","186","Palma de Mallorca","Palma de Mallorca","F","2-5","81489-1","2026-02-10","2026-02-09 19:32:00","Espanya","GRIMALDI LOGISTICA ESPAÑA SL","EAMS"
"2026","F2","ES","2026-02-10 23:21:00","CIUDAD DE BARCELONA","6,7","","https://www.marinetraffic.com/en/ais/details/ships/mmsi:225416000","TERMINAL F2","19:26","2026-02-10 18:26:00","2026-02-10","2026-02-10 22:21:00","Transbordadors","23:21","ESIBZ","18C","225416000","9506289","ESIBZ","Finalitzada","176","Ibiza","Ibiza","F","6-9","81637-1","2026-02-10","2026-02-10 19:26:00","Espanya","GRIMALDI LOGISTICA ESPAÑA SL","EAIE"
"2026","F2","ES","2026-02-10 23:28:00","CIUDAD DE PALMA","6,71","25,6","https://www.marinetraffic.com/en/ais/details/ships/mmsi:224588000","TERMINAL F2","18:47","2026-02-10 17:47:00","2026-02-10","2026-02-10 22:28:00","Transbordadors","23:28","ESPMI","19A","224588000","9349772","ESPMI","Finalitzada","186","Palma de Mallorca","Palma de Mallorca","F","2-5","81636-1","2026-02-10","2026-02-10 18:47:00","Espanya","GRIMALDI LOGISTICA ESPAÑA SL","EAMS"
"2026","F2","ES","2026-02-11 23:17:00","CIUDAD DE PALMA","6,71","","https://www.marinetraffic.com/en/ais/details/ships/mmsi:224588000","TERMINAL F2","18:56","2026-02-11 17:56:00","2026-02-11","2026-02-11 22:17:00","Transbordadors","23:17","ESPMI","19A","224588000","9349772","ESPMI","Finalitzada","186","Palma de Mallorca","Palma de Mallorca","F","2-5","81638-1","2026-02-11","2026-02-11 18:56:00","Espanya","GRIMALDI LOGISTICA ESPAÑA SL","EAMS"
"2026","F2","ES","2026-02-11 23:41:00","CIUDAD DE BARCELONA","6,7","","https://www.marinetraffic.com/en/ais/details/ships/mmsi:225416000","TERMINAL F2","20:20","2026-02-11 19:20:00","2026-02-11","2026-02-11 22:41:00","Transbordadors","23:41","ESIBZ","18C","225416000","9506289","ESIBZ","Finalitzada","176","Ibiza","Ibiza","F","6-9","81639-1","2026-02-11","2026-02-11 20:20:00","Espanya","GRIMALDI LOGISTICA ESPAÑA SL","EAIE"
"2026","F2","ES","2026-02-13 00:04:00","CIUDAD DE PALMA","6,71","","https://www.marinetraffic.com/en/ais/details/ships/mmsi:224588000","TERMINAL F2","20:27","2026-02-12 19:27:00","2026-02-12","2026-02-12 23:04:00","Transbordadors","00:04","ESPMI","19A","224588000","9349772","ESPMI","Finalitzada","186","Palma de Mallorca","Palma de Mallorca","F","2-5","81643-1","2026-02-13","2026-02-12 20:27:00","Espanya","GRIMALDI LOGISTICA ESPAÑA SL","EAMS"
"2026","F2","ES","2026-02-13 22:34:00","CIUDAD DE BARCELONA","6,7","","https://www.marinetraffic.com/en/ais/details/ships/mmsi:225416000","TERMINAL F2","07:48","2026-02-13 06:48:00","2026-02-13","2026-02-13 21:34:00","Transbordadors","22:34","ESIBZ","18C","225416000","9506289","ESIBZ","Finalitzada","176","Ibiza","Ibiza","F","6-9","81644-1","2026-02-13","2026-02-13 07:48:00","Espanya","GRIMALDI LOGISTICA ESPAÑA SL","EAIE"
"2026","F2","ES","2026-02-13 23:35:00","CIUDAD DE PALMA","6,71","25,6","https://www.marinetraffic.com/en/ais/details/ships/mmsi:224588000","TERMINAL F2","18:45","2026-02-13 17:45:00","2026-02-13","2026-02-13 22:35:00","Transbordadors","23:35","ESPMI","19A","224588000","9349772","ESPMI","Finalitzada","186","Palma de Mallorca","Palma de Mallorca","F","2-5","81646-1","2026-02-13","2026-02-13 18:45:00","Espanya","GRIMALDI LOGISTICA ESPAÑA SL","EAMS"
"2026","F2","ES","2026-02-15 12:16:00","CIUDAD DE PALMA","6,71","","https://www.marinetraffic.com/en/ais/details/ships/mmsi:224588000","TERMINAL F2","19:39","2026-02-14 18:39:00","2026-02-14","2026-02-15 11:16:00","Transbordadors","12:16","ESPMI","19A","224588000","9349772","ESPMI","Finalitzada","186","Palma de Mallorca","Palma de Mallorca","F","2-5","81649-1","2026-02-15","2026-02-14 19:39:00","Espanya","GRIMALDI LOGISTICA ESPAÑA SL","EAMS"
"2026","F2","ES","2026-02-15 23:02:00","CIUDAD DE PALMA","6,71","","https://www.marinetraffic.com/en/ais/details/ships/mmsi:224588000","TERMINAL F2","12:17","2026-02-15 11:17:00","2026-02-15","2026-02-15 22:02:00","Transbordadors","23:02","ESPMI","19B","224588000","9349772","ESPMI","Finalitzada","186","Palma de Mallorca","Palma de Mallorca","F","1-4","81649-2","2026-02-15","2026-02-15 12:17:00","Espanya","GRIMALDI LOGISTICA ESPAÑA SL","EAMS"
"2026","F2","ES","2026-02-16 23:02:00","CIUDAD DE BARCELONA","6,7","","https://www.marinetraffic.com/en/ais/details/ships/mmsi:225416000","TERMINAL F2","07:01","2026-02-16 06:01:00","2026-02-16","2026-02-16 22:02:00","Transbordadors","23:02","ESIBZ","18C","225416000","9506289","ESIBZ","Finalitzada","176","Ibiza","Ibiza","F","6-9","81647-1","2026-02-16","2026-02-16 07:01:00","Espanya","GRIMALDI LOGISTICA ESPAÑA SL","EAIE"
"2026","F2","ES","2026-02-16 23:07:00","CIUDAD DE PALMA","6,71","","https://www.marinetraffic.com/en/ais/details/ships/mmsi:224588000","TERMINAL F2","19:15","2026-02-16 18:15:00","2026-02-16","2026-02-16 22:07:00","Transbordadors","23:07","ESPMI","19A","224588000","9349772","ESPMI","Finalitzada","186","Palma de Mallorca","Palma de Mallorca","F","2-5","81656-1","2026-02-16","2026-02-16 19:15:00","Espanya","GRIMALDI LOGISTICA ESPAÑA SL","EAMS"
"2026","F2","ES","2026-02-17 22:58:00","CIUDAD DE PALMA","6,71","","https://www.marinetraffic.com/en/ais/details/ships/mmsi:224588000","TERMINAL F2","18:48","2026-02-17 17:48:00","2026-02-17","2026-02-17 21:58:00","Transbordadors","22:58","ESPMI","19A","224588000","9349772","ESPMI","Finalitzada","186","Palma de Mallorca","Palma de Mallorca","F","2-5","81954-1","2026-02-17","2026-02-17 18:48:00","Espanya","GRIMALDI LOGISTICA ESPAÑA SL","EAMS"
"2026","F2","ES","2026-02-18 01:59:00","CIUDAD DE BARCELONA","6,7","","https://www.marinetraffic.com/en/ais/details/ships/mmsi:225416000","TERMINAL F2","22:33","2026-02-17 21:33:00","2026-02-17","2026-02-18 00:59:00","Transbordadors","01:59","ESIBZ","18C","225416000","9506289","ESIBZ","Finalitzada","176","Ibiza","Ibiza","F","6-9","81956-1","2026-02-18","2026-02-17 22:33:00","Espanya","GRIMALDI LOGISTICA ESPAÑA SL","EAIE"
"2026","F2","ES","2026-02-18 23:44:00","CIUDAD DE PALMA","6,71","","https://www.marinetraffic.com/en/ais/details/ships/mmsi:224588000","TERMINAL F2","18:46","2026-02-18 17:46:00","2026-02-18","2026-02-18 22:44:00","Transbordadors","23:44","ESPMI","19A","224588000","9349772","ESPMI","Finalitzada","186","Palma de Mallorca","Palma de Mallorca","F","2-5","81959-1","2026-02-18","2026-02-18 18:46:00","Espanya","GRIMALDI LOGISTICA ESPAÑA SL","EAMS"
"2026","F2","ES","2026-02-19 01:09:00","CIUDAD DE BARCELONA","6,7","","https://www.marinetraffic.com/en/ais/details/ships/mmsi:225416000","TERMINAL F2","22:27","2026-02-18 21:27:00","2026-02-18","2026-02-19 00:09:00","Transbordadors","01:09","ESIBZ","19B","225416000","9506289","ESIBZ","Finalitzada","176","Ibiza","Ibiza","F","1-4","81963-1","2026-02-19","2026-02-18 22:27:00","Espanya","GRIMALDI LOGISTICA ESPAÑA SL","EAIE"
"2026","F2","ES","2026-02-19 23:08:00","CIUDAD DE PALMA","6,71","25,6","https://www.marinetraffic.com/en/ais/details/ships/mmsi:224588000","TERMINAL F2","19:03","2026-02-19 18:03:00","2026-02-19","2026-02-19 22:08:00","Transbordadors","23:08","ESPMI","19A","224588000","9349772","ESPMI","Finalitzada","186","Palma de Mallorca","Palma de Mallorca","F","2-5","81969-1","2026-02-19","2026-02-19 19:03:00","Espanya","GRIMALDI LOGISTICA ESPAÑA SL","EAMS"
"2026","F2","ES","2026-02-20 00:11:00","CIUDAD DE BARCELONA","6,7","","https://www.marinetraffic.com/en/ais/details/ships/mmsi:225416000","TERMINAL F2","20:28","2026-02-19 19:28:00","2026-02-19","2026-02-19 23:11:00","Transbordadors","00:11","ESIBZ","18C","225416000","9506289","ESIBZ","Finalitzada","176","Ibiza","Ibiza","F","6-9","81970-1","2026-02-20","2026-02-19 20:28:00","Espanya","GRIMALDI LOGISTICA ESPAÑA SL","EAIE"
"2026","F2","ES","2026-02-20 22:48:00","CIUDAD DE BARCELONA","6,7","","https://www.marinetraffic.com/en/ais/details/ships/mmsi:225416000","TERMINAL F2","19:21","2026-02-20 18:21:00","2026-02-20","2026-02-20 21:48:00","Transbordadors","22:48","ESMAH","18C","225416000","9506289","ESIBZ","Finalitzada","176","Ibiza","Mahon Menorca","F","6-9","81986-1","2026-02-20","2026-02-20 19:21:00","Espanya","GRIMALDI LOGISTICA ESPAÑA SL","EAIE"
"2026","F2","ES","2026-02-20 22:54:00","CIUDAD DE PALMA","6,71","25,6","https://www.marinetraffic.com/en/ais/details/ships/mmsi:224588000","TERMINAL F2","18:45","2026-02-20 17:45:00","2026-02-20","2026-02-20 21:54:00","Transbordadors","22:54","ESPMI","19A","224588000","9349772","ESPMI","Finalitzada","186","Palma de Mallorca","Palma de Mallorca","F","2-5","81983-1","2026-02-20","2026-02-20 18:45:00","Espanya","GRIMALDI LOGISTICA ESPAÑA SL","EAMS"
"2026","F2","ES","2026-02-22 22:48:00","CIUDAD DE PALMA","6,71","","https://www.marinetraffic.com/en/ais/details/ships/mmsi:224588000","TERMINAL F2","19:31","2026-02-21 18:31:00","2026-02-21","2026-02-22 21:48:00","Transbordadors","22:48","ESPMI","18C","224588000","9349772","ESPMI","Finalitzada","186","Palma de Mallorca","Palma de Mallorca","F","5-9","82020-1","2026-02-22","2026-02-21 19:31:00","Espanya","GRIMALDI LOGISTICA ESPAÑA SL","EAMS"
"2026","F2","ES","2026-02-23 22:54:00","CIUDAD DE PALMA","6,71","","https://www.marinetraffic.com/en/ais/details/ships/mmsi:224588000","TERMINAL F2","18:46","2026-02-23 17:46:00","2026-02-23","2026-02-23 21:54:00","Transbordadors","22:54","ESPMI","19A","224588000","9349772","ESPMI","Finalitzada","186","Palma de Mallorca","Palma de Mallorca","F","2-5","82023-1","2026-02-23","2026-02-23 18:46:00","Espanya","GRIMALDI LOGISTICA ESPAÑA SL","EAMS"
"2026","F2","ES","2026-02-23 23:10:00","CIUDAD DE BARCELONA","6,7","","https://www.marinetraffic.com/en/ais/details/ships/mmsi:225416000","TERMINAL F2","06:39","2026-02-23 05:39:00","2026-02-23","2026-02-23 22:10:00","Transbordadors","23:10","ESIBZ","19B","225416000","9506289","ESALD","Finalitzada","176","Alcudia","Ibiza","F","1-4","82022-1","2026-02-23","2026-02-23 06:39:00","Espanya","GRIMALDI LOGISTICA ESPAÑA SL","EAIE"
"2026","F2","ES","2026-02-24 22:44:00","CIUDAD DE PALMA","6,71","","https://www.marinetraffic.com/en/ais/details/ships/mmsi:224588000","TERMINAL F2","18:47","2026-02-24 17:47:00","2026-02-24","2026-02-24 21:44:00","Transbordadors","22:44","ESPMI","19A","224588000","9349772","ESPMI","Finalitzada","186","Palma de Mallorca","Palma de Mallorca","F","2-5","82185-1","2026-02-24","2026-02-24 18:47:00","Espanya","GRIMALDI LOGISTICA ESPAÑA SL","EAMS"
"2026","F2","ES","2026-02-24 23:08:00","CIUDAD DE BARCELONA","6,7","","https://www.marinetraffic.com/en/ais/details/ships/mmsi:225416000","TERMINAL F2","19:27","2026-02-24 18:27:00","2026-02-24","2026-02-24 22:08:00","Transbordadors","23:08","ESIBZ","18C","225416000","9506289","ESIBZ","Finalitzada","176","Ibiza","Ibiza","F","6-9","82186-1","2026-02-24","2026-02-24 19:27:00","Espanya","GRIMALDI LOGISTICA ESPAÑA SL","EAIE"
"2026","F2","ES","2026-02-25 22:30:00","CIUDAD DE BARCELONA","6,7","","https://www.marinetraffic.com/en/ais/details/ships/mmsi:225416000","TERMINAL F2","19:18","2026-02-25 18:18:00","2026-02-25","2026-02-25 21:30:00","Transbordadors","22:30","ESIBZ","18C","225416000","9506289","ESIBZ","Finalitzada","176","Ibiza","Ibiza","F","6-9","82188-1","2026-02-25","2026-02-25 19:18:00","Espanya","GRIMALDI LOGISTICA ESPAÑA SL","EAIE"
"2026","F2","ES","2026-02-25 22:52:00","CIUDAD DE PALMA","6,71","25,6","https://www.marinetraffic.com/en/ais/details/ships/mmsi:224588000","TERMINAL F2","18:49","2026-02-25 17:49:00","2026-02-25","2026-02-25 21:52:00","Transbordadors","22:52","ESPMI","19A","224588000","9349772","ESPMI","Finalitzada","186","Palma de Mallorca","Palma de Mallorca","F","2-5","82187-1","2026-02-25","2026-02-25 18:49:00","Espanya","GRIMALDI LOGISTICA ESPAÑA SL","EAMS"
"2026","F2","ES","2026-02-26 22:23:00","CIUDAD DE BARCELONA","6,7","","https://www.marinetraffic.com/en/ais/details/ships/mmsi:225416000","TERMINAL F2","19:18","2026-02-26 18:18:00","2026-02-26","2026-02-26 21:23:00","Transbordadors","22:23","ESIBZ","18C","225416000","9506289","ESIBZ","Finalitzada","176","Ibiza","Ibiza","F","6-9","82191-1","2026-02-26","2026-02-26 19:18:00","Espanya","GRIMALDI LOGISTICA ESPAÑA SL","EAIE"
"2026","F2","ES","2026-02-26 22:42:00","CIUDAD DE PALMA","6,71","25,6","https://www.marinetraffic.com/en/ais/details/ships/mmsi:224588000","TERMINAL F2","18:50","2026-02-26 17:50:00","2026-02-26","2026-02-26 21:42:00","Transbordadors","22:42","ESPMI","19A","224588000","9349772","ESPMI","Finalitzada","186","Palma de Mallorca","Palma de Mallorca","F","2-5","82190-1","2026-02-26","2026-02-26 18:50:00","Espanya","GRIMALDI LOGISTICA ESPAÑA SL","EAMS"
"2026","F2","ES","2026-02-27 22:38:00","CIUDAD DE BARCELONA","6,7","","https://www.marinetraffic.com/en/ais/details/ships/mmsi:225416000","TERMINAL F2","19:18","2026-02-27 18:18:00","2026-02-27","2026-02-27 21:38:00","Transbordadors","22:38","ESMAH","18C","225416000","9506289","ESIBZ","Finalitzada","176","Ibiza","Mahon Menorca","F","6-9","82193-1","2026-02-27","2026-02-27 19:18:00","Espanya","GRIMALDI LOGISTICA ESPAÑA SL","EAIE"
"2026","F2","ES","2026-02-27 22:50:00","CIUDAD DE PALMA","6,71","25,6","https://www.marinetraffic.com/en/ais/details/ships/mmsi:224588000","TERMINAL F2","18:52","2026-02-27 17:52:00","2026-02-27","2026-02-27 21:50:00","Transbordadors","22:50","ESPMI","19A","224588000","9349772","ESPMI","Finalitzada","186","Palma de Mallorca","Palma de Mallorca","F","2-5","82192-1","2026-02-27","2026-02-27 18:52:00","Espanya","GRIMALDI LOGISTICA ESPAÑA SL","EAMS"
"2026","F2","ES","2026-03-01 22:49:00","CIUDAD DE PALMA","6,71","","https://www.marinetraffic.com/en/ais/details/ships/mmsi:224588000","TERMINAL F2","19:36","2026-02-28 18:36:00","2026-02-28","2026-03-01 21:49:00","Transbordadors","22:49","ESPMI","20A","224588000","9349772","ESPMI","Finalitzada","186","Palma de Mallorca","Palma de Mallorca","F","1-4","82194-1","2026-03-01","2026-02-28 19:36:00","Espanya","GRIMALDI LOGISTICA ESPAÑA SL","EAMS"
"2026","F2","ES","2026-03-02 16:00:00","MARTIN I SOLER","5,7","25,6","https://www.marinetraffic.com/en/ais/details/ships/mmsi:224637000","TERMINAL F2","11:24","2026-03-02 10:24:00","2026-03-02","2026-03-02 15:00:00","Transbordadors","16:00","DZALG","18C","224637000","9390367","ESALD","Finalitzada","165","Alcudia","Alger (Algiers)","F","6-9","82267-4","2026-03-02","2026-03-02 11:24:00","Espanya","BALEARIA EUROLINEAS MARITIMAS SA ","EBZT"
"2026","F2","ES","2026-03-02 23:03:00","CIUDAD DE GRANADA","6,2","","https://www.marinetraffic.com/en/ais/details/ships/mmsi:224600000","TERMINAL F2","06:51","2026-03-02 05:51:00","2026-03-02","2026-03-02 22:03:00","Transbordadors","23:03","ESPMI","19B","224600000","9217125","ESALD","Finalitzada","172","Alcudia","Palma de Mallorca","F","1-4","82196-1","2026-03-02","2026-03-02 06:51:00","Espanya","GRIMALDI LOGISTICA ESPAÑA SL","EBRI"
"2026","F2","ES","2026-03-03 21:35:00","CIUDAD DE PALMA","6,71","","https://www.marinetraffic.com/en/ais/details/ships/mmsi:224588000","TERMINAL F2","22:23","2026-03-02 21:23:00","2026-03-02","2026-03-03 20:35:00","Transbordadors","21:35","ESPMI","19A","224588000","9349772","ESPMI","Finalitzada","186","Palma de Mallorca","Palma de Mallorca","F","2-5","82197-1","2026-03-03","2026-03-02 22:23:00","Espanya","GRIMALDI LOGISTICA ESPAÑA SL","EAMS"
"2026","F2","ES","2026-03-03 23:48:00","CIUDAD DE GRANADA","6,2","","https://www.marinetraffic.com/en/ais/details/ships/mmsi:224600000","TERMINAL F2","19:27","2026-03-03 18:27:00","2026-03-03","2026-03-03 22:48:00","Transbordadors","23:48","ESIBZ","18C","224600000","9217125","ESPMI","Finalitzada","172","Palma de Mallorca","Ibiza","F","6-9","82400-1","2026-03-03","2026-03-03 19:27:00","Espanya","GRIMALDI LOGISTICA ESPAÑA SL","EBRI"
"2026","F2","ES","2026-03-04 13:27:00","MARTIN I SOLER","5,7","","https://www.marinetraffic.com/en/ais/details/ships/mmsi:224637000","TERMINAL F2","10:04","2026-03-04 09:04:00","2026-03-04","2026-03-04 12:27:00","Transbordadors","13:27","ESALD","19B","224637000","9390367","DZALG","Finalitzada","165","Alger (Algiers)","Alcudia","F","","82455-1","2026-03-04","2026-03-04 10:04:00","Espanya","BALEARIA EUROLINEAS MARITIMAS SA ","EBZT"
"2026","F2","ES","2026-03-04 23:46:00","CIUDAD DE BARCELONA","6,7","","https://www.marinetraffic.com/en/ais/details/ships/mmsi:225416000","TERMINAL F2","19:30","2026-03-04 18:30:00","2026-03-04","2026-03-04 22:46:00","Transbordadors","23:46","ESPMI","19B","225416000","9506289","ESIBZ","Finalitzada","176","Ibiza","Palma de Mallorca","F","1-4","82402-1","2026-03-04","2026-03-04 19:30:00","Espanya","GRIMALDI LOGISTICA ESPAÑA SL","EAIE"
"2026","F2","ES","2026-03-05 22:44:00","CIUDAD DE PALMA","6,71","25,6","https://www.marinetraffic.com/en/ais/details/ships/mmsi:224588000","TERMINAL F2","22:19","2026-03-04 21:19:00","2026-03-04","2026-03-05 21:44:00","Transbordadors","22:44","ESPMI","19A","224588000","9349772","ESPMI","Finalitzada","186","Palma de Mallorca","Palma de Mallorca","F","2-5","82404-1","2026-03-05","2026-03-04 22:19:00","Espanya","GRIMALDI LOGISTICA ESPAÑA SL","EAMS"
"2026","F2","ES","2026-03-05 23:05:00","CIUDAD DE BARCELONA","6,7","","https://www.marinetraffic.com/en/ais/details/ships/mmsi:225416000","TERMINAL F2","18:48","2026-03-05 17:48:00","2026-03-05","2026-03-05 22:05:00","Transbordadors","23:05","ESIBZ","18C","225416000","9506289","ESPMI","Finalitzada","176","Palma de Mallorca","Ibiza","F","6-9","82405-1","2026-03-05","2026-03-05 18:48:00","Espanya","GRIMALDI LOGISTICA ESPAÑA SL","EAIE"
"2026","F2","ES","2026-03-06 22:46:00","CIUDAD DE BARCELONA","6,7","","https://www.marinetraffic.com/en/ais/details/ships/mmsi:225416000","TERMINAL F2","18:55","2026-03-06 17:55:00","2026-03-06","2026-03-06 21:46:00","Transbordadors","22:46","ESMAH","20A","225416000","9506289","ESIBZ","Finalitzada","176","Ibiza","Mahon Menorca","F","1-4","82408-1","2026-03-06","2026-03-06 18:55:00","Espanya","GRIMALDI LOGISTICA ESPAÑA SL","EAIE"
"2026","F2","ES","2026-03-06 22:53:00","CIUDAD DE PALMA","6,71","","https://www.marinetraffic.com/en/ais/details/ships/mmsi:224588000","TERMINAL F2","18:32","2026-03-06 17:32:00","2026-03-06","2026-03-06 21:53:00","Transbordadors","22:53","ESPMI","19A","224588000","9349772","ESPMI","Finalitzada","186","Palma de Mallorca","Palma de Mallorca","F","2-5","82407-1","2026-03-06","2026-03-06 18:32:00","Espanya","GRIMALDI LOGISTICA ESPAÑA SL","EAMS"
"2026","F2","ES","2026-03-07 23:27:00","CIUDAD DE PALMA","6,71","","https://www.marinetraffic.com/en/ais/details/ships/mmsi:224588000","TERMINAL F2","18:20","2026-03-07 17:20:00","2026-03-07","2026-03-07 22:27:00","Transbordadors","23:27","ESIBZ","19A","224588000","9349772","ESPMI","Finalitzada","186","Palma de Mallorca","Ibiza","F","2-5","82600-1","2026-03-07","2026-03-07 18:20:00","Espanya","GRIMALDI LOGISTICA ESPAÑA SL","EAMS"
"2026","F2","ES","2026-03-08 22:39:00","CIUDAD DE PALMA","6,71","","https://www.marinetraffic.com/en/ais/details/ships/mmsi:224588000","TERMINAL F2","20:06","2026-03-08 19:06:00","2026-03-08","2026-03-08 21:39:00","Transbordadors","22:39","ESPMI","19A","224588000","9349772","ESIBZ","Finalitzada","186","Ibiza","Palma de Mallorca","F","2-5","82601-1","2026-03-08","2026-03-08 20:06:00","Espanya","GRIMALDI LOGISTICA ESPAÑA SL","EAMS"
"2026","F2","ES","2026-03-09 22:16:00","CIUDAD DE PALMA","6,71","","https://www.marinetraffic.com/en/ais/details/ships/mmsi:224588000","TERMINAL F2","18:55","2026-03-09 17:55:00","2026-03-09","2026-03-09 21:16:00","Transbordadors","22:16","ESPMI","19A","224588000","9349772","ESPMI","Finalitzada","186","Palma de Mallorca","Palma de Mallorca","F","2-5","82412-1","2026-03-09","2026-03-09 18:55:00","Espanya","GRIMALDI LOGISTICA ESPAÑA SL","EAMS"
"2026","F2","ES","2026-03-09 23:06:00","CIUDAD DE BARCELONA","6,7","","https://www.marinetraffic.com/en/ais/details/ships/mmsi:225416000","TERMINAL F2","07:04","2026-03-09 06:04:00","2026-03-09","2026-03-09 22:06:00","Transbordadors","23:06","ESIBZ","19B","225416000","9506289","ESALD","Finalitzada","176","Alcudia","Ibiza","F","1-4","82411-1","2026-03-09","2026-03-09 07:04:00","Espanya","GRIMALDI LOGISTICA ESPAÑA SL","EAIE"
"2026","F2","ES","2026-03-10 23:03:00","CIUDAD DE PALMA","6,71","","https://www.marinetraffic.com/en/ais/details/ships/mmsi:224588000","TERMINAL F2","18:32","2026-03-10 17:32:00","2026-03-10","2026-03-10 22:03:00","Transbordadors","23:03","ESPMI","19A","224588000","9349772","ESPMI","Finalitzada","186","Palma de Mallorca","Palma de Mallorca","F","2-5","82603-1","2026-03-10","2026-03-10 18:32:00","Espanya","GRIMALDI LOGISTICA ESPAÑA SL","EAMS"
"2026","F2","ES","2026-03-10 23:49:00","CIUDAD DE BARCELONA","6,7","","https://www.marinetraffic.com/en/ais/details/ships/mmsi:225416000","TERMINAL F2","19:17","2026-03-10 18:17:00","2026-03-10","2026-03-10 22:49:00","Transbordadors","23:49","ESIBZ","18C","225416000","9506289","ESIBZ","Finalitzada","176","Ibiza","Ibiza","F","6-9","82604-1","2026-03-10","2026-03-10 19:17:00","Espanya","GRIMALDI LOGISTICA ESPAÑA SL","EAIE"
"2026","F2","ES","2026-03-11 23:01:00","CIUDAD DE PALMA","6,71","","https://www.marinetraffic.com/en/ais/details/ships/mmsi:224588000","TERMINAL F2","18:34","2026-03-11 17:34:00","2026-03-11","2026-03-11 22:01:00","Transbordadors","23:01","ESPMI","19A","224588000","9349772","ESPMI","Finalitzada","186","Palma de Mallorca","Palma de Mallorca","F","2-5","82605-1","2026-03-11","2026-03-11 18:34:00","Espanya","GRIMALDI LOGISTICA ESPAÑA SL","EAMS"
"2026","F2","ES","2026-03-11 23:15:00","CIUDAD DE BARCELONA","6,7","","https://www.marinetraffic.com/en/ais/details/ships/mmsi:225416000","TERMINAL F2","19:16","2026-03-11 18:16:00","2026-03-11","2026-03-11 22:15:00","Transbordadors","23:15","ESIBZ","18C","225416000","9506289","ESIBZ","Finalitzada","176","Ibiza","Ibiza","F","6-9","82606-1","2026-03-11","2026-03-11 19:16:00","Espanya","GRIMALDI LOGISTICA ESPAÑA SL","EAIE"
"2026","F2","ES","2026-03-12 22:48:00","CIUDAD DE PALMA","6,71","","https://www.marinetraffic.com/en/ais/details/ships/mmsi:224588000","TERMINAL F2","18:56","2026-03-12 17:56:00","2026-03-12","2026-03-12 21:48:00","Transbordadors","22:48","ESPMI","19A","224588000","9349772","ESPMI","Finalitzada","186","Palma de Mallorca","Palma de Mallorca","F","2-5","82608-1","2026-03-12","2026-03-12 18:56:00","Espanya","GRIMALDI LOGISTICA ESPAÑA SL","EAMS"
"2026","F2","ES","2026-03-12 23:37:00","CIUDAD DE BARCELONA","6,7","","https://www.marinetraffic.com/en/ais/details/ships/mmsi:225416000","TERMINAL F2","19:27","2026-03-12 18:27:00","2026-03-12","2026-03-12 22:37:00","Transbordadors","23:37","ESIBZ","18C","225416000","9506289","ESIBZ","Finalitzada","176","Ibiza","Ibiza","F","6-9","82609-1","2026-03-12","2026-03-12 19:27:00","Espanya","GRIMALDI LOGISTICA ESPAÑA SL","EAIE"
"2026","F2","ES","2026-03-13 22:51:00","CIUDAD DE PALMA","6,71","","https://www.marinetraffic.com/en/ais/details/ships/mmsi:224588000","TERMINAL F2","18:32","2026-03-13 17:32:00","2026-03-13","2026-03-13 21:51:00","Transbordadors","22:51","ESPMI","19A","224588000","9349772","ESPMI","Finalitzada","186","Palma de Mallorca","Palma de Mallorca","F","2-5","82610-1","2026-03-13","2026-03-13 18:32:00","Espanya","GRIMALDI LOGISTICA ESPAÑA SL","EAMS"
"2026","F2","ES","2026-03-13 23:20:00","CIUDAD DE BARCELONA","6,7","","https://www.marinetraffic.com/en/ais/details/ships/mmsi:225416000","TERMINAL F2","19:27","2026-03-13 18:27:00","2026-03-13","2026-03-13 22:20:00","Transbordadors","23:20","ESMAH","18C","225416000","9506289","ESIBZ","Finalitzada","176","Ibiza","Mahon Menorca","F","6-9","82611-1","2026-03-13","2026-03-13 19:27:00","Espanya","GRIMALDI LOGISTICA ESPAÑA SL","EAIE"
"2026","F2","ES","2026-03-15 22:26:00","CIUDAD DE PALMA","6,71","","https://www.marinetraffic.com/en/ais/details/ships/mmsi:224588000","TERMINAL F2","18:57","2026-03-14 17:57:00","2026-03-14","2026-03-15 21:26:00","Transbordadors","22:26","ESPMI","19A","224588000","9349772","ESPMI","Finalitzada","186","Palma de Mallorca","Palma de Mallorca","F","2-5","82612-1","2026-03-15","2026-03-14 18:57:00","Espanya","GRIMALDI LOGISTICA ESPAÑA SL","EAMS"
"2026","F2","ES","2026-03-16 22:27:00","CIUDAD DE PALMA","6,71","","https://www.marinetraffic.com/en/ais/details/ships/mmsi:224588000","TERMINAL F2","18:32","2026-03-16 17:32:00","2026-03-16","2026-03-16 21:27:00","Transbordadors","22:27","ESPMI","19A","224588000","9349772","ESPMI","Finalitzada","186","Palma de Mallorca","Palma de Mallorca","F","2-5","82615-1","2026-03-16","2026-03-16 18:32:00","Espanya","GRIMALDI LOGISTICA ESPAÑA SL","EAMS"
"2026","F2","ES","2026-03-16 23:27:00","CIUDAD DE BARCELONA","6,7","","https://www.marinetraffic.com/en/ais/details/ships/mmsi:225416000","TERMINAL F2","07:42","2026-03-16 06:42:00","2026-03-16","2026-03-16 22:27:00","Transbordadors","23:27","ESIBZ","18C","225416000","9506289","ESALD","Finalitzada","176","Alcudia","Ibiza","F","6-9","82614-1","2026-03-16","2026-03-16 07:42:00","Espanya","GRIMALDI LOGISTICA ESPAÑA SL","EAIE"
"2026","F2","ES","2026-03-17 22:56:00","CIUDAD DE PALMA","6,71","","https://www.marinetraffic.com/en/ais/details/ships/mmsi:224588000","TERMINAL F2","18:28","2026-03-17 17:28:00","2026-03-17","2026-03-17 21:56:00","Transbordadors","22:56","ESIBZ","19A","224588000","9349772","ESPMI","Finalitzada","186","Palma de Mallorca","Ibiza","F","2-5","82757-1","2026-03-17","2026-03-17 18:28:00","Espanya","GRIMALDI LOGISTICA ESPAÑA SL","EAMS"
"2026","F2","ES","2026-03-17 23:01:00","CIUDAD DE BARCELONA","6,7","","https://www.marinetraffic.com/en/ais/details/ships/mmsi:225416000","TERMINAL F2","19:12","2026-03-17 18:12:00","2026-03-17","2026-03-17 22:01:00","Transbordadors","23:01","ESPMI","19B","225416000","9506289","ESIBZ","Finalitzada","176","Ibiza","Palma de Mallorca","F","1-4","82758-1","2026-03-17","2026-03-17 19:12:00","Espanya","GRIMALDI LOGISTICA ESPAÑA SL","EAIE"
"2026","F2","IT","2026-01-06 21:36:00","GNV SEALAND","6,79","","https://www.marinetraffic.com/en/ais/details/ships/mmsi:247265800","TERMINAL F2","17:05","2026-01-06 16:05:00","2026-01-06","2026-01-06 20:36:00","Transbordadors","21:36","ESPMI","20A","247265800","9435454","ESPMI","Finalitzada","186,44","Palma de Mallorca","Palma de Mallorca","F","3-6","80686-1","2026-01-06","2026-01-06 17:05:00","Itàlia","TRANSCOMA BALEARES SA","IBDZ"
"2026","F2","IT","2026-01-07 21:53:00","GNV SEALAND","6,79","","https://www.marinetraffic.com/en/ais/details/ships/mmsi:247265800","TERMINAL F2","17:21","2026-01-07 16:21:00","2026-01-07","2026-01-07 20:53:00","Transbordadors","21:53","ESPMI","20A","247265800","9435454","ESPMI","Finalitzada","186,44","Palma de Mallorca","Palma de Mallorca","F","3-6","80688-1","2026-01-07","2026-01-07 17:21:00","Itàlia","TRANSCOMA BALEARES SA","IBDZ"
"2026","F2","IT","2026-01-08 11:34:00","EXCELSIOR","6,9","26,8","https://www.marinetraffic.com/en/ais/details/ships/mmsi:247351100","TERMINAL F2","07:32","2026-01-08 06:32:00","2026-01-08","2026-01-08 10:34:00","Transbordadors","11:34","ITGOA","19A","247351100","9184419","MAPTM","Finalitzada","202,78","Tanger Med","Genoa","F","2-5","80691-1","2026-01-08","2026-01-08 07:32:00","Itàlia","TRANSCOMA BALEARES SA","IBEX"
"2026","F2","IT","2026-01-08 12:05:00","EXCELLENT","6,74","","https://www.marinetraffic.com/en/ais/details/ships/mmsi:247279000","TERMINAL F2","08:21","2026-01-08 07:21:00","2026-01-08","2026-01-08 11:05:00","Transbordadors","12:05","MANDR","18C","247279000","9143441","FRSET","Finalitzada","202,78","Sete","Nador","F","5-9","80692-1","2026-01-08","2026-01-08 08:21:00","Itàlia","TRANSCOMA BALEARES SA","IBBE"
"2026","F2","IT","2026-01-08 21:41:00","GNV SEALAND","6,79","","https://www.marinetraffic.com/en/ais/details/ships/mmsi:247265800","TERMINAL F2","17:25","2026-01-08 16:25:00","2026-01-08","2026-01-08 20:41:00","Transbordadors","21:41","ESPMI","20A","247265800","9435454","ESPMI","Finalitzada","186,44","Palma de Mallorca","Palma de Mallorca","F","3-6","80693-1","2026-01-08","2026-01-08 17:25:00","Itàlia","TRANSCOMA BALEARES SA","IBDZ"
"2026","F2","IT","2026-01-09 21:49:00","GNV SEALAND","6,79","","https://www.marinetraffic.com/en/ais/details/ships/mmsi:247265800","TERMINAL F2","18:15","2026-01-09 17:15:00","2026-01-09","2026-01-09 20:49:00","Transbordadors","21:49","ESPMI","20A","247265800","9435454","ESPMI","Finalitzada","186,44","Palma de Mallorca","Palma de Mallorca","F","3-6","80698-1","2026-01-09","2026-01-09 18:15:00","Itàlia","TRANSCOMA BALEARES SA","IBDZ"
"2026","F2","IT","2026-01-11 01:35:00","EXCELLENT","6,74","","https://www.marinetraffic.com/en/ais/details/ships/mmsi:247279000","TERMINAL F2","22:48","2026-01-10 21:48:00","2026-01-10","2026-01-11 00:35:00","Transbordadors","01:35","FRSET","18C","247279000","9143441","MANDR","Finalitzada","202,78","Nador","Sete","F","5-9","80697-1","2026-01-11","2026-01-10 22:48:00","Itàlia","TRANSCOMA BALEARES SA","IBBE"
"2026","F2","IT","2026-01-11 04:43:00","GNV ATLAS","6,53","","https://www.marinetraffic.com/en/ais/details/ships/mmsi:247163100","TERMINAL F2","01:07","2026-01-11 00:07:00","2026-01-11","2026-01-11 03:43:00","Transbordadors","04:43","ITGOA","19B","247163100","8712520","MAPTM","Finalitzada","161","Tanger Med","Genoa","F","1-4","80801-1","2026-01-11","2026-01-11 01:07:00","Itàlia","TRANSCOMA BALEARES SA","IBUH"
"2026","F2","IT","2026-01-11 21:36:00","GNV SEALAND","6,79","","https://www.marinetraffic.com/en/ais/details/ships/mmsi:247265800","TERMINAL F2","06:05","2026-01-11 05:05:00","2026-01-11","2026-01-11 20:36:00","Transbordadors","21:36","ESPMI","20A","247265800","9435454","ESPMI","Finalitzada","186,44","Palma de Mallorca","Palma de Mallorca","F","3-6","80702-1","2026-01-11","2026-01-11 06:05:00","Itàlia","TRANSCOMA BALEARES SA","IBDZ"
"2026","F2","IT","2026-01-12 05:26:00","MAJESTIC","6,5","","https://www.marinetraffic.com/en/ais/details/ships/mmsi:247142000","TERMINAL F2","02:03","2026-01-12 01:03:00","2026-01-12","2026-01-12 04:26:00","Transbordadors","05:26","MAPTM","18C","247142000","9015735","ITGOA","Finalitzada","188,15","Genoa","Tanger Med","F","5-9","80704-1","2026-01-12","2026-01-12 02:03:00","Itàlia","TRANSCOMA BALEARES SA","IBAM"
"2026","F2","IT","2026-01-12 21:56:00","GNV SEALAND","6,79","","https://www.marinetraffic.com/en/ais/details/ships/mmsi:247265800","TERMINAL F2","17:33","2026-01-12 16:33:00","2026-01-12","2026-01-12 20:56:00","Transbordadors","21:56","ESPMI","20D","247265800","9435454","ESPMI","Finalitzada","186,44","Palma de Mallorca","Palma de Mallorca","F","1-4","80706-1","2026-01-12","2026-01-12 17:33:00","Itàlia","TRANSCOMA BALEARES SA","IBDZ"
"2026","F2","IT","2026-01-13 23:11:00","FORZA","6,4","","https://www.marinetraffic.com/en/ais/details/ships/mmsi:247286100","TERMINAL F2","21:03","2026-01-13 20:03:00","2026-01-13","2026-01-13 22:11:00","Transbordadors","23:11","ESPMI","20A","247286100","9458523","ESPMI","Finalitzada","198,99","Palma de Mallorca","Palma de Mallorca","F","2-6","80982-1","2026-01-13","2026-01-13 21:03:00","Itàlia","TRANSCOMA BALEARES SA","IBWU"
"2026","F2","IT","2026-01-14 02:58:00","GNV ATLAS","6,53","","https://www.marinetraffic.com/en/ais/details/ships/mmsi:247163100","TERMINAL F2","23:57","2026-01-13 22:57:00","2026-01-13","2026-01-14 01:58:00","Transbordadors","02:58","MANDR","18C","247163100","8712520","FRSET","Finalitzada","161","Sete","Nador","F","6-9","80913-1","2026-01-14","2026-01-13 23:57:00","Itàlia","TRANSCOMA BALEARES SA","IBUH"
"2026","F2","IT","2026-01-14 21:44:00","GNV SEALAND","6,79","","https://www.marinetraffic.com/en/ais/details/ships/mmsi:247265800","TERMINAL F2","18:17","2026-01-14 17:17:00","2026-01-14","2026-01-14 20:44:00","Transbordadors","21:44","ESPMI","20A","247265800","9435454","ESPMI","Finalitzada","186,44","Palma de Mallorca","Palma de Mallorca","F","3-6","80916-1","2026-01-14","2026-01-14 18:17:00","Itàlia","TRANSCOMA BALEARES SA","IBDZ"
"2026","F2","IT","2026-01-15 01:27:00","MAJESTIC","6,5","","https://www.marinetraffic.com/en/ais/details/ships/mmsi:247142000","TERMINAL F2","22:27","2026-01-14 21:27:00","2026-01-14","2026-01-15 00:27:00","Transbordadors","01:27","ITGOA","18C","247142000","9015735","MAPTM","Finalitzada","188,15","Tanger Med","Genoa","F","5-9","80915-1","2026-01-15","2026-01-14 22:27:00","Itàlia","TRANSCOMA BALEARES SA","IBAM"
"2026","F2","IT","2026-01-15 21:35:00","GNV SEALAND","6,79","","https://www.marinetraffic.com/en/ais/details/ships/mmsi:247265800","TERMINAL F2","17:09","2026-01-15 16:09:00","2026-01-15","2026-01-15 20:35:00","Transbordadors","21:35","ESPMI","20A","247265800","9435454","ESPMI","Finalitzada","186,44","Palma de Mallorca","Palma de Mallorca","F","3-6","80918-1","2026-01-15","2026-01-15 17:09:00","Itàlia","TRANSCOMA BALEARES SA","IBDZ"
"2026","F2","IT","2026-01-16 21:34:00","GNV SEALAND","6,79","","https://www.marinetraffic.com/en/ais/details/ships/mmsi:247265800","TERMINAL F2","17:17","2026-01-16 16:17:00","2026-01-16","2026-01-16 20:34:00","Transbordadors","21:34","ESPMI","20A","247265800","9435454","ESPMI","Finalitzada","186,44","Palma de Mallorca","Palma de Mallorca","F","3-6","80928-1","2026-01-16","2026-01-16 17:17:00","Itàlia","TRANSCOMA BALEARES SA","IBDZ"
"2026","F2","IT","2026-01-17 01:54:00","MAJESTIC","6,5","","https://www.marinetraffic.com/en/ais/details/ships/mmsi:247142000","TERMINAL F2","22:35","2026-01-16 21:35:00","2026-01-16","2026-01-17 00:54:00","Transbordadors","01:54","MAPTM","19B","247142000","9015735","ITGOA","Finalitzada","188,15","Genoa","Tanger Med","F","1-4","80925-1","2026-01-17","2026-01-16 22:35:00","Itàlia","TRANSCOMA BALEARES SA","IBAM"
"2026","F2","IT","2026-01-18 14:53:00","EXCELLENT","6,74","","https://www.marinetraffic.com/en/ais/details/ships/mmsi:247279000","TERMINAL F2","11:22","2026-01-18 10:22:00","2026-01-18","2026-01-18 13:53:00","Transbordadors","14:53","MAPTM","18C","247279000","9143441","ITGOA","Finalitzada","202,78","Genoa","Tanger Med","F","5-9","80937-1","2026-01-18","2026-01-18 11:22:00","Itàlia","TRANSCOMA BALEARES SA","IBBE"
"2026","F2","IT","2026-01-18 21:47:00","GNV SEALAND","6,79","","https://www.marinetraffic.com/en/ais/details/ships/mmsi:247265800","TERMINAL F2","05:42","2026-01-18 04:42:00","2026-01-18","2026-01-18 20:47:00","Transbordadors","21:47","ESPMI","20A","247265800","9435454","ESPMI","Finalitzada","186,44","Palma de Mallorca","Palma de Mallorca","F","3-6","80936-1","2026-01-18","2026-01-18 05:42:00","Itàlia","TRANSCOMA BALEARES SA","IBDZ"
"2026","F2","IT","2026-01-21 07:16:00","GNV SEALAND","6,79","","https://www.marinetraffic.com/en/ais/details/ships/mmsi:247265800","TERMINAL F2","17:25","2026-01-19 16:25:00","2026-01-19","2026-01-21 06:16:00","Transbordadors","07:16","ESPMI","20A","247265800","9435454","ESPMI","Finalitzada","186,44","Palma de Mallorca","Palma de Mallorca","F","3-6","80941-1","2026-01-21","2026-01-19 17:25:00","Itàlia","TRANSCOMA BALEARES SA","IBDZ"
"2026","F2","IT","2026-01-21 07:36:00","MAJESTIC","6,5","","https://www.marinetraffic.com/en/ais/details/ships/mmsi:247142000","TERMINAL F2","17:00","2026-01-19 16:00:00","2026-01-19","2026-01-21 06:36:00","Transbordadors","07:36","MAPTM","19B","247142000","9015735","MAPTM","Finalitzada","188,15","Tanger Med","Tanger Med","F","1-4","81145-2","2026-01-21","2026-01-19 17:00:00","Itàlia","TRANSCOMA BALEARES SA","IBAM"
"2026","F2","IT","2026-01-21 12:48:00","EXCELLENT","6,74","","https://www.marinetraffic.com/en/ais/details/ships/mmsi:247279000","TERMINAL F2","09:22","2026-01-21 08:22:00","2026-01-21","2026-01-21 11:48:00","Transbordadors","12:48","ITGOA","20A","247279000","9143441","MAPTM","Finalitzada","202,78","Tanger Med","Genoa","F","1-5","80997-1","2026-01-21","2026-01-21 09:22:00","Itàlia","TRANSCOMA BALEARES SA","IBBE"
"2026","F2","IT","2026-01-22 02:31:00","GNV SEALAND","6,79","","https://www.marinetraffic.com/en/ais/details/ships/mmsi:247265800","TERMINAL F2","00:33","2026-01-21 23:33:00","2026-01-22","2026-01-22 01:31:00","Transbordadors","02:31","ESMAH","20A","247265800","9435454","ESPMI","Finalitzada","186,44","Palma de Mallorca","Mahon Menorca","F","3-6","81212-1","2026-01-22","2026-01-22 00:33:00","Itàlia","TRANSCOMA BALEARES SA","IBDZ"
"2026","F2","IT","2026-01-22 23:22:00","GNV SEALAND","6,79","","https://www.marinetraffic.com/en/ais/details/ships/mmsi:247265800","TERMINAL F2","20:44","2026-01-22 19:44:00","2026-01-22","2026-01-22 22:22:00","Transbordadors","23:22","ESPMI","20A","247265800","9435454","ESMAH","Finalitzada","186,44","Mahon Menorca","Palma de Mallorca","F","3-6","81001-1","2026-01-22","2026-01-22 20:44:00","Itàlia","TRANSCOMA BALEARES SA","IBDZ"
"2026","F2","IT","2026-01-23 18:01:00","EXCELLENT","6,74","","https://www.marinetraffic.com/en/ais/details/ships/mmsi:247279000","TERMINAL F2","08:15","2026-01-23 07:15:00","2026-01-23","2026-01-23 17:01:00","Transbordadors","18:01","MAPTM","18C","247279000","9143441","ITGOA","Finalitzada","202,78","Genoa","Tanger Med","F","5-9","81006-1","2026-01-23","2026-01-23 08:15:00","Itàlia","TRANSCOMA BALEARES SA","IBBE"
"2026","F2","IT","2026-01-23 21:45:00","GNV SEALAND","6,79","","https://www.marinetraffic.com/en/ais/details/ships/mmsi:247265800","TERMINAL F2","17:37","2026-01-23 16:37:00","2026-01-23","2026-01-23 20:45:00","Transbordadors","21:45","ESPMI","20A","247265800","9435454","ESPMI","Finalitzada","186,44","Palma de Mallorca","Palma de Mallorca","F","3-6","81007-1","2026-01-23","2026-01-23 17:37:00","Itàlia","TRANSCOMA BALEARES SA","IBDZ"
"2026","F2","IT","2026-01-25 18:19:00","MAJESTIC","6,5","","https://www.marinetraffic.com/en/ais/details/ships/mmsi:247142000","TERMINAL F2","15:55","2026-01-25 14:55:00","2026-01-25","2026-01-25 17:19:00","Transbordadors","18:19","MAPTM","18C","247142000","9015735","ITGOA","Finalitzada","188,15","Genoa","Tanger Med","F","5-9","81010-1","2026-01-25","2026-01-25 15:55:00","Itàlia","TRANSCOMA BALEARES SA","IBAM"
"2026","F2","IT","2026-01-25 21:34:00","GNV SEALAND","6,79","","https://www.marinetraffic.com/en/ais/details/ships/mmsi:247265800","TERMINAL F2","05:57","2026-01-25 04:57:00","2026-01-25","2026-01-25 20:34:00","Transbordadors","21:34","ESPMI","20A","247265800","9435454","ESPMI","Finalitzada","186,44","Palma de Mallorca","Palma de Mallorca","F","3-6","81009-1","2026-01-25","2026-01-25 05:57:00","Itàlia","TRANSCOMA BALEARES SA","IBDZ"
"2026","F2","IT","2026-01-26 22:13:00","GNV SEALAND","6,79","","https://www.marinetraffic.com/en/ais/details/ships/mmsi:247265800","TERMINAL F2","18:02","2026-01-26 17:02:00","2026-01-26","2026-01-26 21:13:00","Transbordadors","22:13","ESPMI","20D","247265800","9435454","ESPMI","Finalitzada","186,44","Palma de Mallorca","Palma de Mallorca","F","1-4","81014-1","2026-01-26","2026-01-26 18:02:00","Itàlia","TRANSCOMA BALEARES SA","IBDZ"
"2026","F2","IT","2026-01-27 06:19:00","FANTASTIC","6,5","","https://www.marinetraffic.com/en/ais/details/ships/mmsi:247094000","TERMINAL F2","03:22","2026-01-27 02:22:00","2026-01-27","2026-01-27 05:19:00","Transbordadors","06:19","FRSET","18C","247094000","9100267","MANDR","Finalitzada","188,15","Nador","Sete","F","5-9","81238-1","2026-01-27","2026-01-27 03:22:00","Itàlia","TRANSCOMA BALEARES SA","IBDF"
"2026","F2","IT","2026-01-28 00:08:00","GNV SEALAND","6,79","","https://www.marinetraffic.com/en/ais/details/ships/mmsi:247265800","TERMINAL F2","17:20","2026-01-27 16:20:00","2026-01-27","2026-01-27 23:08:00","Transbordadors","00:08","ESPMI","20A","247265800","9435454","ESPMI","Finalitzada","186,44","Palma de Mallorca","Palma de Mallorca","F","3-6","81281-1","2026-01-28","2026-01-27 17:20:00","Itàlia","TRANSCOMA BALEARES SA","IBDZ"
"2026","F2","IT","2026-01-28 11:12:00","MAJESTIC","6,5","","https://www.marinetraffic.com/en/ais/details/ships/mmsi:247142000","TERMINAL F2","08:19","2026-01-28 07:19:00","2026-01-28","2026-01-28 10:12:00","Transbordadors","11:12","ITGOA","19A","247142000","9015735","MAPTM","Finalitzada","188,15","Tanger Med","Genoa","F","2-5","81283-1","2026-01-28","2026-01-28 08:19:00","Itàlia","TRANSCOMA BALEARES SA","IBAM"
"2026","F2","IT","2026-01-28 22:22:00","GNV SEALAND","6,79","","https://www.marinetraffic.com/en/ais/details/ships/mmsi:247265800","TERMINAL F2","19:32","2026-01-28 18:32:00","2026-01-28","2026-01-28 21:22:00","Transbordadors","22:22","ESPMI","20A","247265800","9435454","ESPMI","Finalitzada","186,44","Palma de Mallorca","Palma de Mallorca","F","3-6","81285-1","2026-01-28","2026-01-28 19:32:00","Itàlia","TRANSCOMA BALEARES SA","IBDZ"
"2026","F2","IT","2026-01-28 23:42:00","GNV CRISTAL","6,53","","https://www.marinetraffic.com/en/ais/details/ships/mmsi:247163900","TERMINAL F2","11:56","2026-01-28 10:56:00","2026-01-28","2026-01-28 22:42:00","Transbordadors","23:42","MANDR","19B","247163900","8712518","FRSET","Finalitzada","161","Sete","Nador","F","1-4","81284-1","2026-01-28","2026-01-28 11:56:00","Itàlia","TRANSCOMA BALEARES SA","IBUB"
"2026","F2","IT","2026-01-29 21:37:00","GNV SEALAND","6,79","","https://www.marinetraffic.com/en/ais/details/ships/mmsi:247265800","TERMINAL F2","17:17","2026-01-29 16:17:00","2026-01-29","2026-01-29 20:37:00","Transbordadors","21:37","ESPMI","20A","247265800","9435454","ESPMI","Finalitzada","186,44","Palma de Mallorca","Palma de Mallorca","F","3-6","81288-1","2026-01-29","2026-01-29 17:17:00","Itàlia","TRANSCOMA BALEARES SA","IBDZ"
"2026","F2","IT","2026-01-30 12:37:00","MAJESTIC","6,5","","https://www.marinetraffic.com/en/ais/details/ships/mmsi:247142000","TERMINAL F2","08:45","2026-01-30 07:45:00","2026-01-30","2026-01-30 11:37:00","Transbordadors","12:37","MAPTM","19A","247142000","9015735","ITGOA","Finalitzada","188,15","Genoa","Tanger Med","F","2-5","81290-1","2026-01-30","2026-01-30 08:45:00","Itàlia","TRANSCOMA BALEARES SA","IBAM"
"2026","F2","IT","2026-01-30 21:36:00","GNV SEALAND","6,79","","https://www.marinetraffic.com/en/ais/details/ships/mmsi:247265800","TERMINAL F2","17:24","2026-01-30 16:24:00","2026-01-30","2026-01-30 20:36:00","Transbordadors","21:36","ESPMI","20A","247265800","9435454","ESPMI","Finalitzada","186,44","Palma de Mallorca","Palma de Mallorca","F","3-6","81291-1","2026-01-30","2026-01-30 17:24:00","Itàlia","TRANSCOMA BALEARES SA","IBDZ"
"2026","F2","IT","2026-02-01 21:33:00","GNV SEALAND","6,79","","https://www.marinetraffic.com/en/ais/details/ships/mmsi:247265800","TERMINAL F2","06:13","2026-02-01 05:13:00","2026-02-01","2026-02-01 20:33:00","Transbordadors","21:33","ESPMI","20A","247265800","9435454","ESPMI","Finalitzada","186,44","Palma de Mallorca","Palma de Mallorca","F","3-6","81294-1","2026-02-01","2026-02-01 06:13:00","Itàlia","TRANSCOMA BALEARES SA","IBDZ"
"2026","F2","IT","2026-02-02 21:43:00","GNV SEALAND","6,79","","https://www.marinetraffic.com/en/ais/details/ships/mmsi:247265800","TERMINAL F2","17:18","2026-02-02 16:18:00","2026-02-02","2026-02-02 20:43:00","Transbordadors","21:43","ESPMI","20A","247265800","9435454","ESPMI","Finalitzada","186,44","Palma de Mallorca","Palma de Mallorca","F","3-6","81298-1","2026-02-02","2026-02-02 17:18:00","Itàlia","TRANSCOMA BALEARES SA","IBDZ"
"2026","F2","IT","2026-02-03 21:53:00","GNV SEALAND","6,79","","https://www.marinetraffic.com/en/ais/details/ships/mmsi:247265800","TERMINAL F2","17:15","2026-02-03 16:15:00","2026-02-03","2026-02-03 20:53:00","Transbordadors","21:53","ESPMI","20A","247265800","9435454","ESPMI","Finalitzada","186,44","Palma de Mallorca","Palma de Mallorca","F","3-6","81478-1","2026-02-03","2026-02-03 17:15:00","Itàlia","TRANSCOMA BALEARES SA","IBDZ"
"2026","F2","IT","2026-02-04 21:41:00","GNV SEALAND","6,79","","https://www.marinetraffic.com/en/ais/details/ships/mmsi:247265800","TERMINAL F2","17:21","2026-02-04 16:21:00","2026-02-04","2026-02-04 20:41:00","Transbordadors","21:41","ESPMI","20A","247265800","9435454","ESPMI","Finalitzada","186,44","Palma de Mallorca","Palma de Mallorca","F","3-6","81483-1","2026-02-04","2026-02-04 17:21:00","Itàlia","TRANSCOMA BALEARES SA","IBDZ"
"2026","F2","IT","2026-02-05 03:31:00","EXCELLENT","6,74","","https://www.marinetraffic.com/en/ais/details/ships/mmsi:247279000","TERMINAL F2","00:58","2026-02-04 23:58:00","2026-02-05","2026-02-05 02:31:00","Transbordadors","03:31","ITGOA","19A","247279000","9143441","MAPTM","Finalitzada","202,78","Tanger Med","Genoa","F","2-5","81481-1","2026-02-05","2026-02-05 00:58:00","Itàlia","TRANSCOMA BALEARES SA","IBBE"
"2026","F2","IT","2026-02-05 21:39:00","GNV SEALAND","6,79","","https://www.marinetraffic.com/en/ais/details/ships/mmsi:247265800","TERMINAL F2","17:20","2026-02-05 16:20:00","2026-02-05","2026-02-05 20:39:00","Transbordadors","21:39","ESPMI","20A","247265800","9435454","ESPMI","Finalitzada","186,44","Palma de Mallorca","Palma de Mallorca","F","3-6","81485-1","2026-02-05","2026-02-05 17:20:00","Itàlia","TRANSCOMA BALEARES SA","IBDZ"
"2026","F2","IT","2026-02-06 09:30:00","GNV CRISTAL","6,53","","https://www.marinetraffic.com/en/ais/details/ships/mmsi:247163900","TERMINAL F2","04:57","2026-02-06 03:57:00","2026-02-06","2026-02-06 08:30:00","Transbordadors","09:30","MANDR","18C","247163900","8712518","FRSET","Finalitzada","161","Sete","Nador","F","6-9","81491-1","2026-02-06","2026-02-06 04:57:00","Itàlia","TRANSCOMA BALEARES SA","IBUB"
"2026","F2","IT","2026-02-06 21:41:00","GNV SEALAND","6,79","","https://www.marinetraffic.com/en/ais/details/ships/mmsi:247265800","TERMINAL F2","17:27","2026-02-06 16:27:00","2026-02-06","2026-02-06 20:41:00","Transbordadors","21:41","ESPMI","20A","247265800","9435454","ESPMI","Finalitzada","186,44","Palma de Mallorca","Palma de Mallorca","F","3-6","81494-1","2026-02-06","2026-02-06 17:27:00","Itàlia","TRANSCOMA BALEARES SA","IBDZ"
"2026","F2","IT","2026-02-08 21:41:00","GNV SEALAND","6,79","","https://www.marinetraffic.com/en/ais/details/ships/mmsi:247265800","TERMINAL F2","06:29","2026-02-08 05:29:00","2026-02-08","2026-02-08 20:41:00","Transbordadors","21:41","ESPMI","20A","247265800","9435454","ESPMI","Finalitzada","186,44","Palma de Mallorca","Palma de Mallorca","F","3-6","81496-1","2026-02-08","2026-02-08 06:29:00","Itàlia","TRANSCOMA BALEARES SA","IBDZ"
"2026","F2","IT","2026-02-09 10:28:00","MAJESTIC","6,5","","https://www.marinetraffic.com/en/ais/details/ships/mmsi:247142000","TERMINAL F2","07:27","2026-02-09 06:27:00","2026-02-09","2026-02-09 09:28:00","Transbordadors","10:28","MAPTM","20A","247142000","9015735","ITGOA","Finalitzada","188,15","Genoa","Tanger Med","F","1-4","81497-1","2026-02-09","2026-02-09 07:27:00","Itàlia","TRANSCOMA BALEARES SA","IBAM"
"2026","F2","IT","2026-02-10 00:53:00","GNV CRISTAL","6,53","","https://www.marinetraffic.com/en/ais/details/ships/mmsi:247163900","TERMINAL F2","22:40","2026-02-09 21:40:00","2026-02-09","2026-02-09 23:53:00","Transbordadors","00:53","FRSET","19B","247163900","8712518","MANDR","Finalitzada","161","Nador","Sete","F","1-4","81501-1","2026-02-10","2026-02-09 22:40:00","Itàlia","TRANSCOMA BALEARES SA","IBUB"
"2026","F2","IT","2026-02-10 03:00:00","GNV SEALAND","6,79","","https://www.marinetraffic.com/en/ais/details/ships/mmsi:247265800","TERMINAL F2","17:27","2026-02-09 16:27:00","2026-02-09","2026-02-10 02:00:00","Transbordadors","03:00","ESPMI","20A","247265800","9435454","ESPMI","Finalitzada","186,44","Palma de Mallorca","Palma de Mallorca","F","3-6","81499-1","2026-02-10","2026-02-09 17:27:00","Itàlia","TRANSCOMA BALEARES SA","IBDZ"
"2026","F2","IT","2026-02-10 23:08:00","GNV SEALAND","6,79","","https://www.marinetraffic.com/en/ais/details/ships/mmsi:247265800","TERMINAL F2","19:57","2026-02-10 18:57:00","2026-02-10","2026-02-10 22:08:00","Transbordadors","23:08","ESPMI","20A","247265800","9435454","ESPMI","Finalitzada","186,44","Palma de Mallorca","Palma de Mallorca","F","3-6","81640-1","2026-02-10","2026-02-10 19:57:00","Itàlia","TRANSCOMA BALEARES SA","IBDZ"
"2026","F2","IT","2026-02-11 13:12:00","FANTASTIC","6,5","","https://www.marinetraffic.com/en/ais/details/ships/mmsi:247094000","TERMINAL F2","08:06","2026-02-11 07:06:00","2026-02-11","2026-02-11 12:12:00","Transbordadors","13:12","MANDR","21A","247094000","9100267","FRSET","Finalitzada","188,15","Sete","Nador","F","5-8","81648-1","2026-02-11","2026-02-11 08:06:00","Itàlia","TRANSCOMA BALEARES SA","IBDF"
"2026","F2","IT","2026-02-12 06:14:00","MAJESTIC","6,5","26,8","https://www.marinetraffic.com/en/ais/details/ships/mmsi:247142000","TERMINAL F2","03:17","2026-02-12 02:17:00","2026-02-12","2026-02-12 05:14:00","Transbordadors","06:14","ITGOA","21A","247142000","9015735","MAPTM","Finalitzada","188,15","Tanger Med","Genoa","F","4-8","81645-1","2026-02-12","2026-02-12 03:17:00","Itàlia","TRANSCOMA BALEARES SA","IBAM"
"2026","F2","IT","2026-02-14 10:57:00","MAJESTIC","6,5","","https://www.marinetraffic.com/en/ais/details/ships/mmsi:247142000","TERMINAL F2","07:21","2026-02-14 06:21:00","2026-02-14","2026-02-14 09:57:00","Transbordadors","10:57","MAPTM","19B","247142000","9015735","ITGOA","Finalitzada","188,15","Genoa","Tanger Med","F","1-4","81658-1","2026-02-14","2026-02-14 07:21:00","Itàlia","TRANSCOMA BALEARES SA","IBAM"
"2026","F2","IT","2026-02-16 21:50:00","GNV SEALAND","6,79","","https://www.marinetraffic.com/en/ais/details/ships/mmsi:247265800","TERMINAL F2","17:26","2026-02-11 16:26:00","2026-02-11","2026-02-16 20:50:00","Transbordadors","21:50","ESPMI","20A","247265800","9435454","ESPMI","Finalitzada","186,44","Palma de Mallorca","Palma de Mallorca","F","3-6","81650-1","2026-02-16","2026-02-11 17:26:00","Itàlia","TRANSCOMA BALEARES SA","IBDZ"
"2026","F2","IT","2026-02-18 01:32:00","GNV SEALAND","6,79","","https://www.marinetraffic.com/en/ais/details/ships/mmsi:247265800","TERMINAL F2","17:33","2026-02-17 16:33:00","2026-02-17","2026-02-18 00:32:00","Transbordadors","01:32","ESPMI","20A","247265800","9435454","ESPMI","Finalitzada","186,44","Palma de Mallorca","Palma de Mallorca","F","3-6","81982-1","2026-02-18","2026-02-17 17:33:00","Itàlia","TRANSCOMA BALEARES SA","IBDZ"
"2026","F2","IT","2026-02-18 22:38:00","GNV SEALAND","6,79","","https://www.marinetraffic.com/en/ais/details/ships/mmsi:247265800","TERMINAL F2","19:24","2026-02-18 18:24:00","2026-02-18","2026-02-18 21:38:00","Transbordadors","22:38","ESPMI","20A","247265800","9435454","ESPMI","Finalitzada","186,44","Palma de Mallorca","Palma de Mallorca","F","3-6","81992-1","2026-02-18","2026-02-18 19:24:00","Itàlia","TRANSCOMA BALEARES SA","IBDZ"
"2026","F2","IT","2026-02-19 01:16:00","EXCELLENT","6,74","","https://www.marinetraffic.com/en/ais/details/ships/mmsi:247279000","TERMINAL F2","22:03","2026-02-18 21:03:00","2026-02-18","2026-02-19 00:16:00","Transbordadors","01:16","ITGOA","18C","247279000","9143441","MAPTM","Finalitzada","202,78","Tanger Med","Genoa","F","5-9","81990-1","2026-02-19","2026-02-18 22:03:00","Itàlia","TRANSCOMA BALEARES SA","IBBE"
"2026","F2","IT","2026-02-19 21:50:00","GNV SEALAND","6,79","","https://www.marinetraffic.com/en/ais/details/ships/mmsi:247265800","TERMINAL F2","17:56","2026-02-19 16:56:00","2026-02-19","2026-02-19 20:50:00","Transbordadors","21:50","ESPMI","20A","247265800","9435454","ESPMI","Finalitzada","186,44","Palma de Mallorca","Palma de Mallorca","F","3-6","81998-1","2026-02-19","2026-02-19 17:56:00","Itàlia","TRANSCOMA BALEARES SA","IBDZ"
"2026","F2","IT","2026-02-20 21:50:00","GNV SEALAND","6,79","","https://www.marinetraffic.com/en/ais/details/ships/mmsi:247265800","TERMINAL F2","18:24","2026-02-20 17:24:00","2026-02-20","2026-02-20 20:50:00","Transbordadors","21:50","ESPMI","20A","247265800","9435454","ESPMI","Finalitzada","186,44","Palma de Mallorca","Palma de Mallorca","F","3-6","82011-1","2026-02-20","2026-02-20 18:24:00","Itàlia","TRANSCOMA BALEARES SA","IBDZ"
"2026","F2","IT","2026-02-21 02:18:00","EXCELLENT","6,74","","https://www.marinetraffic.com/en/ais/details/ships/mmsi:247279000","TERMINAL F2","22:24","2026-02-20 21:24:00","2026-02-20","2026-02-21 01:18:00","Transbordadors","02:18","MAPTM","20A","247279000","9143441","ITGOA","Finalitzada","202,78","Genoa","Tanger Med","F","1-5","82041-1","2026-02-21","2026-02-20 22:24:00","Itàlia","TRANSCOMA BALEARES SA","IBBE"
"2026","F2","IT","2026-02-22 17:33:00","GNV CRISTAL","6,53","","https://www.marinetraffic.com/en/ais/details/ships/mmsi:247163900","TERMINAL F2","14:59","2026-02-22 13:59:00","2026-02-22","2026-02-22 16:33:00","Transbordadors","17:33","MAPTM","19B","247163900","8712518","ITGOA","Finalitzada","161","Genoa","Tanger Med","F","1-4","82017-1","2026-02-22","2026-02-22 14:59:00","Itàlia","TRANSCOMA BALEARES SA","IBUB"
"2026","F2","IT","2026-02-22 21:47:00","GNV SEALAND","6,79","","https://www.marinetraffic.com/en/ais/details/ships/mmsi:247265800","TERMINAL F2","06:27","2026-02-22 05:27:00","2026-02-22","2026-02-22 20:47:00","Transbordadors","21:47","ESPMI","20A","247265800","9435454","ESPMI","Finalitzada","186,44","Palma de Mallorca","Palma de Mallorca","F","3-6","82015-1","2026-02-22","2026-02-22 06:27:00","Itàlia","TRANSCOMA BALEARES SA","IBDZ"
"2026","F2","IT","2026-02-23 21:39:00","GNV SEALAND","6,79","","https://www.marinetraffic.com/en/ais/details/ships/mmsi:247265800","TERMINAL F2","17:25","2026-02-23 16:25:00","2026-02-23","2026-02-23 20:39:00","Transbordadors","21:39","ESPMI","20A","247265800","9435454","ESPMI","Finalitzada","186,44","Palma de Mallorca","Palma de Mallorca","F","3-6","82019-1","2026-02-23","2026-02-23 17:25:00","Itàlia","TRANSCOMA BALEARES SA","IBDZ"
"2026","F2","IT","2026-02-24 21:48:00","GNV SEALAND","6,79","","https://www.marinetraffic.com/en/ais/details/ships/mmsi:247265800","TERMINAL F2","17:33","2026-02-24 16:33:00","2026-02-24","2026-02-24 20:48:00","Transbordadors","21:48","ESPMI","20A","247265800","9435454","ESPMI","Finalitzada","186,44","Palma de Mallorca","Palma de Mallorca","F","3-6","82237-1","2026-02-24","2026-02-24 17:33:00","Itàlia","TRANSCOMA BALEARES SA","IBDZ"
"2026","F2","IT","2026-02-25 21:50:00","GNV SEALAND","6,79","","https://www.marinetraffic.com/en/ais/details/ships/mmsi:247265800","TERMINAL F2","17:34","2026-02-25 16:34:00","2026-02-25","2026-02-25 20:50:00","Transbordadors","21:50","ESPMI","20A","247265800","9435454","ESPMI","Finalitzada","186,44","Palma de Mallorca","Palma de Mallorca","F","3-6","82239-1","2026-02-25","2026-02-25 17:34:00","Itàlia","TRANSCOMA BALEARES SA","IBDZ"
"2026","F2","IT","2026-02-26 21:46:00","GNV SEALAND","6,79","","https://www.marinetraffic.com/en/ais/details/ships/mmsi:247265800","TERMINAL F2","17:34","2026-02-26 16:34:00","2026-02-26","2026-02-26 20:46:00","Transbordadors","21:46","ESPMI","20A","247265800","9435454","ESPMI","Finalitzada","186,44","Palma de Mallorca","Palma de Mallorca","F","3-6","82241-1","2026-02-26","2026-02-26 17:34:00","Itàlia","TRANSCOMA BALEARES SA","IBDZ"
"2026","F2","IT","2026-02-27 03:59:00","GNV CRISTAL","6,53","","https://www.marinetraffic.com/en/ais/details/ships/mmsi:247163900","TERMINAL F2","00:41","2026-02-26 23:41:00","2026-02-27","2026-02-27 02:59:00","Transbordadors","03:59","MANDR","18C","247163900","8712518","FRSET","Finalitzada","161","Sete","Nador","F","6-9","82243-1","2026-02-27","2026-02-27 00:41:00","Itàlia","TRANSCOMA BALEARES SA","IBUB"
"2026","F2","IT","2026-02-27 22:12:00","GNV SEALAND","6,79","","https://www.marinetraffic.com/en/ais/details/ships/mmsi:247265800","TERMINAL F2","17:41","2026-02-27 16:41:00","2026-02-27","2026-02-27 21:12:00","Transbordadors","22:12","ESIBZ","20A","247265800","9435454","ESPMI","Finalitzada","186,44","Palma de Mallorca","Ibiza","F","3-6","82244-1","2026-02-27","2026-02-27 17:41:00","Itàlia","TRANSCOMA BALEARES SA","IBDZ"
"2026","F2","IT","2026-03-01 17:21:00","GNV CRISTAL","6,53","","https://www.marinetraffic.com/en/ais/details/ships/mmsi:247163900","TERMINAL F2","15:18","2026-03-01 14:18:00","2026-03-01","2026-03-01 16:21:00","Transbordadors","17:21","FRSET","18C","247163900","8712518","MANDR","Finalitzada","161","Nador","Sete","F","6-9","82378-1","2026-03-01","2026-03-01 15:18:00","Itàlia","TRANSCOMA BALEARES SA","IBUB"
"2026","F2","IT","2026-03-01 18:57:00","EXCELLENT","6,74","","https://www.marinetraffic.com/en/ais/details/ships/mmsi:247279000","TERMINAL F2","15:43","2026-03-01 14:43:00","2026-03-01","2026-03-01 17:57:00","Transbordadors","18:57","MAPTM","19A","247279000","9143441","ITGOA","Finalitzada","202,78","Genoa","Tanger Med","F","2-5","82373-1","2026-03-01","2026-03-01 15:43:00","Itàlia","TRANSCOMA BALEARES SA","IBBE"
"2026","F2","IT","2026-03-02 08:11:00","GNV SEALAND","6,79","","https://www.marinetraffic.com/en/ais/details/ships/mmsi:247265800","TERMINAL F2","06:38","2026-03-02 05:38:00","2026-03-02","2026-03-02 07:11:00","Transbordadors","08:11","ESMAH","18C","247265800","9435454","ESIBZ","Finalitzada","186,44","Ibiza","Mahon Menorca","F","5-9","82379-1","2026-03-02","2026-03-02 06:38:00","Itàlia","TRANSCOMA BALEARES SA","IBDZ"
"2026","F2","IT","2026-03-03 00:57:00","GNV SEALAND","6,79","","https://www.marinetraffic.com/en/ais/details/ships/mmsi:247265800","TERMINAL F2","16:42","2026-03-02 15:42:00","2026-03-02","2026-03-02 23:57:00","Transbordadors","00:57","ESMAH","18C","247265800","9435454","ESIBZ","Finalitzada","186,44","Ibiza","Mahon Menorca","F","5-9","82379-3","2026-03-03","2026-03-02 16:42:00","Itàlia","TRANSCOMA BALEARES SA","IBDZ"
"2026","F2","IT","2026-03-03 08:19:00","FANTASTIC","6,5","","https://www.marinetraffic.com/en/ais/details/ships/mmsi:247094000","TERMINAL F2","03:42","2026-03-03 02:42:00","2026-03-03","2026-03-03 07:19:00","Transbordadors","08:19","MAPTM","19B","247094000","9100267","FRSET","Finalitzada","188,15","Sete","Tanger Med","F","1-4","82509-1","2026-03-03","2026-03-03 03:42:00","Itàlia","TRANSCOMA BALEARES SA","IBDF"
"2026","F2","IT","2026-03-04 01:29:00","GNV SEALAND","6,79","","https://www.marinetraffic.com/en/ais/details/ships/mmsi:247265800","TERMINAL F2","20:25","2026-03-03 19:25:00","2026-03-03","2026-03-04 00:29:00","Transbordadors","01:29","ESPMI","19B","247265800","9435454","ESIBZ","Finalitzada","186,44","Ibiza","Palma de Mallorca","F","1-4","82419-1","2026-03-04","2026-03-03 20:25:00","Itàlia","TRANSCOMA BALEARES SA","IBDZ"
"2026","F2","IT","2026-03-05 00:46:00","GNV SEALAND","6,79","","https://www.marinetraffic.com/en/ais/details/ships/mmsi:247265800","TERMINAL F2","20:08","2026-03-04 19:08:00","2026-03-04","2026-03-04 23:46:00","Transbordadors","00:46","ESPMI","20D","247265800","9435454","ESPMI","Finalitzada","186,44","Palma de Mallorca","Palma de Mallorca","F","1-4","82420-1","2026-03-05","2026-03-04 20:08:00","Itàlia","TRANSCOMA BALEARES SA","IBDZ"
"2026","F2","IT","2026-03-05 11:01:00","EXCELLENT","6,74","","https://www.marinetraffic.com/en/ais/details/ships/mmsi:247279000","TERMINAL F2","07:23","2026-03-05 06:23:00","2026-03-05","2026-03-05 10:01:00","Transbordadors","11:01","MANDR","18C","247279000","9143441","FRSET","Finalitzada","202,78","Sete","Nador","F","5-9","82424-1","2026-03-05","2026-03-05 07:23:00","Itàlia","TRANSCOMA BALEARES SA","IBBE"
"2026","F2","IT","2026-03-06 02:43:00","FANTASTIC","6,5","","https://www.marinetraffic.com/en/ais/details/ships/mmsi:247094000","TERMINAL F2","23:35","2026-03-05 22:35:00","2026-03-05","2026-03-06 01:43:00","Transbordadors","02:43","ITGOA","18C","247094000","9100267","MAPTM","Finalitzada","188,15","Tanger Med","Genoa","F","5-9","82521-1","2026-03-06","2026-03-05 23:35:00","Itàlia","TRANSCOMA BALEARES SA","IBDF"
"2026","F2","IT","2026-03-06 16:39:00","EXCELSIOR","6,9","","https://www.marinetraffic.com/en/ais/details/ships/mmsi:247351100","TERMINAL F2","07:56","2026-03-02 06:56:00","2026-03-02","2026-03-06 15:39:00","Transbordadors","16:39","MAPTM","20A","247351100","9184419","FRSET","Finalitzada","202,78","Sete","Tanger Med","F","1-5","82381-1","2026-03-06","2026-03-02 07:56:00","Itàlia","TRANSCOMA BALEARES SA","IBEX"
"2026","F2","IT","2026-03-07 11:37:00","EXCELSIOR","6,9","","https://www.marinetraffic.com/en/ais/details/ships/mmsi:247351100","TERMINAL F2","16:40","2026-03-06 15:40:00","2026-03-06","2026-03-07 10:37:00","Transbordadors","11:37","MAPTM","18C","247351100","9184419","FRSET","Finalitzada","202,78","Sete","Tanger Med","F","5-9","82381-2","2026-03-07","2026-03-06 16:40:00","Itàlia","TRANSCOMA BALEARES SA","IBEX"
"2026","F2","IT","2026-03-07 20:52:00","EXCELLENT","6,74","","https://www.marinetraffic.com/en/ais/details/ships/mmsi:247279000","TERMINAL F2","14:29","2026-03-07 13:29:00","2026-03-07","2026-03-07 19:52:00","Transbordadors","20:52","FRSET","18C","247279000","9143441","MANDR","Finalitzada","202,78","Nador","Sete","F","5-9","82430-1","2026-03-07","2026-03-07 14:29:00","Itàlia","TRANSCOMA BALEARES SA","IBBE"
"2026","F2","IT","2026-03-08 14:27:00","FANTASTIC","6,5","","https://www.marinetraffic.com/en/ais/details/ships/mmsi:247094000","TERMINAL F2","11:13","2026-03-08 10:13:00","2026-03-08","2026-03-08 13:27:00","Transbordadors","14:27","MAPTM","18C","247094000","9100267","ITGOA","Finalitzada","188,15","Genoa","Tanger Med","F","5-9","82522-1","2026-03-08","2026-03-08 11:13:00","Itàlia","TRANSCOMA BALEARES SA","IBDF"
"2026","F2","IT","2026-03-08 20:27:00","GNV CRISTAL","6,53","","https://www.marinetraffic.com/en/ais/details/ships/mmsi:247163900","TERMINAL F2","06:23","2026-03-08 05:23:00","2026-03-08","2026-03-08 19:27:00","Transbordadors","20:27","ESPMI","19B","247163900","8712518","ESPMI","Finalitzada","161","Palma de Mallorca","Palma de Mallorca","F","1-4","82616-1","2026-03-08","2026-03-08 06:23:00","Itàlia","TRANSCOMA BALEARES SA","IBUB"
"2026","F2","IT","2026-03-09 10:45:00","EXCELLENT","6,74","","https://www.marinetraffic.com/en/ais/details/ships/mmsi:247279000","TERMINAL F2","06:21","2026-03-09 05:21:00","2026-03-09","2026-03-09 09:45:00","Transbordadors","10:45","MAPTM","18C","247279000","9143441","FRSET","Finalitzada","202,78","Sete","Tanger Med","F","5-9","82433-1","2026-03-09","2026-03-09 06:21:00","Itàlia","TRANSCOMA BALEARES SA","IBBE"
"2026","F2","IT","2026-03-09 22:52:00","GNV CRISTAL","6,53","","https://www.marinetraffic.com/en/ais/details/ships/mmsi:247163900","TERMINAL F2","17:58","2026-03-09 16:58:00","2026-03-09","2026-03-09 21:52:00","Transbordadors","22:52","ESPMI","20A","247163900","8712518","ESPMI","Finalitzada","161","Palma de Mallorca","Palma de Mallorca","F","3-6","82617-1","2026-03-09","2026-03-09 17:58:00","Itàlia","TRANSCOMA BALEARES SA","IBUB"
"2026","F2","IT","2026-03-10 20:41:00","GNV CRISTAL","6,53","","https://www.marinetraffic.com/en/ais/details/ships/mmsi:247163900","TERMINAL F2","19:36","2026-03-10 18:36:00","2026-03-10","2026-03-10 19:41:00","Transbordadors","20:41","ESPMI","19B","247163900","8712518","ESPMI","Finalitzada","161","Palma de Mallorca","Palma de Mallorca","F","2-4","82618-1","2026-03-10","2026-03-10 19:36:00","Itàlia","TRANSCOMA BALEARES SA","IBUB"
"2026","F2","IT","2026-03-11 01:17:00","GNV CRISTAL","6,53","","https://www.marinetraffic.com/en/ais/details/ships/mmsi:247163900","TERMINAL F2","20:42","2026-03-10 19:42:00","2026-03-10","2026-03-11 00:17:00","Transbordadors","01:17","ESPMI","20A","247163900","8712518","ESPMI","Finalitzada","161","Palma de Mallorca","Palma de Mallorca","F","1-4","82618-2","2026-03-11","2026-03-10 20:42:00","Itàlia","TRANSCOMA BALEARES SA","IBUB"
"2026","F2","IT","2026-03-11 07:54:00","GNV SEALAND","6,79","25,6","https://www.marinetraffic.com/en/ais/details/ships/mmsi:247265800","TERMINAL F2","21:24","2026-03-05 20:24:00","2026-03-05","2026-03-11 06:54:00","Transbordadors","07:54","ESPMI","20D","247265800","9435454","ESPMI","Finalitzada","186,44","Palma de Mallorca","Palma de Mallorca","F","1-4","82426-1","2026-03-11","2026-03-05 21:24:00","Itàlia","TRANSCOMA BALEARES SA","IBDZ"
"2026","F2","IT","2026-03-12 01:23:00","GNV CRISTAL","6,53","","https://www.marinetraffic.com/en/ais/details/ships/mmsi:247163900","TERMINAL F2","21:44","2026-03-11 20:44:00","2026-03-11","2026-03-12 00:23:00","Transbordadors","01:23","ESPMI","20D","247163900","8712518","ESPMI","Finalitzada","161","Palma de Mallorca","Palma de Mallorca","F","1-4","82619-1","2026-03-12","2026-03-11 21:44:00","Itàlia","TRANSCOMA BALEARES SA","IBUB"
"2026","F2","IT","2026-03-12 10:38:00","EXCELLENT","6,74","","https://www.marinetraffic.com/en/ais/details/ships/mmsi:247279000","TERMINAL F2","06:30","2026-03-12 05:30:00","2026-03-12","2026-03-12 09:38:00","Transbordadors","10:38","FRSET","19A","247279000","9143441","MAPTM","Finalitzada","202,78","Tanger Med","Sete","F","2-5","82620-1","2026-03-12","2026-03-12 06:30:00","Itàlia","TRANSCOMA BALEARES SA","IBBE"
"2026","F2","IT","2026-03-12 10:55:00","FANTASTIC","6,5","","https://www.marinetraffic.com/en/ais/details/ships/mmsi:247094000","TERMINAL F2","07:12","2026-03-12 06:12:00","2026-03-12","2026-03-12 09:55:00","Transbordadors","10:55","MANDR","18C","247094000","9100267","FRSET","Finalitzada","188,15","Sete","Nador","F","5-9","82621-1","2026-03-12","2026-03-12 07:12:00","Itàlia","TRANSCOMA BALEARES SA","IBDF"
"2026","F2","IT","2026-03-13 23:06:00","GNV CRISTAL","6,53","","https://www.marinetraffic.com/en/ais/details/ships/mmsi:247163900","TERMINAL F2","22:20","2026-03-12 21:20:00","2026-03-12","2026-03-13 22:06:00","Transbordadors","23:06","ESMAH","19B","247163900","8712518","ESMAH","Finalitzada","161","Mahon Menorca","Mahon Menorca","F","1-4","82651-1","2026-03-13","2026-03-12 22:20:00","Itàlia","TRANSCOMA BALEARES SA","IBUB"
"2026","F2","IT","2026-03-14 20:10:00","FANTASTIC","6,5","","https://www.marinetraffic.com/en/ais/details/ships/mmsi:247094000","TERMINAL F2","15:32","2026-03-14 14:32:00","2026-03-14","2026-03-14 19:10:00","Transbordadors","20:10","FRSET","18C","247094000","9100267","MANDR","Finalitzada","188,15","Nador","Sete","F","5-9","82653-1","2026-03-14","2026-03-14 15:32:00","Itàlia","TRANSCOMA BALEARES SA","IBDF"
"2026","F2","IT","2026-03-15 14:18:00","EXCELLENT","6,74","","https://www.marinetraffic.com/en/ais/details/ships/mmsi:247279000","TERMINAL F2","12:09","2026-03-15 11:09:00","2026-03-15","2026-03-15 13:18:00","Transbordadors","14:18","MAPTM","18C","247279000","9143441","ITGOA","Finalitzada","202,78","Genoa","Tanger Med","F","5-9","82654-1","2026-03-15","2026-03-15 12:09:00","Itàlia","TRANSCOMA BALEARES SA","IBBE"
"2026","F2","IT","2026-03-16 11:05:00","FANTASTIC","6,5","","https://www.marinetraffic.com/en/ais/details/ships/mmsi:247094000","TERMINAL F2","06:26","2026-03-16 05:26:00","2026-03-16","2026-03-16 10:05:00","Transbordadors","11:05","MAPTM","19A","247094000","9100267","FRSET","Finalitzada","188,15","Sete","Tanger Med","F","2-5","82730-1","2026-03-16","2026-03-16 06:26:00","Itàlia","TRANSCOMA BALEARES SA","IBDF"
"2026","F2","IT","2026-03-16 21:30:00","GNV CRISTAL","6,53","","https://www.marinetraffic.com/en/ais/details/ships/mmsi:247163900","TERMINAL F2","10:42","2026-03-16 09:42:00","2026-03-16","2026-03-16 20:30:00","Transbordadors","21:30","ESMAH","20A","247163900","8712518","ESIBZ","Finalitzada","161","Ibiza","Mahon Menorca","F","3-6","82658-1","2026-03-16","2026-03-16 10:42:00","Itàlia","TRANSCOMA BALEARES SA","IBUB"
"2026","F2","IT","2026-03-17 22:00:00","GNV CRISTAL","6,53","","https://www.marinetraffic.com/en/ais/details/ships/mmsi:247163900","TERMINAL F2","18:37","2026-03-17 17:37:00","2026-03-17","2026-03-17 21:00:00","Transbordadors","22:00","ESMAH","20D","247163900","8712518","ESMAH","Finalitzada","161","Mahon Menorca","Mahon Menorca","F","1-4","82770-1","2026-03-17","2026-03-17 18:37:00","Itàlia","TRANSCOMA BALEARES SA","IBUB"
"2026","F2","MT","2026-02-02 17:43:00","VISBORG","6,41","25","https://www.marinetraffic.com/en/ais/details/ships/mmsi:229455000","TERMINAL F2","10:16","2026-02-02 09:16:00","2026-02-02","2026-02-02 16:43:00","Transbordadors","17:43","DZALG","18C","229455000","9223784","ESVLC","Finalitzada","196","Valencia","Alger (Algiers)","F","5-9","81502-1","2026-02-02","2026-02-02 10:16:00","Malta","BALEARIA EUROLINEAS MARITIMAS SA ","9HA5499"
"2026","F2","MT","2026-02-04 18:18:00","VISBORG","6,41","25","https://www.marinetraffic.com/en/ais/details/ships/mmsi:229455000","TERMINAL F2","09:56","2026-02-04 08:56:00","2026-02-04","2026-02-04 17:18:00","Transbordadors","18:18","ESVLC","18C","229455000","9223784","DZALG","Finalitzada","196","Alger (Algiers)","Valencia","F","5-9","81503-1","2026-02-04","2026-02-04 09:56:00","Malta","BALEARIA EUROLINEAS MARITIMAS SA ","9HA5499"
"2026","F3","IT","2026-01-15 00:26:00","CRUISE BARCELONA","7","30,4","https://www.marinetraffic.com/en/ais/details/ships/mmsi:247243600","TERMINAL F3","20:59","2026-01-14 19:59:00","2026-01-14","2026-01-14 23:26:00","Transbordadors","00:26","ITPTO","20D","247243600","9351488","ITCVV","Finalitzada","253,8","Civitavecchia","Porto Torres","F","2-6","80847-1","2026-01-15","2026-01-14 20:59:00","Itàlia","GRIMALDI LOGISTICA ESPAÑA SL","IBWP"
"2026","F3","IT","2026-01-16 22:56:00","CRUISE ROMA","7","","https://www.marinetraffic.com/en/ais/details/ships/mmsi:247219400","TERMINAL F3","01:05","2026-01-16 00:05:00","2026-01-16","2026-01-16 21:56:00","Transbordadors","22:56","ITCVV","21A","247219400","9351476","ITPTO","Finalitzada","254","Porto Torres","Civitavecchia","F","4-8","80844-1","2026-01-16","2026-01-16 01:05:00","Itàlia","GRIMALDI LOGISTICA ESPAÑA SL","IBWO"
"2026","F3","IT","2026-01-18 01:53:00","CRUISE BARCELONA","7","30,4","https://www.marinetraffic.com/en/ais/details/ships/mmsi:247243600","TERMINAL F3","21:37","2026-01-17 20:37:00","2026-01-17","2026-01-18 00:53:00","Transbordadors","01:53","ITCVV","21A","247243600","9351488","ITCVV","Finalitzada","253,8","Civitavecchia","Civitavecchia","F","4-8","80848-1","2026-01-18","2026-01-17 21:37:00","Itàlia","GRIMALDI LOGISTICA ESPAÑA SL","IBWP"
"2026","F3","IT","2026-01-21 04:05:00","CRUISE ROMA","7","","https://www.marinetraffic.com/en/ais/details/ships/mmsi:247219400","TERMINAL F3","00:36","2026-01-18 23:36:00","2026-01-19","2026-01-21 03:05:00","Transbordadors","04:05","ITCVV","21A","247219400","9351476","ITCVV","Finalitzada","254","Civitavecchia","Civitavecchia","F","4-8","80845-1","2026-01-21","2026-01-19 00:36:00","Itàlia","GRIMALDI LOGISTICA ESPAÑA SL","IBWO"
"2026","F3","IT","2026-01-22 00:56:00","CRUISE BARCELONA","7","30,4","https://www.marinetraffic.com/en/ais/details/ships/mmsi:247243600","TERMINAL F3","21:14","2026-01-21 20:14:00","2026-01-21","2026-01-21 23:56:00","Transbordadors","00:56","ITPTO","21A","247243600","9351488","ITCVV","Finalitzada","253,8","Civitavecchia","Porto Torres","F","4-8","81090-1","2026-01-22","2026-01-21 21:14:00","Itàlia","GRIMALDI LOGISTICA ESPAÑA SL","IBWP"
"2026","F3","IT","2026-01-23 22:56:00","CRUISE ROMA","7","","https://www.marinetraffic.com/en/ais/details/ships/mmsi:247219400","TERMINAL F3","01:38","2026-01-23 00:38:00","2026-01-23","2026-01-23 21:56:00","Transbordadors","22:56","ITCVV","21A","247219400","9351476","ITPTO","Finalitzada","254","Porto Torres","Civitavecchia","F","4-8","81088-1","2026-01-23","2026-01-23 01:38:00","Itàlia","GRIMALDI LOGISTICA ESPAÑA SL","IBWO"
"2026","F3","IT","2026-01-25 01:25:00","CRUISE BARCELONA","7","30,4","https://www.marinetraffic.com/en/ais/details/ships/mmsi:247243600","TERMINAL F3","21:39","2026-01-24 20:39:00","2026-01-24","2026-01-25 00:25:00","Transbordadors","01:25","ITCVV","21A","247243600","9351488","ITCVV","Finalitzada","253,8","Civitavecchia","Civitavecchia","F","4-8","81091-1","2026-01-25","2026-01-24 21:39:00","Itàlia","GRIMALDI LOGISTICA ESPAÑA SL","IBWP"
"2026","F3","IT","2026-01-26 21:50:00","CRUISE ROMA","7","","https://www.marinetraffic.com/en/ais/details/ships/mmsi:247219400","TERMINAL F3","00:11","2026-01-25 23:11:00","2026-01-26","2026-01-26 20:50:00","Transbordadors","21:50","ITCVV","21A","247219400","9351476","ITCVV","Finalitzada","254","Civitavecchia","Civitavecchia","F","4-8","81089-1","2026-01-26","2026-01-26 00:11:00","Itàlia","GRIMALDI LOGISTICA ESPAÑA SL","IBWO"
"2026","F3","IT","2026-01-27 22:28:00","CRUISE BARCELONA","7","30,4","https://www.marinetraffic.com/en/ais/details/ships/mmsi:247243600","TERMINAL F3","18:53","2026-01-27 17:53:00","2026-01-27","2026-01-27 21:28:00","Transbordadors","22:28","ITCVV","21A","247243600","9351488","ITCVV","Finalitzada","253,8","Civitavecchia","Civitavecchia","F","4-8","81253-1","2026-01-27","2026-01-27 18:53:00","Itàlia","GRIMALDI LOGISTICA ESPAÑA SL","IBWP"
"2026","F3","IT","2026-01-28 23:52:00","CRUISE ROMA","7","30,4","https://www.marinetraffic.com/en/ais/details/ships/mmsi:247219400","TERMINAL F3","20:48","2026-01-28 19:48:00","2026-01-28","2026-01-28 22:52:00","Transbordadors","23:52","ITPTO","21A","247219400","9351476","ITCVV","Finalitzada","254","Civitavecchia","Porto Torres","F","4-8","81251-1","2026-01-28","2026-01-28 20:48:00","Itàlia","GRIMALDI LOGISTICA ESPAÑA SL","IBWO"
"2026","F3","IT","2026-01-30 23:03:00","CRUISE BARCELONA","7","","https://www.marinetraffic.com/en/ais/details/ships/mmsi:247243600","TERMINAL F3","00:45","2026-01-29 23:45:00","2026-01-30","2026-01-30 22:03:00","Transbordadors","23:03","ITCVV","21A","247243600","9351488","ITPTO","Finalitzada","253,8","Porto Torres","Civitavecchia","F","4-8","81254-1","2026-01-30","2026-01-30 00:45:00","Itàlia","GRIMALDI LOGISTICA ESPAÑA SL","IBWP"
"2026","F3","IT","2026-02-01 08:07:00","CRUISE ROMA","7","","https://www.marinetraffic.com/en/ais/details/ships/mmsi:247219400","TERMINAL F3","21:35","2026-01-31 20:35:00","2026-01-31","2026-02-01 07:07:00","Transbordadors","08:07","ITCVV","21A","247219400","9351476","ITCVV","Finalitzada","254","Civitavecchia","Civitavecchia","F","4-8","81252-1","2026-02-01","2026-01-31 21:35:00","Itàlia","GRIMALDI LOGISTICA ESPAÑA SL","IBWO"
"2026","F3","IT","2026-02-02 21:36:00","CRUISE BARCELONA","7","","https://www.marinetraffic.com/en/ais/details/ships/mmsi:247243600","TERMINAL F3","00:02","2026-02-01 23:02:00","2026-02-02","2026-02-02 20:36:00","Transbordadors","21:36","ITCVV","21A","247243600","9351488","ITCVV","Finalitzada","253,8","Civitavecchia","Civitavecchia","F","4-8","81255-1","2026-02-02","2026-02-02 00:02:00","Itàlia","GRIMALDI LOGISTICA ESPAÑA SL","IBWP"
"2026","F3","IT","2026-02-03 22:40:00","CRUISE ROMA","7","","https://www.marinetraffic.com/en/ais/details/ships/mmsi:247219400","TERMINAL F3","19:06","2026-02-03 18:06:00","2026-02-03","2026-02-03 21:40:00","Transbordadors","22:40","ITCVV","21A","247219400","9351476","ITCVV","Finalitzada","254","Civitavecchia","Civitavecchia","F","4-8","81361-1","2026-02-03","2026-02-03 19:06:00","Itàlia","GRIMALDI LOGISTICA ESPAÑA SL","IBWO"
"2026","F3","IT","2026-02-05 00:03:00","CRUISE BARCELONA","7","30,4","https://www.marinetraffic.com/en/ais/details/ships/mmsi:247243600","TERMINAL F3","20:00","2026-02-04 19:00:00","2026-02-04","2026-02-04 23:03:00","Transbordadors","00:03","ITPTO","21A","247243600","9351488","ITCVV","Finalitzada","253,8","Civitavecchia","Porto Torres","F","4-8","81359-1","2026-02-05","2026-02-04 20:00:00","Itàlia","GRIMALDI LOGISTICA ESPAÑA SL","IBWP"
"2026","F3","IT","2026-02-06 23:06:00","CRUISE ROMA","7","","https://www.marinetraffic.com/en/ais/details/ships/mmsi:247219400","TERMINAL F3","01:21","2026-02-06 00:21:00","2026-02-06","2026-02-06 22:06:00","Transbordadors","23:06","ITCVV","21A","247219400","9351476","ITPTO","Finalitzada","254","Porto Torres","Civitavecchia","F","4-8","81362-1","2026-02-06","2026-02-06 01:21:00","Itàlia","GRIMALDI LOGISTICA ESPAÑA SL","IBWO"
"2026","F3","IT","2026-02-08 01:18:00","CRUISE BARCELONA","7","","https://www.marinetraffic.com/en/ais/details/ships/mmsi:247243600","TERMINAL F3","21:42","2026-02-07 20:42:00","2026-02-07","2026-02-08 00:18:00","Transbordadors","01:18","ITCVV","21A","247243600","9351488","ITCVV","Finalitzada","253,8","Civitavecchia","Civitavecchia","F","4-8","81360-1","2026-02-08","2026-02-07 21:42:00","Itàlia","GRIMALDI LOGISTICA ESPAÑA SL","IBWP"
"2026","F3","IT","2026-02-09 21:27:00","CRUISE ROMA","7","","https://www.marinetraffic.com/en/ais/details/ships/mmsi:247219400","TERMINAL F3","00:17","2026-02-08 23:17:00","2026-02-09","2026-02-09 20:27:00","Transbordadors","21:27","ITCVV","21A","247219400","9351476","ITCVV","Finalitzada","254","Civitavecchia","Civitavecchia","F","4-8","81363-1","2026-02-09","2026-02-09 00:17:00","Itàlia","GRIMALDI LOGISTICA ESPAÑA SL","IBWO"
"2026","F3","IT","2026-02-10 22:38:00","CRUISE BARCELONA","7","","https://www.marinetraffic.com/en/ais/details/ships/mmsi:247243600","TERMINAL F3","18:47","2026-02-10 17:47:00","2026-02-10","2026-02-10 21:38:00","Transbordadors","22:38","ITCVV","21A","247243600","9351488","ITCVV","Finalitzada","253,8","Civitavecchia","Civitavecchia","F","4-8","81585-1","2026-02-10","2026-02-10 18:47:00","Itàlia","GRIMALDI LOGISTICA ESPAÑA SL","IBWP"
"2026","F3","IT","2026-02-11 23:45:00","CRUISE ROMA","7","","https://www.marinetraffic.com/en/ais/details/ships/mmsi:247219400","TERMINAL F3","20:34","2026-02-11 19:34:00","2026-02-11","2026-02-11 22:45:00","Transbordadors","23:45","ITCVV","21A","247219400","9351476","ITCVV","Finalitzada","254","Civitavecchia","Civitavecchia","F","4-8","81583-1","2026-02-11","2026-02-11 20:34:00","Itàlia","GRIMALDI LOGISTICA ESPAÑA SL","IBWO"
"2026","F3","IT","2026-02-13 23:16:00","CRUISE BARCELONA","7","","https://www.marinetraffic.com/en/ais/details/ships/mmsi:247243600","TERMINAL F3","00:40","2026-02-12 23:40:00","2026-02-13","2026-02-13 22:16:00","Transbordadors","23:16","ITCVV","21A","247243600","9351488","ITCVV","Finalitzada","253,8","Civitavecchia","Civitavecchia","F","4-8","81588-1","2026-02-13","2026-02-13 00:40:00","Itàlia","GRIMALDI LOGISTICA ESPAÑA SL","IBWP"
"2026","F3","IT","2026-02-15 05:48:00","CRUISE ROMA","7","","https://www.marinetraffic.com/en/ais/details/ships/mmsi:247219400","TERMINAL F3","22:45","2026-02-14 21:45:00","2026-02-14","2026-02-15 04:48:00","Transbordadors","05:48","ITCVV","21A","247219400","9351476","ITCVV","Finalitzada","254","Civitavecchia","Civitavecchia","F","4-8","81584-1","2026-02-15","2026-02-14 22:45:00","Itàlia","GRIMALDI LOGISTICA ESPAÑA SL","IBWO"
"2026","F3","IT","2026-02-16 21:25:00","CRUISE BARCELONA","7","","https://www.marinetraffic.com/en/ais/details/ships/mmsi:247243600","TERMINAL F3","01:14","2026-02-16 00:14:00","2026-02-16","2026-02-16 20:25:00","Transbordadors","21:25","ITCVV","21A","247243600","9351488","ITPTO","Finalitzada","253,8","Porto Torres","Civitavecchia","F","4-8","81589-1","2026-02-16","2026-02-16 01:14:00","Itàlia","GRIMALDI LOGISTICA ESPAÑA SL","IBWP"
"2026","F3","IT","2026-02-17 22:37:00","CRUISE ROMA","7","","https://www.marinetraffic.com/en/ais/details/ships/mmsi:247219400","TERMINAL F3","19:22","2026-02-17 18:22:00","2026-02-17","2026-02-17 21:37:00","Transbordadors","22:37","ITCVV","21A","247219400","9351476","ITCVV","Finalitzada","254","Civitavecchia","Civitavecchia","F","4-8","81719-1","2026-02-17","2026-02-17 19:22:00","Itàlia","GRIMALDI LOGISTICA ESPAÑA SL","IBWO"
"2026","F3","IT","2026-02-19 01:34:00","CRUISE BARCELONA","7","30,4","https://www.marinetraffic.com/en/ais/details/ships/mmsi:247243600","TERMINAL F3","21:28","2026-02-18 20:28:00","2026-02-18","2026-02-19 00:34:00","Transbordadors","01:34","ITPTO","21A","247243600","9351488","ITCVV","Finalitzada","253,8","Civitavecchia","Porto Torres","F","4-8","81717-1","2026-02-19","2026-02-18 21:28:00","Itàlia","GRIMALDI LOGISTICA ESPAÑA SL","IBWP"
"2026","F3","IT","2026-02-20 23:15:00","CRUISE ROMA","7","","https://www.marinetraffic.com/en/ais/details/ships/mmsi:247219400","TERMINAL F3","01:00","2026-02-20 00:00:00","2026-02-20","2026-02-20 22:15:00","Transbordadors","23:15","ITCVV","21A","247219400","9351476","ITPTO","Finalitzada","254","Porto Torres","Civitavecchia","F","4-8","81720-1","2026-02-20","2026-02-20 01:00:00","Itàlia","GRIMALDI LOGISTICA ESPAÑA SL","IBWO"
"2026","F3","IT","2026-02-22 01:34:00","CRUISE BARCELONA","7","","https://www.marinetraffic.com/en/ais/details/ships/mmsi:247243600","TERMINAL F3","21:31","2026-02-21 20:31:00","2026-02-21","2026-02-22 00:34:00","Transbordadors","01:34","ITCVV","21A","247243600","9351488","ITCVV","Finalitzada","253,8","Civitavecchia","Civitavecchia","F","4-8","81718-1","2026-02-22","2026-02-21 21:31:00","Itàlia","GRIMALDI LOGISTICA ESPAÑA SL","IBWP"
"2026","F3","IT","2026-02-23 21:35:00","CRUISE ROMA","7","","https://www.marinetraffic.com/en/ais/details/ships/mmsi:247219400","TERMINAL F3","00:50","2026-02-22 23:50:00","2026-02-23","2026-02-23 20:35:00","Transbordadors","21:35","ITCVV","21A","247219400","9351476","ITCVV","Finalitzada","254","Civitavecchia","Civitavecchia","F","4-8","81721-1","2026-02-23","2026-02-23 00:50:00","Itàlia","GRIMALDI LOGISTICA ESPAÑA SL","IBWO"
"2026","F3","IT","2026-02-24 22:58:00","CRUISE BARCELONA","7","","https://www.marinetraffic.com/en/ais/details/ships/mmsi:247243600","TERMINAL F3","19:26","2026-02-24 18:26:00","2026-02-24","2026-02-24 21:58:00","Transbordadors","22:58","ITCVV","21A","247243600","9351488","ITCVV","Finalitzada","253,8","Civitavecchia","Civitavecchia","F","4-8","82109-1","2026-02-24","2026-02-24 19:26:00","Itàlia","GRIMALDI LOGISTICA ESPAÑA SL","IBWP"
"2026","F3","IT","2026-02-26 00:30:00","CRUISE ROMA","7","","https://www.marinetraffic.com/en/ais/details/ships/mmsi:247219400","TERMINAL F3","20:08","2026-02-25 19:08:00","2026-02-25","2026-02-25 23:30:00","Transbordadors","00:30","ITPTO","21A","247219400","9351476","ITCVV","Finalitzada","254","Civitavecchia","Porto Torres","F","4-8","82107-1","2026-02-26","2026-02-25 20:08:00","Itàlia","GRIMALDI LOGISTICA ESPAÑA SL","IBWO"
"2026","F3","IT","2026-02-27 23:12:00","CRUISE BARCELONA","7","","https://www.marinetraffic.com/en/ais/details/ships/mmsi:247243600","TERMINAL F3","00:36","2026-02-26 23:36:00","2026-02-27","2026-02-27 22:12:00","Transbordadors","23:12","ITCVV","21A","247243600","9351488","ITPTO","Finalitzada","253,8","Porto Torres","Civitavecchia","F","4-8","82110-1","2026-02-27","2026-02-27 00:36:00","Itàlia","GRIMALDI LOGISTICA ESPAÑA SL","IBWP"
"2026","F3","IT","2026-03-01 01:30:00","CRUISE ROMA","7","","https://www.marinetraffic.com/en/ais/details/ships/mmsi:247219400","TERMINAL F3","21:28","2026-02-28 20:28:00","2026-02-28","2026-03-01 00:30:00","Transbordadors","01:30","ITCVV","21A","247219400","9351476","ITCVV","Finalitzada","254","Civitavecchia","Civitavecchia","F","4-8","82108-1","2026-03-01","2026-02-28 21:28:00","Itàlia","GRIMALDI LOGISTICA ESPAÑA SL","IBWO"
"2026","F3","IT","2026-03-02 21:33:00","CRUISE BARCELONA","7","","https://www.marinetraffic.com/en/ais/details/ships/mmsi:247243600","TERMINAL F3","00:04","2026-03-01 23:04:00","2026-03-02","2026-03-02 20:33:00","Transbordadors","21:33","ITCVV","21A","247243600","9351488","ITCVV","Finalitzada","253,8","Civitavecchia","Civitavecchia","F","4-8","82111-1","2026-03-02","2026-03-02 00:04:00","Itàlia","GRIMALDI LOGISTICA ESPAÑA SL","IBWP"
"2026","F3","IT","2026-03-03 22:40:00","CRUISE ROMA","7","","https://www.marinetraffic.com/en/ais/details/ships/mmsi:247219400","TERMINAL F3","18:49","2026-03-03 17:49:00","2026-03-03","2026-03-03 21:40:00","Transbordadors","22:40","ITCVV","21A","247219400","9351476","ITCVV","Finalitzada","254","Civitavecchia","Civitavecchia","F","4-8","82309-1","2026-03-03","2026-03-03 18:49:00","Itàlia","GRIMALDI LOGISTICA ESPAÑA SL","IBWO"
"2026","F3","IT","2026-03-05 00:05:00","CRUISE BARCELONA","7","","https://www.marinetraffic.com/en/ais/details/ships/mmsi:247243600","TERMINAL F3","19:59","2026-03-04 18:59:00","2026-03-04","2026-03-04 23:05:00","Transbordadors","00:05","ITPTO","21A","247243600","9351488","ITCVV","Finalitzada","253,8","Civitavecchia","Porto Torres","F","4-8","82307-1","2026-03-05","2026-03-04 19:59:00","Itàlia","GRIMALDI LOGISTICA ESPAÑA SL","IBWP"
"2026","F3","IT","2026-03-06 10:32:00","CRUISE ROMA","7","","https://www.marinetraffic.com/en/ais/details/ships/mmsi:247219400","TERMINAL F3","00:33","2026-03-05 23:33:00","2026-03-06","2026-03-06 09:32:00","Transbordadors","10:32","ITCVV","21A","247219400","9351476","ITPTO","Finalitzada","254","Porto Torres","Civitavecchia","F","4-8","82310-1","2026-03-06","2026-03-06 00:33:00","Itàlia","GRIMALDI LOGISTICA ESPAÑA SL","IBWO"
"2026","F3","IT","2026-03-06 16:38:00","CRUISE ROMA","7","","https://www.marinetraffic.com/en/ais/details/ships/mmsi:247219400","TERMINAL F3","10:33","2026-03-06 09:33:00","2026-03-06","2026-03-06 15:38:00","Transbordadors","16:38","ITCVV","90A","247219400","9351476","ITPTO","Finalitzada","254","Porto Torres","Civitavecchia","F","","82310-2","2026-03-06","2026-03-06 10:33:00","Itàlia","GRIMALDI LOGISTICA ESPAÑA SL","IBWO"
"2026","F3","IT","2026-03-07 01:05:00","CRUISE ROMA","7","","https://www.marinetraffic.com/en/ais/details/ships/mmsi:247219400","TERMINAL F3","16:39","2026-03-06 15:39:00","2026-03-06","2026-03-07 00:05:00","Transbordadors","01:05","ITCVV","21A","247219400","9351476","ITPTO","Finalitzada","254","Porto Torres","Civitavecchia","F","4-8","82310-3","2026-03-07","2026-03-06 16:39:00","Itàlia","GRIMALDI LOGISTICA ESPAÑA SL","IBWO"
"2026","F3","IT","2026-03-08 00:58:00","CRUISE BARCELONA","7","","https://www.marinetraffic.com/en/ais/details/ships/mmsi:247243600","TERMINAL F3","20:46","2026-03-07 19:46:00","2026-03-07","2026-03-07 23:58:00","Transbordadors","00:58","ITPTO","21A","247243600","9351488","ITCVV","Finalitzada","253,8","Civitavecchia","Porto Torres","F","4-8","82308-1","2026-03-08","2026-03-07 20:46:00","Itàlia","GRIMALDI LOGISTICA ESPAÑA SL","IBWP"
"2026","F3","IT","2026-03-09 21:37:00","CRUISE ROMA","7","","https://www.marinetraffic.com/en/ais/details/ships/mmsi:247219400","TERMINAL F3","00:43","2026-03-08 23:43:00","2026-03-09","2026-03-09 20:37:00","Transbordadors","21:37","ITCVV","21A","247219400","9351476","ITPTO","Finalitzada","254","Porto Torres","Civitavecchia","F","4-8","82311-1","2026-03-09","2026-03-09 00:43:00","Itàlia","GRIMALDI LOGISTICA ESPAÑA SL","IBWO"
"2026","F3","IT","2026-03-10 23:20:00","CRUISE BARCELONA","7","","https://www.marinetraffic.com/en/ais/details/ships/mmsi:247243600","TERMINAL F3","18:34","2026-03-10 17:34:00","2026-03-10","2026-03-10 22:20:00","Transbordadors","23:20","ITCVV","21A","247243600","9351488","ITCVV","Finalitzada","253,8","Civitavecchia","Civitavecchia","F","4-8","82574-1","2026-03-10","2026-03-10 18:34:00","Itàlia","GRIMALDI LOGISTICA ESPAÑA SL","IBWP"
"2026","F3","IT","2026-03-12 00:03:00","CRUISE ROMA","7","30,4","https://www.marinetraffic.com/en/ais/details/ships/mmsi:247219400","TERMINAL F3","20:07","2026-03-11 19:07:00","2026-03-11","2026-03-11 23:03:00","Transbordadors","00:03","ITPTO","21A","247219400","9351476","ITCVV","Finalitzada","254","Civitavecchia","Porto Torres","F","4-8","82572-1","2026-03-12","2026-03-11 20:07:00","Itàlia","GRIMALDI LOGISTICA ESPAÑA SL","IBWO"
"2026","F3","IT","2026-03-13 23:07:00","CRUISE BARCELONA","7","","https://www.marinetraffic.com/en/ais/details/ships/mmsi:247243600","TERMINAL F3","01:53","2026-03-13 00:53:00","2026-03-13","2026-03-13 22:07:00","Transbordadors","23:07","ITCVV","21A","247243600","9351488","ITPTO","Finalitzada","253,8","Porto Torres","Civitavecchia","F","4-8","82575-1","2026-03-13","2026-03-13 01:53:00","Itàlia","GRIMALDI LOGISTICA ESPAÑA SL","IBWP"
"2026","F3","IT","2026-03-15 01:25:00","CRUISE ROMA","7","","https://www.marinetraffic.com/en/ais/details/ships/mmsi:247219400","TERMINAL F3","20:34","2026-03-14 19:34:00","2026-03-14","2026-03-15 00:25:00","Transbordadors","01:25","ITPTO","21A","247219400","9351476","ITCVV","Finalitzada","254","Civitavecchia","Porto Torres","F","4-8","82573-1","2026-03-15","2026-03-14 20:34:00","Itàlia","GRIMALDI LOGISTICA ESPAÑA SL","IBWO"
"2026","F3","IT","2026-03-16 21:40:00","CRUISE BARCELONA","7","","https://www.marinetraffic.com/en/ais/details/ships/mmsi:247243600","TERMINAL F3","03:42","2026-03-16 02:42:00","2026-03-16","2026-03-16 20:40:00","Transbordadors","21:40","ITCVV","21A","247243600","9351488","ITPTO","Finalitzada","253,8","Porto Torres","Civitavecchia","F","4-8","82576-1","2026-03-16","2026-03-16 03:42:00","Itàlia","GRIMALDI LOGISTICA ESPAÑA SL","IBWP"
"2026","F3","IT","2026-03-17 23:06:00","CRUISE ROMA","7","","https://www.marinetraffic.com/en/ais/details/ships/mmsi:247219400","TERMINAL F3","19:14","2026-03-17 18:14:00","2026-03-17","2026-03-17 22:06:00","Transbordadors","23:06","ITCVV","21A","247219400","9351476","ITCVV","Finalitzada","254","Civitavecchia","Civitavecchia","F","4-8","82644-1","2026-03-17","2026-03-17 19:14:00","Itàlia","GRIMALDI LOGISTICA ESPAÑA SL","IBWO"
"2026","TC","CY","2026-01-11 22:21:00","KERRY","6,53","","https://www.marinetraffic.com/en/ais/details/ships/mmsi:210772000","LEPANT/TRUCK CENTER","14:42","2026-01-11 13:42:00","2026-01-11","2026-01-11 21:21:00","Transbordadors","22:21","ESPMI","27A","210772000","9243447","ESALD","Finalitzada","186,5","Alcudia","Palma de Mallorca","F","1-4","80948-1","2026-01-11","2026-01-11 14:42:00","Xipre","BALEARIA EUROLINEAS MARITIMAS SA ","5BZF3"
"2026","TC","CY","2026-01-20 23:15:00","HYPATIA DE ALEJANDRIA","6,79","25,6","https://www.marinetraffic.com/en/ais/details/ships/mmsi:209462000","LEPANT/TRUCK CENTER","19:10","2026-01-20 18:10:00","2026-01-20","2026-01-20 22:15:00","Transbordadors","23:15","ESPMI","22C","209462000","9498755","ESPMI","Finalitzada","186,6","Palma de Mallorca","Palma de Mallorca","F","5-8","80977-2","2026-01-20","2026-01-20 19:10:00","Xipre","BALEARIA EUROLINEAS MARITIMAS SA ","5BDE5"
"2026","TC","CY","2026-01-29 22:33:00","HYPATIA DE ALEJANDRIA","6,79","25,6","https://www.marinetraffic.com/en/ais/details/ships/mmsi:209462000","LEPANT/TRUCK CENTER","19:20","2026-01-29 18:20:00","2026-01-29","2026-01-29 21:33:00","Transbordadors","22:33","ESPMI","27A","209462000","9498755","ESPMI","Finalitzada","186,6","Palma de Mallorca","Palma de Mallorca","F","1-4","81221-1","2026-01-29","2026-01-29 19:20:00","Xipre","BALEARIA EUROLINEAS MARITIMAS SA ","5BDE5"
"2026","TC","CY","2026-02-08 22:13:00","HYPATIA DE ALEJANDRIA","6,79","","https://www.marinetraffic.com/en/ais/details/ships/mmsi:209462000","LEPANT/TRUCK CENTER","19:42","2026-02-07 18:42:00","2026-02-07","2026-02-08 21:13:00","Transbordadors","22:13","ESPMI","27A","209462000","9498755","ESPMI","Finalitzada","186,6","Palma de Mallorca","Palma de Mallorca","F","1-4","81440-1","2026-02-08","2026-02-07 19:42:00","Xipre","BALEARIA EUROLINEAS MARITIMAS SA ","5BDE5"
"2026","TC","CY","2026-02-10 22:20:00","HYPATIA DE ALEJANDRIA","6,79","","https://www.marinetraffic.com/en/ais/details/ships/mmsi:209462000","LEPANT/TRUCK CENTER","19:19","2026-02-10 18:19:00","2026-02-10","2026-02-10 21:20:00","Transbordadors","22:20","ESPMI","27A","209462000","9498755","ESPMI","Finalitzada","186,6","Palma de Mallorca","Palma de Mallorca","F","1-4","81550-1","2026-02-10","2026-02-10 19:19:00","Xipre","BALEARIA EUROLINEAS MARITIMAS SA ","5BDE5"
"2026","TC","CY","2026-02-11 23:27:00","HYPATIA DE ALEJANDRIA","6,79","","https://www.marinetraffic.com/en/ais/details/ships/mmsi:209462000","LEPANT/TRUCK CENTER","19:15","2026-02-11 18:15:00","2026-02-11","2026-02-11 22:27:00","Transbordadors","23:27","ESPMI","01C","209462000","9498755","ESPMI","Finalitzada","186,6","Palma de Mallorca","Palma de Mallorca","F","13-16","81436-1","2026-02-11","2026-02-11 19:15:00","Xipre","BALEARIA EUROLINEAS MARITIMAS SA ","5BDE5"
"2026","TC","CY","2026-02-18 22:58:00","KERRY","6,53","","https://www.marinetraffic.com/en/ais/details/ships/mmsi:210772000","LEPANT/TRUCK CENTER","13:04","2026-02-18 12:04:00","2026-02-18","2026-02-18 21:58:00","Transbordadors","22:58","ESPMI","01C","210772000","9243447","DZALG","Finalitzada","186,5","Alger (Algiers)","Palma de Mallorca","F","13-16","81689-2","2026-02-18","2026-02-18 13:04:00","Xipre","BALEARIA EUROLINEAS MARITIMAS SA ","5BZF3"
"2026","TC","ES","2026-01-02 21:42:00","ABEL MATUTES","6,3","26","https://www.marinetraffic.com/en/ais/details/ships/mmsi:224402000","LEPANT/TRUCK CENTER","18:42","2026-01-02 17:42:00","2026-01-02","2026-01-02 20:42:00","Transbordadors","21:42","ESALD","27A","224402000","9441130","ESALD","Finalitzada","190","Alcudia","Alcudia","F","1-4","80683-1","2026-01-02","2026-01-02 18:42:00","Espanya","BALEARIA EUROLINEAS MARITIMAS SA ","ECPD"
"2026","TC","ES","2026-01-05 22:00:00","MARTIN I SOLER","5,7","25,6","https://www.marinetraffic.com/en/ais/details/ships/mmsi:224637000","LEPANT/TRUCK CENTER","19:40","2026-01-03 18:40:00","2026-01-03","2026-01-05 21:00:00","Transbordadors","22:00","ESIBZ","27A","224637000","9390367","ESIBZ","Finalitzada","165","Ibiza","Ibiza","F","1-4","80684-1","2026-01-05","2026-01-03 19:40:00","Espanya","BALEARIA EUROLINEAS MARITIMAS SA ","EBZT"
"2026","TC","ES","2026-01-06 22:33:00","ABEL MATUTES","6,3","26","https://www.marinetraffic.com/en/ais/details/ships/mmsi:224402000","LEPANT/TRUCK CENTER","20:55","2026-01-06 19:55:00","2026-01-06","2026-01-06 21:33:00","Transbordadors","22:33","ESALD","27A","224402000","9441130","ESALD","Finalitzada","190","Alcudia","Alcudia","F","1-4","80735-1","2026-01-06","2026-01-06 20:55:00","Espanya","BALEARIA EUROLINEAS MARITIMAS SA ","ECPD"
"2026","TC","ES","2026-01-12 21:40:00","ABEL MATUTES","6,3","26","https://www.marinetraffic.com/en/ais/details/ships/mmsi:224402000","LEPANT/TRUCK CENTER","18:45","2026-01-12 17:45:00","2026-01-12","2026-01-12 20:40:00","Transbordadors","21:40","ESALD","27A","224402000","9441130","ESALD","Finalitzada","190","Alcudia","Alcudia","F","1-4","80738-1","2026-01-12","2026-01-12 18:45:00","Espanya","BALEARIA EUROLINEAS MARITIMAS SA ","ECPD"
"2026","TC","ES","2026-01-18 21:39:00","ABEL MATUTES","6,3","","https://www.marinetraffic.com/en/ais/details/ships/mmsi:224402000","LEPANT/TRUCK CENTER","19:06","2026-01-17 18:06:00","2026-01-17","2026-01-18 20:39:00","Transbordadors","21:39","ESALD","27A","224402000","9441130","ESALD","Finalitzada","190","Alcudia","Alcudia","F","1-4","80820-1","2026-01-18","2026-01-17 19:06:00","Espanya","BALEARIA EUROLINEAS MARITIMAS SA ","ECPD"
"2026","TC","ES","2026-01-30 23:07:00","ABEL MATUTES","6,3","26","https://www.marinetraffic.com/en/ais/details/ships/mmsi:224402000","LEPANT/TRUCK CENTER","21:29","2026-01-30 20:29:00","2026-01-30","2026-01-30 22:07:00","Transbordadors","23:07","ESALD","27A","224402000","9441130","ESALD","Finalitzada","190","Alcudia","Alcudia","F","1-4","81229-1","2026-01-30","2026-01-30 21:29:00","Espanya","BALEARIA EUROLINEAS MARITIMAS SA ","ECPD"
"2026","TC","ES","2026-01-31 21:54:00","ABEL MATUTES","6,3","26","https://www.marinetraffic.com/en/ais/details/ships/mmsi:224402000","LEPANT/TRUCK CENTER","19:17","2026-01-31 18:17:00","2026-01-31","2026-01-31 20:54:00","Transbordadors","21:54","ESALD","27A","224402000","9441130","ESALD","Finalitzada","190","Alcudia","Alcudia","F","1-4","81230-1","2026-01-31","2026-01-31 19:17:00","Espanya","BALEARIA EUROLINEAS MARITIMAS SA ","ECPD"
"2026","TC","ES","2026-02-01 21:56:00","ABEL MATUTES","6,3","26","https://www.marinetraffic.com/en/ais/details/ships/mmsi:224402000","LEPANT/TRUCK CENTER","14:01","2026-02-01 13:01:00","2026-02-01","2026-02-01 20:56:00","Transbordadors","21:56","ESALD","27A","224402000","9441130","ESALD","Finalitzada","190","Alcudia","Alcudia","F","1-4","81513-1","2026-02-01","2026-02-01 14:01:00","Espanya","BALEARIA EUROLINEAS MARITIMAS SA ","ECPD"
"2026","TC","ES","2026-02-02 21:47:00","ABEL MATUTES","6,3","26","https://www.marinetraffic.com/en/ais/details/ships/mmsi:224402000","LEPANT/TRUCK CENTER","18:54","2026-02-02 17:54:00","2026-02-02","2026-02-02 20:47:00","Transbordadors","21:47","ESALD","27A","224402000","9441130","ESALD","Finalitzada","190","Alcudia","Alcudia","F","1-4","81330-1","2026-02-02","2026-02-02 18:54:00","Espanya","BALEARIA EUROLINEAS MARITIMAS SA ","ECPD"
"2026","TC","ES","2026-02-15 22:30:00","ABEL MATUTES","6,3","26","https://www.marinetraffic.com/en/ais/details/ships/mmsi:224402000","LEPANT/TRUCK CENTER","21:29","2026-02-14 20:29:00","2026-02-14","2026-02-15 21:30:00","Transbordadors","22:30","ESPMI","27A","224402000","9441130","ESALD","Finalitzada","190","Alcudia","Palma de Mallorca","F","1-4","81629-1","2026-02-15","2026-02-14 21:29:00","Espanya","BALEARIA EUROLINEAS MARITIMAS SA ","ECPD"
"2026","TC","ES","2026-02-17 21:52:00","MARTIN I SOLER","5,7","25,6","https://www.marinetraffic.com/en/ais/details/ships/mmsi:224637000","LEPANT/TRUCK CENTER","19:05","2026-02-17 18:05:00","2026-02-17","2026-02-17 20:52:00","Transbordadors","21:52","ESALD","27A","224637000","9390367","ESALD","Finalitzada","165","Alcudia","Alcudia","F","1-4","81633-1","2026-02-17","2026-02-17 19:05:00","Espanya","BALEARIA EUROLINEAS MARITIMAS SA ","EBZT"
"2026","TC","ES","2026-02-18 21:46:00","MARTIN I SOLER","5,7","25,6","https://www.marinetraffic.com/en/ais/details/ships/mmsi:224637000","LEPANT/TRUCK CENTER","18:47","2026-02-18 17:47:00","2026-02-18","2026-02-18 20:46:00","Transbordadors","21:46","ESALD","27A","224637000","9390367","ESALD","Finalitzada","165","Alcudia","Alcudia","F","1-4","81761-1","2026-02-18","2026-02-18 18:47:00","Espanya","BALEARIA EUROLINEAS MARITIMAS SA ","EBZT"
"2026","TC","ES","2026-02-23 22:59:00","ABEL MATUTES","6,3","","https://www.marinetraffic.com/en/ais/details/ships/mmsi:224402000","LEPANT/TRUCK CENTER","22:25","2026-02-18 21:25:00","2026-02-18","2026-02-23 21:59:00","Transbordadors","22:59","ESPMI","27A","224402000","9441130","ESPMI","Finalitzada","190","Palma de Mallorca","Palma de Mallorca","F","1-4","81771-2","2026-02-23","2026-02-18 22:25:00","Espanya","BALEARIA EUROLINEAS MARITIMAS SA ","ECPD"
"2026","TC","ES","2026-03-08 22:19:00","ABEL MATUTES","6,3","","https://www.marinetraffic.com/en/ais/details/ships/mmsi:224402000","LEPANT/TRUCK CENTER","19:45","2026-03-07 18:45:00","2026-03-07","2026-03-08 21:19:00","Transbordadors","22:19","ESPMI","27A","224402000","9441130","ESPMI","Finalitzada","190","Palma de Mallorca","Palma de Mallorca","F","1-4","82464-1","2026-03-08","2026-03-07 19:45:00","Espanya","BALEARIA EUROLINEAS MARITIMAS SA ","ECPD"
"2026","TC","ES","2026-03-12 22:09:00","MARTIN I SOLER","5,7","","https://www.marinetraffic.com/en/ais/details/ships/mmsi:224637000","LEPANT/TRUCK CENTER","19:12","2026-03-12 18:12:00","2026-03-12","2026-03-12 21:09:00","Transbordadors","22:09","ESALD","27A","224637000","9390367","ESALD","Finalitzada","165","Alcudia","Alcudia","F","1-4","82529-1","2026-03-12","2026-03-12 19:12:00","Espanya","BALEARIA EUROLINEAS MARITIMAS SA ","EBZT"
"2026","TC","ES","2026-03-13 21:57:00","MARTIN I SOLER","5,7","","https://www.marinetraffic.com/en/ais/details/ships/mmsi:224637000","LEPANT/TRUCK CENTER","19:09","2026-03-13 18:09:00","2026-03-13","2026-03-13 20:57:00","Transbordadors","21:57","ESALD","27A","224637000","9390367","ESALD","Finalitzada","165","Alcudia","Alcudia","F","1-4","82536-1","2026-03-13","2026-03-13 19:09:00","Espanya","BALEARIA EUROLINEAS MARITIMAS SA ","EBZT"
"2026","TC","ES","2026-03-15 21:41:00","MARTIN I SOLER","5,7","","https://www.marinetraffic.com/en/ais/details/ships/mmsi:224637000","LEPANT/TRUCK CENTER","18:47","2026-03-14 17:47:00","2026-03-14","2026-03-15 20:41:00","Transbordadors","21:41","ESALD","27A","224637000","9390367","ESALD","Finalitzada","165","Alcudia","Alcudia","F","1-4","82537-1","2026-03-15","2026-03-14 18:47:00","Espanya","BALEARIA EUROLINEAS MARITIMAS SA ","EBZT"
"2026","TC","ES","2026-03-17 22:38:00","MARTIN I SOLER","5,7","","https://www.marinetraffic.com/en/ais/details/ships/mmsi:224637000","LEPANT/TRUCK CENTER","19:46","2026-03-17 18:46:00","2026-03-17","2026-03-17 21:38:00","Transbordadors","22:38","ESALD","27A","224637000","9390367","ESALD","Finalitzada","165","Alcudia","Alcudia","F","1-4","82543-1","2026-03-17","2026-03-17 19:46:00","Espanya","BALEARIA EUROLINEAS MARITIMAS SA ","EBZT"
"2026","","AG","2026-01-23 03:53:00","SYNETOS","8,8","","https://www.marinetraffic.com/en/ais/details/ships/mmsi:304978000","","15:26","2026-01-22 14:26:00","2026-01-22","2026-01-23 02:53:00","Portacontenidors","03:53","DZDJE","90A","304978000","9347774","DZORN","Finalitzada","139,15","Oran","Djen-Djen","F","","81151-2","2026-01-23","2026-01-22 15:26:00","Antigua i Barbuda","CMA CGM IBERICA SAU","V2CB8"
"2026","","AG","2026-01-24 22:27:00","NIKLAS","5,51","","https://www.marinetraffic.com/en/ais/details/ships/mmsi:304030000","","08:04","2026-01-24 07:04:00","2026-01-24","2026-01-24 21:27:00","Càrrega (Lo-Lo)","22:27","ZZZZZ","90A","304030000","9582855","TRDIK","Finalitzada","87,83","Dikili","Desconegut","F","","80978-2","2026-01-24","2026-01-24 08:04:00","Antigua i Barbuda","COMA Y RIBAS SL","V2GO6"
"2026","","AG","2026-02-07 14:42:00","HAV MARLIN","4,64","","https://www.marinetraffic.com/en/ais/details/ships/mmsi:304734000","","21:37","2026-02-06 20:37:00","2026-02-06","2026-02-07 13:42:00","Càrrega (Lo-Lo)","14:42","NLMOE","90A","304734000","9006954","ITSAL","Finalitzada","88,16","Salerno","Moerdijk","F","","81616-2","2026-02-07","2026-02-06 21:37:00","Antigua i Barbuda","ERSHIP SA","V2QU9"
"2026","","AG","2026-03-02 09:46:00","MANDO","10,12","","https://www.marinetraffic.com/en/ais/details/ships/mmsi:304490000","","13:45","2026-02-28 12:45:00","2026-02-28","2026-03-02 08:46:00","Portacontenidors","09:46","ITGOA","90A","304490000","9175705","ITGOA","Finalitzada","153,6","Genoa","Genoa","F","","82415-2","2026-03-02","2026-02-28 13:45:00","Antigua i Barbuda","A PEREZ Y CIA SL","V2BC4"
"2026","","AG","2026-03-10 11:15:00","MANDO","10,12","","https://www.marinetraffic.com/en/ais/details/ships/mmsi:304490000","","10:29","2026-03-07 09:29:00","2026-03-07","2026-03-10 10:15:00","Portacontenidors","11:15","ITGOA","90A","304490000","9175705","ITGOA","Finalitzada","153,6","Genoa","Genoa","F","","82549-2","2026-03-10","2026-03-07 10:29:00","Antigua i Barbuda","A PEREZ Y CIA SL","V2BC4"
"2026","","BB","2026-03-09 23:12:00","GRIFFIN T","8,31","19,2","https://www.marinetraffic.com/en/ais/details/ships/mmsi:314807000","","21:53","2026-03-07 20:53:00","2026-03-07","2026-03-09 22:12:00","Tancs","23:12","TRYAL","90A","314807000","9390537","COBAQ","Finalitzada","121,4","Barranquilla","Yalova","F","","82498-2","2026-03-09","2026-03-07 21:53:00","Barbados","IBERICA MARITIMA BARCELONA SA","8PTO9"
"2026","","BE","2026-03-08 13:58:00","A LA MARINE","9,5","25","https://www.marinetraffic.com/en/ais/details/ships/mmsi:205795000","","10:58","2026-03-07 09:58:00","2026-03-07","2026-03-08 12:58:00","Portacontenidors","13:58","FRMRS","90A","205795000","9386524","PTSET","Finalitzada","170,06","Setubal","Marseille","F","","81552-2","2026-03-08","2026-03-07 10:58:00","Bèlgica","CMA CGM IBERICA SAU","ONKP"
"2026","","BM","2026-01-30 16:59:00","TALITHA","3,91","10,36","https://www.marinetraffic.com/en/ais/details/ships/mmsi:310051000","","14:25","2026-01-08 13:25:00","2026-01-08","2026-01-30 15:59:00","Iot","16:59","FRPOV","06C","310051000","1004625","ESTAR","Finalitzada","79,86","Tarragona","Port-Vendres","F","","80771-1","2026-01-30","2026-01-08 14:25:00","Bermuda","MARINA BARCELONA 92 SA","ZCAN7"
"2026","","BM","2026-02-03 19:41:00","TALITHA","3,91","10,36","https://www.marinetraffic.com/en/ais/details/ships/mmsi:310051000","","17:00","2026-01-30 16:00:00","2026-01-30","2026-02-03 18:41:00","Iot","19:41","FRPOV","03C","310051000","1004625","ESTAR","Finalitzada","79,86","Tarragona","Port-Vendres","F","","80771-2","2026-02-03","2026-01-30 17:00:00","Bermuda","MARINA BARCELONA 92 SA","ZCAN7"
"2026","","BS","2026-01-11 14:33:00","THEANOULA","10,52","","https://www.marinetraffic.com/en/ais/details/ships/mmsi:311001055","","13:27","2026-01-10 12:27:00","2026-01-10","2026-01-11 13:33:00","Tancs","14:33","FRSET","90A","311001055","9935557","GIGIB","Finalitzada","183,21","Gibraltar","Sete","F","","80947-2","2026-01-11","2026-01-10 13:27:00","Bahames","ALFASHIP MARITIME SERVICES SL ","C6FA7"
"2026","","BS","2026-03-01 13:29:00","TRANS TIND","8,81","","https://www.marinetraffic.com/en/ais/details/ships/mmsi:311001289","","06:05","2026-02-27 05:05:00","2026-02-27","2026-03-01 12:29:00","Tancs","13:29","ZZZZZ","90A","311001289","9594054","ITGOA","Finalitzada","134,16","Genoa","Desconegut","F","","82387-2","2026-03-01","2026-02-27 06:05:00","Bahames","IBERICA MARITIMA BARCELONA SA","C6GM7"
"2026","","CY","2026-01-16 15:36:00","SIRIOS CEMENT V","5,31","","https://www.marinetraffic.com/en/ais/details/ships/mmsi:212781000","","10:46","2026-01-16 09:46:00","2026-01-16","2026-01-16 14:36:00","Granelers","15:36","ESACA","90A","212781000","8816352","ESACA","Finalitzada","86","Alcanar","Alcanar","F","","81045-2","2026-01-16","2026-01-16 10:46:00","Xipre","ERSHIP SA","5BSG4"
"2026","","CY","2026-01-29 08:35:00","GUBAL TRADER","4,01","16,51","https://www.marinetraffic.com/en/ais/details/ships/mmsi:210117000","","17:42","2026-01-26 16:42:00","2026-01-26","2026-01-29 07:35:00","Transbordadors","08:35","ESPMI","20C","210117000","7802794","ESIBZ","Finalitzada","139","Ibiza","Palma de Mallorca","F","3-6","81021-2","2026-01-29","2026-01-26 17:42:00","Xipre","GRIMALDI LOGISTICA ESPAÑA SL","5BQV5"
"2026","","CY","2026-01-30 20:07:00","WEC VAN GOGH","8,7","22,5","https://www.marinetraffic.com/en/ais/details/ships/mmsi:212641000","","17:33","2026-01-25 16:33:00","2026-01-25","2026-01-30 19:07:00","Portacontenidors","20:07","ESVLC","30A","212641000","9246566","ESAGP","Finalitzada","134,44","Malaga","Valencia","F","2-4","80889-2","2026-01-30","2026-01-25 17:33:00","Xipre","WEC LINES ESPAÑA SLU","C4TK2"
"2026","","CY","2026-01-31 12:16:00","WEC VAN GOGH","8,7","22,5","https://www.marinetraffic.com/en/ais/details/ships/mmsi:212641000","","20:08","2026-01-30 19:08:00","2026-01-30","2026-01-31 11:16:00","Portacontenidors","12:16","ESVLC","36A","212641000","9246566","ESAGP","Finalitzada","134,44","Malaga","Valencia","F","27-30","80889-3","2026-01-31","2026-01-30 20:08:00","Xipre","WEC LINES ESPAÑA SLU","C4TK2"
"2026","","CY","2026-02-01 16:19:00","KERRY","6,53","","https://www.marinetraffic.com/en/ais/details/ships/mmsi:210772000","","11:47","2026-02-01 10:47:00","2026-02-01","2026-02-01 15:19:00","Transbordadors","16:19","ESPMI","90A","210772000","9243447","ESPMI","Finalitzada","186,5","Palma de Mallorca","Palma de Mallorca","F","","81033-2","2026-02-01","2026-02-01 11:47:00","Xipre","BALEARIA EUROLINEAS MARITIMAS SA ","5BZF3"
"2026","","CY","2026-02-02 17:01:00","GOLDEN BRIDGE","6,92","24,8","https://www.marinetraffic.com/en/ais/details/ships/mmsi:209410000","","10:03","2026-02-02 09:03:00","2026-02-02","2026-02-02 16:01:00","Transbordadors","17:01","ESMAH","90A","209410000","8902345","ESIBZ","Finalitzada","186,5","Ibiza","Mahon Menorca","F","","81297-2","2026-02-02","2026-02-02 10:03:00","Xipre","TRANSCOMA BALEARES SA","5BCJ5"
"2026","","CY","2026-02-09 17:29:00","FRI LIEPAJA","6,1","","https://www.marinetraffic.com/en/ais/details/ships/mmsi:212802000","","02:33","2026-02-08 01:33:00","2026-02-08","2026-02-09 16:29:00","Càrrega (Lo-Lo)","17:29","GBTEE","90A","212802000","9344514","ESCAR","Finalitzada","89,99","Cartagena","Teesport","F","","81617-2","2026-02-09","2026-02-08 02:33:00","Xipre","BERGE MARITIMA SL","5BTL6"
"2026","","CY","2026-02-15 15:26:00","GUBAL TRADER","4,01","16,51","https://www.marinetraffic.com/en/ais/details/ships/mmsi:210117000","","10:34","2026-02-13 09:34:00","2026-02-13","2026-02-15 14:26:00","Transbordadors","15:26","ESIBZ","20C","210117000","7802794","ESMAH","Finalitzada","139","Mahon Menorca","Ibiza","F","3-6","81641-1","2026-02-15","2026-02-13 10:34:00","Xipre","GRIMALDI LOGISTICA ESPAÑA SL","5BQV5"
"2026","","CY","2026-02-22 16:22:00","KERRY","6,53","","https://www.marinetraffic.com/en/ais/details/ships/mmsi:210772000","","13:25","2026-02-22 12:25:00","2026-02-22","2026-02-22 15:22:00","Transbordadors","16:22","ESPMI","90A","210772000","9243447","ESPMI","Finalitzada","186,5","Palma de Mallorca","Palma de Mallorca","F","","81768-2","2026-02-22","2026-02-22 13:25:00","Xipre","BALEARIA EUROLINEAS MARITIMAS SA ","5BZF3"
"2026","","CY","2026-02-23 06:24:00","BF LETICIA","8,71","","https://www.marinetraffic.com/en/ais/details/ships/mmsi:209613000","","18:49","2026-02-21 17:49:00","2026-02-21","2026-02-23 05:24:00","Portacontenidors","06:24","DZORN","90A","209613000","9266542","DZORN","Finalitzada","134,44","Oran","Oran","F","","81898-2","2026-02-23","2026-02-21 18:49:00","Xipre","NOATUM MARITIME SPAIN SAU","5BFY5"
"2026","","CY","2026-03-01 17:50:00","HYPATIA DE ALEJANDRIA","6,79","","https://www.marinetraffic.com/en/ais/details/ships/mmsi:209462000","","22:04","2026-02-28 21:04:00","2026-02-28","2026-03-01 16:50:00","Transbordadors","17:50","ESPMI","90A","209462000","9498755","ESVLC","Finalitzada","186,6","Valencia","Palma de Mallorca","F","","82231-2","2026-03-01","2026-02-28 22:04:00","Xipre","BALEARIA EUROLINEAS MARITIMAS SA ","5BDE5"
"2026","","CY","2026-03-11 05:22:00","WEC MAJORELLE","6,69","18,2","https://www.marinetraffic.com/en/ais/details/ships/mmsi:210312000","","00:57","2026-03-07 23:57:00","2026-03-08","2026-03-11 04:22:00","Portacontenidors","05:22","ESVLC","90A","210312000","9134153","ESALG","Finalitzada","121,83","Algeciras","Valencia","F","","81155-3","2026-03-11","2026-03-08 00:57:00","Xipre","A PEREZ Y CIA SL","5BSJ3"
"2026","","CY","2026-03-12 04:10:00","CONTSHIP PAX","8,5","","https://www.marinetraffic.com/en/ais/details/ships/mmsi:209575000","","17:47","2026-03-08 16:47:00","2026-03-08","2026-03-12 03:10:00","Portacontenidors","04:10","FRMRS","90A","209575000","9435521","DZORN","Finalitzada","147,83","Oran","Marseille","F","","81754-2","2026-03-12","2026-03-08 17:47:00","Xipre","CMA CGM IBERICA SAU","5BFG5"
"2026","","DE","2026-02-02 16:50:00","SEASPRAT","11","","https://www.marinetraffic.com/en/ais/details/ships/mmsi:218057000","","18:06","2026-01-28 17:06:00","2026-01-28","2026-02-02 15:50:00","Tancs","16:50","ITGOA","90A","218057000","9380477","ESALG","Finalitzada","188,33","Algeciras","Genoa","F","","81197-2","2026-02-02","2026-01-28 18:06:00","Alemanya","BERGE MARITIMA SL","DDSJ"
"2026","","DE","2026-02-20 17:55:00","SEATROUT","11","32,2","https://www.marinetraffic.com/en/ais/details/ships/mmsi:211881000","","01:08","2026-02-18 00:08:00","2026-02-18","2026-02-20 16:55:00","Tancs","17:55","ESALG","90A","211881000","9352303","ESCAR","Finalitzada","188,33","Cartagena","Algeciras","F","","81824-3","2026-02-20","2026-02-18 01:08:00","Alemanya","ALFASHIP MARITIME SERVICES SL ","DDPN"
"2026","","DK","2026-01-30 17:13:00","MAERSK NORFOLK","11,4","29,8","https://www.marinetraffic.com/en/ais/details/ships/mmsi:219225000","","15:14","2026-01-30 14:14:00","2026-01-30","2026-01-30 16:13:00","Portacontenidors","17:13","MACAS","90A","219225000","9356139","ESBCN","Finalitzada","210,49","Barcelona","Casablanca","F","","81348-2","2026-01-30","2026-01-30 15:14:00","Dinamarca","NOATUM MARITIME SPAIN SAU","OZDK2"
"2026","","DK","2026-01-30 23:20:00","MAERSK NORFOLK","11,4","29,8","https://www.marinetraffic.com/en/ais/details/ships/mmsi:219225000","","17:14","2026-01-30 16:14:00","2026-01-30","2026-01-30 22:20:00","Portacontenidors","23:20","MACAS","24B","219225000","9356139","ESBCN","Finalitzada","210,49","Barcelona","Casablanca","F","2-7","81348-3","2026-01-30","2026-01-30 17:14:00","Dinamarca","NOATUM MARITIME SPAIN SAU","OZDK2"
"2026","","DK","2026-01-31 17:46:00","BORINGIA SWAN","7,1","17,42","","","01:05","2026-01-30 00:05:00","2026-01-30","2026-01-31 16:46:00","Tancs","17:46","ITAUG","90A","","9566693","NLRTM","Finalitzada","109,92","Rotterdam","Augusta","F","","81335-4","2026-01-31","2026-01-30 01:05:00","Dinamarca","IBERICA MARITIMA BARCELONA SA","OWNY2"
"2026","","DK","2026-02-02 21:01:00","SIGRID THERESA","7,45","","https://www.marinetraffic.com/en/ais/details/ships/mmsi:219031203","","20:18","2026-01-31 19:18:00","2026-01-31","2026-02-02 20:01:00","Tancs","21:01","ZZZZZ","90A","219031203","9392183","GBEAM","Finalitzada","115","Eastham","Desconegut","F","","81215-2","2026-02-02","2026-01-31 20:18:00","Dinamarca","IBERICA MARITIMA BARCELONA SA","OZNA2"
"2026","","DK","2026-02-05 08:13:00","SIGRID THERESA","7,45","","https://www.marinetraffic.com/en/ais/details/ships/mmsi:219031203","","14:43","2026-02-04 13:43:00","2026-02-04","2026-02-05 07:13:00","Tancs","08:13","FRFOS","90A","219031203","9392183","ESBCN","Finalitzada","115","Barcelona","Fos-sur-Mer","F","","81539-2","2026-02-05","2026-02-04 14:43:00","Dinamarca","ALFASHIP MARITIME SERVICES SL ","OZNA2"
"2026","","DK","2026-02-06 12:05:00","HENNING MAERSK","10,22","","https://www.marinetraffic.com/en/ais/details/ships/mmsi:219277000","","20:22","2026-02-03 19:22:00","2026-02-03","2026-02-06 11:05:00","Tancs","12:05","ESHUV","90A","219277000","9389526","FRLAV","Finalitzada","180","Lavera","Huelva","F","","81381-2","2026-02-06","2026-02-03 20:22:00","Dinamarca","ALFASHIP MARITIME SERVICES SL ","OYRV2"
"2026","","DK","2026-02-08 01:15:00","MAERSK ADRIATIC","12","","https://www.marinetraffic.com/en/ais/details/ships/mmsi:219733000","","15:21","2026-02-07 14:21:00","2026-02-07","2026-02-08 00:15:00","Tancs","01:15","ZZZZZ","90A","219733000","9636632","ITPFX","Finalitzada","184","Porto Foxi (Sarroch)","Desconegut","F","","81693-2","2026-02-08","2026-02-07 15:21:00","Dinamarca","ALFASHIP MARITIME SERVICES SL ","OVTV2"
"2026","","DK","2026-02-11 18:11:00","HENNING MAERSK","10,22","","https://www.marinetraffic.com/en/ais/details/ships/mmsi:219277000","","00:38","2026-02-07 23:38:00","2026-02-08","2026-02-11 17:11:00","Tancs","18:11","ESHUV","90A","219277000","9389526","FRLAV","Finalitzada","180","Lavera","Huelva","F","","81381-4","2026-02-11","2026-02-08 00:38:00","Dinamarca","ALFASHIP MARITIME SERVICES SL ","OYRV2"
"2026","","DK","2026-02-16 14:48:00","MAERSK ADRIATIC","11,5","","https://www.marinetraffic.com/en/ais/details/ships/mmsi:219733000","","08:20","2026-02-14 07:20:00","2026-02-14","2026-02-16 13:48:00","Tancs","14:48","ZZZZZ","90A","219733000","9636632","ESBCN","Finalitzada","184","Barcelona","Desconegut","F","","82034-2","2026-02-16","2026-02-14 08:20:00","Dinamarca","ALFASHIP MARITIME SERVICES SL ","OVTV2"
"2026","","DK","2026-02-18 01:33:00","TORM FREEDOM","12,62","32,26","https://www.marinetraffic.com/en/ais/details/ships/mmsi:219761000","","15:26","2026-02-17 14:26:00","2026-02-17","2026-02-18 00:33:00","Tancs","01:33","FRFOS","90A","219761000","9797395","USHOU","Finalitzada","183,18","Houston","Fos-sur-Mer","F","","82024-2","2026-02-18","2026-02-17 15:26:00","Dinamarca","ALFASHIP MARITIME SERVICES SL ","OVYU2"
"2026","","DK","2026-02-20 12:42:00","HENNING MAERSK","10,22","","https://www.marinetraffic.com/en/ais/details/ships/mmsi:219277000","","16:41","2026-02-13 15:41:00","2026-02-13","2026-02-20 11:42:00","Tancs","12:42","ESHUV","90A","219277000","9389526","FRLAV","Finalitzada","180","Lavera","Huelva","F","","81381-5","2026-02-20","2026-02-13 16:41:00","Dinamarca","ALFASHIP MARITIME SERVICES SL ","OYRV2"
"2026","","DK","2026-02-28 22:52:00","MAERSK AEGEAN","11,52","","https://www.marinetraffic.com/en/ais/details/ships/mmsi:219682000","","21:27","2026-02-24 20:27:00","2026-02-24","2026-02-28 21:52:00","Tancs","22:52","ITPMA","90A","219682000","9636644","FRFOS","Finalitzada","184","Fos-sur-Mer","Marghera","F","","82323-2","2026-02-28","2026-02-24 21:27:00","Dinamarca","ALFASHIP MARITIME SERVICES SL ","OVQU2"
"2026","","DK","2026-03-04 01:02:00","TORM SPLENDID","13,3","32","https://www.marinetraffic.com/en/ais/details/ships/mmsi:219303000","","00:21","2026-02-27 23:21:00","2026-02-28","2026-03-04 00:02:00","Tancs","01:02","ITGOA","90A","219303000","9854791","ESALG","Finalitzada","183,06","Algeciras","Genoa","F","","82160-2","2026-03-04","2026-02-28 00:21:00","Dinamarca","BERGE MARITIMA SL","OYCR2"
"2026","","DK","2026-03-05 21:19:00","BORINGIA SWAN","7,1","17,42","","","19:40","2026-03-01 18:40:00","2026-03-01","2026-03-05 20:19:00","Tancs","21:19","ESHUV","90A","","9566693","ITTAR","Finalitzada","109,92","Taranto","Huelva","F","","82484-2","2026-03-05","2026-03-01 19:40:00","Dinamarca","ALFASHIP MARITIME SERVICES SL ","OWNY2"
"2026","","DK","2026-03-06 19:00:00","NJORD R","7","19,4","https://www.marinetraffic.com/en/ais/details/ships/mmsi:219387000","","08:53","2026-02-04 07:53:00","2026-02-04","2026-03-06 18:00:00","Altres","19:00","ESALG","99B","219387000","9588122","ESHUV","Finalitzada","111,3","Huelva","Algeciras","F","2-4","81529-1","2026-03-06","2026-02-04 08:53:00","Dinamarca","A PEREZ Y CIA SL","OYOZ2"
"2026","","DK","2026-03-15 01:25:00","MAERSK NORFOLK","11,4","","https://www.marinetraffic.com/en/ais/details/ships/mmsi:219225000","","18:36","2026-03-11 17:36:00","2026-03-11","2026-03-15 00:25:00","Portacontenidors","01:25","ESALG","90A","219225000","9356139","ESVLC","Finalitzada","210,49","Valencia","Algeciras","F","","81700-3","2026-03-15","2026-03-11 18:36:00","Dinamarca","NOATUM MARITIME SPAIN SAU","OZDK2"
"2026","","DZ","2026-02-24 15:10:00","DJANET","9,5","","https://www.marinetraffic.com/en/ais/details/ships/mmsi:605086090","","15:28","2026-02-21 14:28:00","2026-02-21","2026-02-24 14:10:00","Portacontenidors","15:10","DZALG","90A","605086090","9845063","DZALG","Finalitzada","171,9","Alger (Algiers)","Alger (Algiers)","F","","81405-2","2026-02-24","2026-02-21 15:28:00","Algèria","TRANSPORTES CONSIGNACION MARITIMAS SA","7THR"
"2026","","ES","2026-01-12 08:00:00","DUQUE DE AHUMADA","0","14","https://www.marinetraffic.com/en/ais/details/ships/mmsi:224535000","","16:53","2026-01-09 15:53:00","2026-01-09","2026-01-12 07:00:00","Altres","08:00","ZZZZZ","18B","224535000","1018901","ZZZZZ","Finalitzada","82,2","Desconegut","Desconegut","F","1-3","80903-1","2026-01-12","2026-01-09 16:53:00","Espanya","AUTORITAT PORTUARIA DE BARCELONA","EAVQ"
"2026","","ES","2026-02-13 08:01:00","CASTAVI JET","3,22","","https://www.marinetraffic.com/en/ais/details/ships/mmsi:224008000","","18:17","2026-02-11 17:17:00","2026-02-11","2026-02-13 07:01:00","Transbordadors","08:01","ESIBZ","03C","224008000","9150975","ESIBZ","Finalitzada","59,9","Ibiza","Ibiza","F","","81711-1","2026-02-13","2026-02-11 18:17:00","Espanya","MARINA BARCELONA 92 SA","EABP"
"2026","","ES","2026-02-16 08:04:00","SAR MESANA","4,4","12,5","https://www.marinetraffic.com/en/ais/details/ships/mmsi:224493000","","14:33","2026-02-04 13:33:00","2026-02-04","2026-02-16 07:04:00","Altres","08:04","ESPMI","18A","224493000","9525754","ESPMI","Finalitzada","39,7","Palma de Mallorca","Palma de Mallorca","F","5","81581-1","2026-02-16","2026-02-04 14:33:00","Espanya","A PEREZ Y CIA SL","EBRD"
"2026","","ES","2026-03-01 16:27:00","ABEL MATUTES","6,3","","https://www.marinetraffic.com/en/ais/details/ships/mmsi:224402000","","12:33","2026-03-01 11:33:00","2026-03-01","2026-03-01 15:27:00","Transbordadors","16:27","ESALD","90A","224402000","9441130","ESPMI","Finalitzada","190","Palma de Mallorca","Alcudia","F","","82230-2","2026-03-01","2026-03-01 12:33:00","Espanya","BALEARIA EUROLINEAS MARITIMAS SA ","ECPD"
"2026","","ES","2026-03-08 16:22:00","MARTIN I SOLER","5,7","","https://www.marinetraffic.com/en/ais/details/ships/mmsi:224637000","","12:48","2026-03-08 11:48:00","2026-03-08","2026-03-08 15:22:00","Transbordadors","16:22","ESALD","90A","224637000","9390367","ESALD","Finalitzada","165","Alcudia","Alcudia","F","","82463-2","2026-03-08","2026-03-08 12:48:00","Espanya","BALEARIA EUROLINEAS MARITIMAS SA ","EBZT"
"2026","","ES","2026-03-09 16:54:00","CASTAVI JET","3,22","","https://www.marinetraffic.com/en/ais/details/ships/mmsi:224008000","","08:02","2026-02-13 07:02:00","2026-02-13","2026-03-09 15:54:00","Transbordadors","16:54","ESIBZ","04A","224008000","9150975","ESIBZ","Finalitzada","59,9","Ibiza","Ibiza","F","","81711-2","2026-03-09","2026-02-13 08:02:00","Espanya","MARINA BARCELONA 92 SA","EABP"
"2026","","ES","2026-03-10 09:06:00","CASTAVI JET","3,22","","https://www.marinetraffic.com/en/ais/details/ships/mmsi:224008000","","16:55","2026-03-09 15:55:00","2026-03-09","2026-03-10 08:06:00","Transbordadors","09:06","ESIBZ","05B","224008000","9150975","ESIBZ","Finalitzada","59,9","Ibiza","Ibiza","F","3-4","81711-3","2026-03-10","2026-03-09 16:55:00","Espanya","MARINA BARCELONA 92 SA","EABP"
"2026","","ES","2026-03-12 07:47:00","ALASKA PRIMERO","2,45","9,5","https://www.marinetraffic.com/en/ais/details/ships/mmsi:224012450","","11:19","2026-02-18 10:19:00","2026-02-18","2026-03-12 06:47:00","Altres","07:47","ESVLG","99B","224012450","8836314","ESVLG","Finalitzada","57,8","Vilanova i la Geltru","Vilanova i la Geltru","F","","82102-1","2026-03-12","2026-02-18 11:19:00","Espanya","VAPORES SUARDIAZ MEDITERRANEO SA","5172"
"2026","","ES","2026-03-17 07:58:00","FRANCISCO DE PAULA NAVARRO","4,26","7,4","https://www.marinetraffic.com/en/ais/details/ships/mmsi:224598000","","12:42","2026-03-14 11:42:00","2026-03-14","2026-03-17 06:58:00","Altres","07:58","ESPMI","18B","224598000","9098581","ESPMI","Finalitzada","30,46","Palma de Mallorca","Palma de Mallorca","F","3","82756-1","2026-03-17","2026-03-14 12:42:00","Espanya","INSTITUTO ESPAÑOL DE OCEANOGRAFIA","EGES"
"2026","","FR","2026-01-30 04:52:00","RAVENNA KNUTSEN","8,42","","https://www.marinetraffic.com/en/ais/details/ships/mmsi:228440900","","18:31","2026-01-27 17:31:00","2026-01-27","2026-01-30 03:52:00","Petroliers","04:52","ITRAN","90A","228440900","9874040","ITRAN","Finalitzada","180,04","Ravenna","Ravenna","F","","81323-2","2026-01-30","2026-01-27 18:31:00","França","IBERICA MARITIMA BARCELONA SA","FMVF"
"2026","","FR","2026-03-03 05:12:00","RAVENNA KNUTSEN","8,42","","https://www.marinetraffic.com/en/ais/details/ships/mmsi:228440900","","11:32","2026-03-01 10:32:00","2026-03-01","2026-03-03 04:12:00","Petroliers","05:12","ITRAN","90A","228440900","9874040","ITTRS","Finalitzada","180,04","Trieste","Ravenna","F","","82441-2","2026-03-03","2026-03-01 11:32:00","França","IBERICA MARITIMA BARCELONA SA","FMVF"
"2026","","FR","2026-03-09 19:39:00","SEDNA","7","","https://www.marinetraffic.com/en/ais/details/ships/mmsi:228372600","","11:17","2026-03-08 10:17:00","2026-03-08","2026-03-09 18:39:00","Tancs","19:39","FRFOS","90A","228372600","9837353","TNGAE","Finalitzada","116","Gabes","Fos-sur-Mer","F","","82563-2","2026-03-09","2026-03-08 11:17:00","França","ALFASHIP MARITIME SERVICES SL ","FLWJ"
"2026","","GR","2026-02-11 19:57:00","MINERVA ANTONIA","12,22","32,2","https://www.marinetraffic.com/en/ais/details/ships/mmsi:240787000","","19:31","2026-02-10 18:31:00","2026-02-10","2026-02-11 18:57:00","Tancs","19:57","GRPIR","90A","240787000","9380398","ESTAR","Finalitzada","183","Tarragona","Piraeus","F","","81726-2","2026-02-11","2026-02-10 19:31:00","Grècia","ALFASHIP MARITIME SERVICES SL ","SVAC2"
"2026","","GR","2026-02-18 13:11:00","KRITI RUBY","12,5","32,2","https://www.marinetraffic.com/en/ais/details/ships/mmsi:240941000","","06:42","2026-02-18 05:42:00","2026-02-18","2026-02-18 12:11:00","Tancs","13:11","NGLOS","90A","240941000","9391282","ITPFX","Finalitzada","183,09","Porto Foxi (Sarroch)","Lagos","F","","82035-2","2026-02-18","2026-02-18 06:42:00","Grècia","ALFASHIP MARITIME SERVICES SL ","SVAB7"
"2026","","HK","2026-01-22 16:00:00","DING HENG 23","7,49","","https://www.marinetraffic.com/en/ais/details/ships/mmsi:477931300","","03:21","2026-01-22 02:21:00","2026-01-22","2026-01-22 15:00:00","Tancs","16:00","ESBCN","90A","477931300","9841421","ITLIV","Finalitzada","119,98","Livorno","Barcelona","F","","81052-2","2026-01-22","2026-01-22 03:21:00","Hong Kong","ALFASHIP MARITIME SERVICES SL ","VRVT2"
"2026","","HK","2026-01-25 00:22:00","DING HENG 23","7,49","18,5","https://www.marinetraffic.com/en/ais/details/ships/mmsi:477931300","","16:01","2026-01-22 15:01:00","2026-01-22","2026-01-24 23:22:00","Tancs","00:22","GRAGT","90A","477931300","9841421","ITLIV","Finalitzada","119,98","Livorno","Agio Theodoroi","F","","81170-2","2026-01-25","2026-01-22 16:01:00","Hong Kong","IBERICA MARITIMA BARCELONA SA","VRVT2"
"2026","","HK","2026-02-19 15:29:00","SAMC SWAN","7,35","18,5","https://www.marinetraffic.com/en/ais/details/ships/mmsi:477231800","","09:31","2026-02-18 08:31:00","2026-02-18","2026-02-19 14:29:00","Tancs","15:29","MASFI","90A","477231800","9813058","ESCEU","Finalitzada","119,98","Ceuta","Safi","F","","81792-2","2026-02-19","2026-02-18 09:31:00","Hong Kong","IBERICA MARITIMA BARCELONA SA","VRSC7"
"2026","","HK","2026-02-22 04:52:00","SC DRACO","11,12","32","https://www.marinetraffic.com/en/ais/details/ships/mmsi:477439800","","09:23","2026-02-21 08:23:00","2026-02-21","2026-02-22 03:52:00","Tancs","04:52","EGSUZ","90A","477439800","9752022","ITLIV","Finalitzada","182,8","Livorno","El Suweis (= Suez)","F","","82132-3","2026-02-22","2026-02-21 09:23:00","Hong Kong","IBERICA MARITIMA BARCELONA SA","VRQF3"
"2026","","HK","2026-02-26 15:41:00","BOCHEM LONDON","9,78","","https://www.marinetraffic.com/en/ais/details/ships/mmsi:477636500","","05:43","2026-02-25 04:43:00","2026-02-25","2026-02-26 14:41:00","Tancs","15:41","ESALG","90A","477636500","9743849","ESTAR","Finalitzada","145","Tarragona","Algeciras","F","","82362-2","2026-02-26","2026-02-25 05:43:00","Hong Kong","INCHCAPE SHIPPING SERVICIOS ESPAÑA SA","VRQF6"
"2026","","IE","2026-02-07 13:57:00","ARKLOW FALCON","6,27","","https://www.marinetraffic.com/en/ais/details/ships/mmsi:250002033","","23:52","2026-02-06 22:52:00","2026-02-06","2026-02-07 12:57:00","Càrrega (Lo-Lo)","13:57","FRBAY","90A","250002033","9527659","ESCAS","Finalitzada","89,95","Castellon de la Plana","Bayonne","F","","81635-2","2026-02-07","2026-02-06 23:52:00","Irlanda","ERSHIP SA","EIJB8"
"2026","","IL","2026-02-15 11:47:00","ZIM VIRGINIA","13,5","","https://www.marinetraffic.com/en/ais/details/ships/mmsi:428002000","","08:19","2026-02-14 07:19:00","2026-02-14","2026-02-15 10:47:00","Portacontenidors","11:47","ESVLC","90A","428002000","9231808","ITGOA","Finalitzada","294","Genoa","Valencia","F","","80986-2","2026-02-15","2026-02-14 08:19:00","Israel","A PEREZ Y CIA SL","4XFV"
"2026","","IM","2026-02-07 17:55:00","MAGIC STRIKER","15","","https://www.marinetraffic.com/en/ais/details/ships/mmsi:232041699","","23:37","2026-02-06 22:37:00","2026-02-06","2026-02-07 16:55:00","Granelers","17:55","GIGIB","90A","232041699","9493664","USBTR","Finalitzada","190","Baton Rouge","Gibraltar","F","","81296-2","2026-02-07","2026-02-06 23:37:00","Illa de Man","H JOSE M  MASIQUES SA","MLJQ9"
"2026","","IM","2026-02-20 18:45:00","VS LISBETH","11,62","","https://www.marinetraffic.com/en/ais/details/ships/mmsi:232005015","","22:08","2026-02-18 21:08:00","2026-02-18","2026-02-20 17:45:00","Tancs","18:45","GRPIR","90A","232005015","9309978","GRAGT","Finalitzada","182,86","Agio Theodoroi","Piraeus","F","","81775-2","2026-02-20","2026-02-18 22:08:00","Illa de Man","ALFASHIP MARITIME SERVICES SL ","MAHM4"
"2026","","IM","2026-03-04 20:29:00","VS SPIRIT","11,82","27,4","https://www.marinetraffic.com/en/ais/details/ships/mmsi:232026670","","13:27","2026-02-24 12:27:00","2026-02-24","2026-03-04 19:29:00","Tancs","20:29","MTMAR","90A","232026670","9339636","LYTIP","Finalitzada","171,2","Tripoli","Marsaxlokk","F","","82300-2","2026-03-04","2026-02-24 13:27:00","Illa de Man","MH BLAND SL","MGYF2"
"2026","","IT","2026-02-04 16:46:00","ERACLEA","5,7","15,5","https://www.marinetraffic.com/en/ais/details/ships/mmsi:247278500","","17:56","2026-02-03 16:56:00","2026-02-03","2026-02-04 15:46:00","Altres","16:46","NOSOV","29A","247278500","9499656","ROTCE","Finalitzada","50","Tulcea","Sovik                              ","F","16","81526-2","2026-02-04","2026-02-03 17:56:00","Itàlia","ITALMAR 3000 SL","IITX2"
"2026","","IT","2026-02-08 09:54:00","ZEFIREA","10,94","32,2","https://www.marinetraffic.com/en/ais/details/ships/mmsi:247322500","","00:17","2026-02-04 23:17:00","2026-02-05","2026-02-08 08:54:00","Tancs","09:54","SYBAN","90A","247322500","9607643","ESPMI","Finalitzada","179,83","Palma de Mallorca","Baniyas","F","","81610-2","2026-02-08","2026-02-05 00:17:00","Itàlia","ALFASHIP MARITIME SERVICES SL ","ICSM"
"2026","","IT","2026-02-09 11:23:00","RITA IEVOLI","9,3","22,9","https://www.marinetraffic.com/en/ais/details/ships/mmsi:247452200","","22:50","2026-02-01 21:50:00","2026-02-01","2026-02-09 10:23:00","Tancs","11:23","ZZZZZ","90A","247452200","9846471","ITQOS","Finalitzada","129,9","Oristano","Desconegut","F","","81468-2","2026-02-09","2026-02-01 22:50:00","Itàlia","ALFASHIP MARITIME SERVICES SL ","ICBB"
"2026","","IT","2026-02-13 16:41:00","LUCA IEVOLI","6,45","","https://www.marinetraffic.com/en/ais/details/ships/mmsi:247069600","","10:30","2026-02-13 09:30:00","2026-02-13","2026-02-13 15:41:00","Tancs","16:41","FRLAV","90A","247069600","9250086","FRLAV","Finalitzada","99,9","Lavera","Lavera","F","","81742-2","2026-02-13","2026-02-13 10:30:00","Itàlia","IBERICA MARITIMA BARCELONA SA","IBFD"
"2026","","IT","2026-02-22 10:38:00","NAVE VISALLI","","8,15","https://www.marinetraffic.com/en/ais/details/ships/mmsi:247480800","","06:34","2026-02-20 05:34:00","2026-02-20","2026-02-22 09:38:00","Altres","10:38","ITSRE","18B","247480800","","ESLEI","Finalitzada","33,6","Almeria","San Remo","F","1","82184-1","2026-02-22","2026-02-20 06:34:00","Itàlia","ESTELA SHIPPING BARCELONA SL","IGYT"
"2026","","IT","2026-03-01 20:41:00","JOLLY ARGENTO","13,5","","https://www.marinetraffic.com/en/ais/details/ships/mmsi:247487700","","18:45","2026-02-28 17:45:00","2026-02-28","2026-03-01 19:41:00","Portacontenidors","20:41","ITGOA","90A","247487700","9467043","ESCAS","Finalitzada","264,28","Castellon de la Plana","Genoa","F","","81210-2","2026-03-01","2026-02-28 18:45:00","Itàlia","BERGE MARITIMA SL","IBMJ"
"2026","","IT","2026-03-02 16:41:00","GNV SEALAND","6,79","","https://www.marinetraffic.com/en/ais/details/ships/mmsi:247265800","","08:12","2026-03-02 07:12:00","2026-03-02","2026-03-02 15:41:00","Transbordadors","16:41","ESMAH","90A","247265800","9435454","ESIBZ","Finalitzada","186,44","Ibiza","Mahon Menorca","F","","82379-2","2026-03-02","2026-03-02 08:12:00","Itàlia","TRANSCOMA BALEARES SA","IBDZ"
"2026","","IT","2026-03-05 22:00:00","ALESSANDRO F","6,42","15,4","https://www.marinetraffic.com/en/ais/details/ships/mmsi:247046400","","18:03","2026-02-28 17:03:00","2026-02-28","2026-03-05 21:00:00","Tancs","22:00","ITLIV","90A","247046400","9245378","ITPIO","Finalitzada","99,67","Piombino","Livorno","F","","82474-3","2026-03-05","2026-02-28 18:03:00","Itàlia","IBERICA MARITIMA BARCELONA SA","IBVQ"
"2026","","IT","2026-03-11 11:03:00","BASILUZZO M","8,13","19,98","https://www.marinetraffic.com/en/ais/details/ships/mmsi:247149100","","04:57","2026-03-08 03:57:00","2026-03-08","2026-03-11 10:03:00","Tancs","11:03","ITAUG","90A","247149100","9323857","ITAUG","Finalitzada","122,52","Augusta","Augusta","F","","82487-2","2026-03-11","2026-03-08 04:57:00","Itàlia","ALFASHIP MARITIME SERVICES SL ","IBSY"
"2026","","KY","2026-01-26 13:47:00","SIBELLE","3,4","11,2","https://www.marinetraffic.com/en/ais/details/ships/mmsi:319263100","","10:47","2026-01-13 09:47:00","2026-01-13","2026-01-26 12:47:00","Iot","13:47","ZZZZZ","03A","319263100","9919060","FRANT","Finalitzada","67,4","Antibes","Desconegut","F","","80799-1","2026-01-26","2026-01-13 10:47:00","Illes Caiman","MARINA BARCELONA 92 SA","ZGPN2"
"2026","","KY","2026-02-13 09:37:00","SIBELLE","3,4","11,2","https://www.marinetraffic.com/en/ais/details/ships/mmsi:319263100","","13:48","2026-01-26 12:48:00","2026-01-26","2026-02-13 08:37:00","Iot","09:37","ZZZZZ","08A","319263100","9919060","FRANT","Finalitzada","67,4","Antibes","Desconegut","F","","80799-2","2026-02-13","2026-01-26 13:48:00","Illes Caiman","MARINA BARCELONA 92 SA","ZGPN2"
"2026","","KY","2026-03-07 10:41:00","ASYA","2,85","8,5","https://www.marinetraffic.com/en/ais/details/ships/mmsi:319564000","","13:29","2026-03-03 12:29:00","2026-03-03","2026-03-07 09:41:00","Iot","10:41","FRANT","13A","319564000","1012440","ESVLG","Finalitzada","46,7","Vilanova i la Geltru","Antibes","F","","82493-1","2026-03-07","2026-03-03 13:29:00","Illes Caiman","ACQ SPAIN SERVICIOS NAÚTICOS SLU ","ZGEO6"
"2026","","KY","2026-03-09 16:29:00","SIBELLE","3,4","11,2","https://www.marinetraffic.com/en/ais/details/ships/mmsi:319263100","","09:38","2026-02-13 08:38:00","2026-02-13","2026-03-09 15:29:00","Iot","16:29","ZZZZZ","04A","319263100","9919060","FRANT","Finalitzada","67,4","Antibes","Desconegut","F","","80799-3","2026-03-09","2026-02-13 09:38:00","Illes Caiman","MARINA BARCELONA 92 SA","ZGPN2"
"2026","","KY","2026-03-11 09:17:00","SIBELLE","3,4","11,2","https://www.marinetraffic.com/en/ais/details/ships/mmsi:319263100","","16:30","2026-03-09 15:30:00","2026-03-09","2026-03-11 08:17:00","Iot","09:17","ZZZZZ","03A","319263100","9919060","FRANT","Finalitzada","67,4","Antibes","Desconegut","F","","80799-4","2026-03-11","2026-03-09 16:30:00","Illes Caiman","MARINA BARCELONA 92 SA","ZGPN2"
"2026","","LR","2026-01-16 06:21:00","CONTSHIP RAY","8,5","","https://www.marinetraffic.com/en/ais/details/ships/mmsi:352006505","","14:33","2026-01-15 13:33:00","2026-01-15","2026-01-16 05:21:00","Càrrega (Lo-Lo)","06:21","ESVLC","90A","352006505","9388338","MACAS","Finalitzada","147,83","Casablanca","Valencia","F","","80785-2","2026-01-16","2026-01-15 14:33:00","Libèria","CMA CGM IBERICA SAU","3EA5246"
"2026","","LR","2026-01-26 03:32:00","ZIM PACIFIC","12,5","","https://www.marinetraffic.com/en/ais/details/ships/mmsi:636021362","","08:42","2026-01-25 07:42:00","2026-01-25","2026-01-26 02:32:00","Portacontenidors","03:32","ESVLC","90A","636021362","9440837","ITGOA","Finalitzada","262","Genoa","Valencia","F","","80749-2","2026-01-26","2026-01-25 08:42:00","Libèria","A PEREZ Y CIA SL","5LDO9"
"2026","","LR","2026-02-05 16:31:00","TOP OCEAN","13,3","32,2","https://www.marinetraffic.com/en/ais/details/ships/mmsi:636024917","","15:22","2026-02-03 14:22:00","2026-02-03","2026-02-05 15:31:00","Tancs","16:31","LVVNT","90A","636024917","1076513","EGSUZ","Finalitzada","182,95","El Suweis (= Suez)","Ventspils","F","","81527-2","2026-02-05","2026-02-03 15:22:00","Libèria","ALFASHIP MARITIME SERVICES SL ","5LUX5"
"2026","","LR","2026-02-06 09:23:00","MSC JIANI","9,7","","https://www.marinetraffic.com/en/ais/details/ships/mmsi:636023100","","11:39","2026-02-05 10:39:00","2026-02-05","2026-02-06 08:23:00","Portacontenidors","09:23","DZALG","90A","636023100","9966934","ESVLC","Finalitzada","172","Valencia","Alger (Algiers)","F","","81506-2","2026-02-06","2026-02-05 11:39:00","Libèria","MEDITERRANEAN SHIPPING COM ESPAÑA SLU","5LLY4"
"2026","","LR","2026-02-07 11:49:00","MSC ASLI II","9,5","","https://www.marinetraffic.com/en/ais/details/ships/mmsi:636018322","","17:02","2026-02-04 16:02:00","2026-02-04","2026-02-07 10:49:00","Portacontenidors","11:49","MACAS","90A","636018322","9162631","ESVLC","Finalitzada","217,02","Valencia","Casablanca","F","","81546-2","2026-02-07","2026-02-04 17:02:00","Libèria","MEDITERRANEAN SHIPPING COM ESPAÑA SLU","D5PF2"
"2026","","LR","2026-02-09 12:49:00","K ONSET","8,7","","https://www.marinetraffic.com/en/ais/details/ships/mmsi:636022087","","00:03","2026-02-07 23:03:00","2026-02-08","2026-02-09 11:49:00","Tancs","12:49","ITGOA","90A","636022087","9359595","ESCAS","Finalitzada","127,2","Castellon de la Plana","Genoa","F","","81549-2","2026-02-09","2026-02-08 00:03:00","Libèria","BERGE MARITIMA SL","5LHC8"
"2026","","LR","2026-02-11 03:29:00","MSC GAETA II","10,2","25,3","https://www.marinetraffic.com/en/ais/details/ships/mmsi:636019225","","13:16","2026-02-09 12:16:00","2026-02-09","2026-02-11 02:29:00","Portacontenidors","03:29","DZBJA","90A","636019225","9306213","ESVLC","Finalitzada","168,02","Valencia","Bejaia (ex Bougie)","F","","81613-2","2026-02-11","2026-02-09 13:16:00","Libèria","MEDITERRANEAN SHIPPING COM ESPAÑA SLU","A8MJ4"
"2026","","LR","2026-02-13 12:48:00","MSC IZMIR F","9,32","23,5","https://www.marinetraffic.com/en/ais/details/ships/mmsi:636017878","","01:42","2026-02-13 00:42:00","2026-02-13","2026-02-13 11:48:00","Portacontenidors","12:48","DZALG","90A","636017878","9127021","DZALG","Finalitzada","157,15","Alger (Algiers)","Alger (Algiers)","F","","81505-2","2026-02-13","2026-02-13 01:42:00","Libèria","MEDITERRANEAN SHIPPING COM ESPAÑA SLU","D5ND3"
"2026","","LR","2026-02-15 00:08:00","MSC IZMIR F","9,32","23,5","https://www.marinetraffic.com/en/ais/details/ships/mmsi:636017878","","06:33","2026-02-14 05:33:00","2026-02-14","2026-02-14 23:08:00","Portacontenidors","00:08","DZALG","90A","636017878","9127021","DZALG","Finalitzada","157,15","Alger (Algiers)","Alger (Algiers)","F","","81505-3","2026-02-15","2026-02-14 06:33:00","Libèria","MEDITERRANEAN SHIPPING COM ESPAÑA SLU","D5ND3"
"2026","","LR","2026-02-15 08:44:00","FPMC 34","13,32","32","https://www.marinetraffic.com/en/ais/details/ships/mmsi:636018726","","00:40","2026-02-10 23:40:00","2026-02-11","2026-02-15 07:44:00","Tancs","08:44","GNCKY","90A","636018726","9845166","TRALI","Finalitzada","183,01","Aliaga","Conakry","F","","81729-2","2026-02-15","2026-02-11 00:40:00","Libèria","ALFASHIP MARITIME SERVICES SL ","D5RC7"
"2026","","LR","2026-02-17 08:56:00","MOUNT KIBO","11,52","","https://www.marinetraffic.com/en/ais/details/ships/mmsi:636019845","","17:59","2026-02-16 16:59:00","2026-02-16","2026-02-17 07:56:00","Tancs","08:56","ITLIV","29A","636019845","9470997","ESCAR","Finalitzada","184,32","Cartagena","Livorno","F","12-15","82037-1","2026-02-17","2026-02-16 17:59:00","Libèria","ERHARDT SHIPPING SERVICES SL","A8UM8"
"2026","","LR","2026-02-18 15:02:00","MSC YUXIN","9,7","28,4","https://www.marinetraffic.com/en/ais/details/ships/mmsi:636023314","","08:57","2026-02-18 07:57:00","2026-02-18","2026-02-18 14:02:00","Portacontenidors","15:02","DZALG","90B","636023314","9966946","DZDJE","Finalitzada","171,86","Djen-Djen","Alger (Algiers)","F","","81752-2","2026-02-18","2026-02-18 08:57:00","Libèria","MEDITERRANEAN SHIPPING COM ESPAÑA SLU","5LNC4"
"2026","","LR","2026-02-18 18:35:00","WAN CHENG","12,18","32,2","https://www.marinetraffic.com/en/ais/details/ships/mmsi:311001843","","08:23","2026-02-18 07:23:00","2026-02-18","2026-02-18 17:35:00","Tancs","18:35","RUSAK","90A","311001843","9234587","GRPSA","Finalitzada","182,9","Psakhna","Aleksandrovsk-Sakhalinskiy         ","F","","81791-2","2026-02-18","2026-02-18 08:23:00","Libèria","IBERICA MARITIMA BARCELONA SA","C6JC9"
"2026","","LR","2026-02-18 20:08:00","MSC YUXIN","9,7","28,4","https://www.marinetraffic.com/en/ais/details/ships/mmsi:636023314","","15:03","2026-02-18 14:03:00","2026-02-18","2026-02-18 19:08:00","Portacontenidors","20:08","DZALG","01C","636023314","9966946","DZDJE","Finalitzada","171,86","Djen-Djen","Alger (Algiers)","F","8-11","81752-3","2026-02-18","2026-02-18 15:03:00","Libèria","MEDITERRANEAN SHIPPING COM ESPAÑA SLU","5LNC4"
"2026","","LR","2026-02-22 02:26:00","ETC NEFERTARI","13,5","","https://www.marinetraffic.com/en/ais/details/ships/mmsi:636015007","","09:53","2026-02-19 08:53:00","2026-02-19","2026-02-22 01:26:00","Tancs","02:26","ITGOA","90A","636015007","9399612","FRSET","Finalitzada","189","Sete","Genoa","F","","82065-2","2026-02-22","2026-02-19 09:53:00","Libèria","BERGE MARITIMA SL","A8YA5"
"2026","","LR","2026-02-23 02:18:00","CONTSHIP SKY","8,5","","https://www.marinetraffic.com/en/ais/details/ships/mmsi:636024753","","11:50","2026-02-21 10:50:00","2026-02-21","2026-02-23 01:18:00","Càrrega (Lo-Lo)","02:18","FRMRS","90A","636024753","9403449","DZMOS","Finalitzada","147,74","Mostaganem","Marseille","F","","80969-2","2026-02-23","2026-02-21 11:50:00","Libèria","CMA CGM IBERICA SAU","5LUC6"
"2026","","LR","2026-02-24 14:05:00","GOLDEN GARDENIA","6,64","16","https://www.marinetraffic.com/en/ais/details/ships/mmsi:255917261","","22:49","2026-02-21 21:49:00","2026-02-21","2026-02-24 13:05:00","Tancs","14:05","FRNOU","90A","255917261","1088114","FRFOS","Finalitzada","99,8","Fos-sur-Mer","Port-la-Nouvelle","F","","82130-2","2026-02-24","2026-02-21 22:49:00","Libèria","ALFASHIP MARITIME SERVICES SL ","CQ2830"
"2026","","LR","2026-02-25 00:25:00","STOLT ALM","10,42","28,4","https://www.marinetraffic.com/en/ais/details/ships/mmsi:636025471","","14:03","2026-02-20 13:03:00","2026-02-20","2026-02-24 23:25:00","Tancs","00:25","ESCAR","90A","636025471","9719238","FRFOS","Finalitzada","184,89","Fos-sur-Mer","Cartagena","F","","81776-4","2026-02-25","2026-02-20 14:03:00","Libèria","ALFASHIP MARITIME SERVICES SL ","5LXP9"
"2026","","LR","2026-02-26 15:22:00","MSC JIANI","9,7","","https://www.marinetraffic.com/en/ais/details/ships/mmsi:636023100","","14:50","2026-02-25 13:50:00","2026-02-25","2026-02-26 14:22:00","Portacontenidors","15:22","DZALG","90A","636023100","9966934","DZALG","Finalitzada","172","Alger (Algiers)","Alger (Algiers)","F","","82038-2","2026-02-26","2026-02-25 14:50:00","Libèria","MEDITERRANEAN SHIPPING COM ESPAÑA SLU","5LLY4"
"2026","","LR","2026-02-28 12:34:00","ORUBA","7,84","","https://www.marinetraffic.com/en/ais/details/ships/mmsi:636020511","","16:25","2026-02-27 15:25:00","2026-02-27","2026-02-28 11:34:00","Càrrega (Lo-Lo)","12:34","MACAS","90A","636020511","9430624","ESTAR","Finalitzada","131,55","Tarragona","Casablanca","F","","82471-2","2026-02-28","2026-02-27 16:25:00","Libèria","INTRAMEDITERRANEO SA","D5ZN6"
"2026","","LR","2026-03-01 07:49:00","CONTSHIP BOX","9,5","","https://www.marinetraffic.com/en/ais/details/ships/mmsi:636023449","","08:13","2026-02-27 07:13:00","2026-02-27","2026-03-01 06:49:00","Portacontenidors","07:49","FRMRS","90A","636023449","9449845","PTSET","Finalitzada","180,42","Setubal","Marseille","F","","81178-2","2026-03-01","2026-02-27 08:13:00","Libèria","CMA CGM IBERICA SAU","5LNT9"
"2026","","LR","2026-03-01 20:29:00","CONTSHIP JET","9,5","","https://www.marinetraffic.com/en/ais/details/ships/mmsi:636019532","","20:50","2026-02-26 19:50:00","2026-02-26","2026-03-01 19:29:00","Portacontenidors","20:29","DZSKI","90A","636019532","9348625","DZBJA","Finalitzada","159,8","Bejaia (ex Bougie)","Skikda (ex Philippeville)","F","","82390-2","2026-03-01","2026-02-26 20:50:00","Libèria","CMA CGM IBERICA SAU","D5UX8"
"2026","","LR","2026-03-01 22:54:00","PRELUDE","11,97","","https://www.marinetraffic.com/en/ais/details/ships/mmsi:636021941","","17:38","2026-02-26 16:38:00","2026-02-26","2026-03-01 21:54:00","Tancs","22:54","ESALG","90A","636021941","9360439","ESCAS","Finalitzada","181,78","Castellon de la Plana","Algeciras","F","","82397-2","2026-03-01","2026-02-26 17:38:00","Libèria","ITALMAR 3000 SL","5LGK9"
"2026","","LR","2026-03-02 15:18:00","AHINOS","13,5","","https://www.marinetraffic.com/en/ais/details/ships/mmsi:636024537","","03:04","2026-02-27 02:04:00","2026-02-27","2026-03-02 14:18:00","Tancs","15:18","GRGPA","90A","636024537","9328144","ESTAR","Finalitzada","183,2","Tarragona","Patras","F","","82287-2","2026-03-02","2026-02-27 03:04:00","Libèria","IBERICA MARITIMA BARCELONA SA","5LTB8"
"2026","","LR","2026-03-08 04:52:00","MUBARIZ IBRAHIMOV","4,6","","https://www.marinetraffic.com/en/ais/details/ships/mmsi:636093062","","12:12","2026-03-07 11:12:00","2026-03-07","2026-03-08 03:52:00","Tancs","04:52","ZZZZZ","90A","636093062","9575292","FRMRS","Finalitzada","139,95","Marseille","Desconegut","F","","82294-2","2026-03-08","2026-03-07 12:12:00","Libèria","IBERICA MARITIMA BARCELONA SA","5LDU3"
"2026","","LR","2026-03-09 04:47:00","CL JANE AUSTEN","13,3","32,2","https://www.marinetraffic.com/en/ais/details/ships/mmsi:636022158","","04:08","2026-02-28 03:08:00","2026-02-28","2026-03-09 03:47:00","Tancs","04:47","ESCAR","90A","636022158","9943308","ZACPT","Finalitzada","183,24","Cape Town","Cartagena","F","","82438-2","2026-03-09","2026-02-28 04:08:00","Libèria","ALFASHIP MARITIME SERVICES SL ","5LHL3"
"2026","","LR","2026-03-10 10:44:00","MUBARIZ IBRAHIMOV","4,6","","https://www.marinetraffic.com/en/ais/details/ships/mmsi:636093062","","03:41","2026-03-09 02:41:00","2026-03-09","2026-03-10 09:44:00","Tancs","10:44","ZZZZZ","90A","636093062","9575292","FRMRS","Finalitzada","139,95","Marseille","Desconegut","F","","82294-3","2026-03-10","2026-03-09 03:41:00","Libèria","IBERICA MARITIMA BARCELONA SA","5LDU3"
"2026","","LR","2026-03-10 19:51:00","MSC RADIANT III","11,4","29,8","https://www.marinetraffic.com/en/ais/details/ships/mmsi:636016943","","09:49","2026-03-10 08:49:00","2026-03-10","2026-03-10 18:51:00","Portacontenidors","19:51","DZALG","01C","636016943","9235402","DZDJE","Finalitzada","208","Djen-Djen","Alger (Algiers)","F","6-10","82246-2","2026-03-10","2026-03-10 09:49:00","Libèria","MEDITERRANEAN SHIPPING COM ESPAÑA SLU","A8HA7"
"2026","","LR","2026-03-12 20:12:00","FIONA","9,88","25,3","https://www.marinetraffic.com/en/ais/details/ships/mmsi:636023461","","12:37","2026-03-10 11:37:00","2026-03-10","2026-03-12 19:12:00","Portacontenidors","20:12","DZBJA","90A","636023461","9149885","ESVLC","Finalitzada","184,06","Valencia","Bejaia (ex Bougie)","F","","82437-2","2026-03-12","2026-03-10 12:37:00","Libèria","MEDITERRANEAN SHIPPING COM ESPAÑA SLU","5LNV4"
"2026","","LR","2026-03-14 01:02:00","CONTSHIP LUV","8,51","","https://www.marinetraffic.com/en/ais/details/ships/mmsi:636024683","","11:50","2026-03-10 10:50:00","2026-03-10","2026-03-14 00:02:00","Portacontenidors","01:02","DZDJE","90A","636024683","9406934","DZDJE","Finalitzada","147,87","Djen-Djen","Djen-Djen","F","","82052-2","2026-03-14","2026-03-10 11:50:00","Libèria","CMA CGM IBERICA SAU","5LTU7"
"2026","","LR","2026-03-14 06:50:00","MSC IRA II","10,9","","https://www.marinetraffic.com/en/ais/details/ships/mmsi:636023306","","11:14","2026-03-10 10:14:00","2026-03-10","2026-03-14 05:50:00","Portacontenidors","06:50","DZALG","90A","636023306","9323493","ITCVV","Finalitzada","176,9","Civitavecchia","Alger (Algiers)","F","","82511-2","2026-03-14","2026-03-10 11:14:00","Libèria","MEDITERRANEAN SHIPPING COM ESPAÑA SLU","5LNB4"
"2026","","LR","2026-03-14 14:20:00","VENTO DI MAESTRALE","9,7","","https://www.marinetraffic.com/en/ais/details/ships/mmsi:636023406","","09:25","2026-03-11 08:25:00","2026-03-11","2026-03-14 13:20:00","Portacontenidors","14:20","MACAS","90A","636023406","9985021","ITSPE","Finalitzada","171,9","La Spezia","Casablanca","F","","81508-2","2026-03-14","2026-03-11 09:25:00","Libèria","INSIGNIA SHIPPING SAU","5LNO5"
"2026","","LR","2026-03-14 23:16:00","ZIM PACIFIC","12,5","","https://www.marinetraffic.com/en/ais/details/ships/mmsi:636021362","","23:10","2026-03-12 22:10:00","2026-03-12","2026-03-14 22:16:00","Portacontenidors","23:16","EGDAM","90A","636021362","9440837","ESVLC","Finalitzada","262","Valencia","Damietta","F","","81602-2","2026-03-14","2026-03-12 23:10:00","Libèria","A PEREZ Y CIA SL","5LDO9"
"2026","","LR","2026-03-16 20:28:00","CONTSHIP SKY","8,5","","https://www.marinetraffic.com/en/ais/details/ships/mmsi:636024753","","14:46","2026-03-14 13:46:00","2026-03-14","2026-03-16 19:28:00","Càrrega (Lo-Lo)","20:28","FRMRS","90A","636024753","9403449","DZMOS","Finalitzada","147,74","Mostaganem","Marseille","F","","82565-2","2026-03-16","2026-03-14 14:46:00","Libèria","CMA CGM IBERICA SAU","5LUC6"
"2026","","LR","2026-03-18 07:19:00","CONTSHIP SKY","8,5","","https://www.marinetraffic.com/en/ais/details/ships/mmsi:636024753","","11:16","2026-03-17 10:16:00","2026-03-17","2026-03-18 06:19:00","Càrrega (Lo-Lo)","07:19","FRMRS","90A","636024753","9403449","DZMOS","Finalitzada","147,74","Mostaganem","Marseille","F","","82565-5","2026-03-18","2026-03-17 11:16:00","Libèria","CMA CGM IBERICA SAU","5LUC6"
"2026","","LT","2026-02-04 16:06:00","KANTATA","8,51","","https://www.marinetraffic.com/en/ais/details/ships/mmsi:277549000","","12:03","2026-02-03 11:03:00","2026-02-03","2026-02-04 15:06:00","Portacontenidors","16:06","DZORN","90A","277549000","9327580","DZORN","Finalitzada","147,84","Oran","Oran","F","","81308-2","2026-02-04","2026-02-03 12:03:00","Lituània","MEDITERRANEAN SHIPPING COM ESPAÑA SLU","LYBD"
"2026","","LT","2026-02-24 06:41:00","SONATA","8,51","","https://www.marinetraffic.com/en/ais/details/ships/mmsi:277562000","","09:07","2026-02-23 08:07:00","2026-02-23","2026-02-24 05:41:00","Portacontenidors","06:41","ESALG","90A","277562000","9316103","EGPSD","Finalitzada","147,87","Port Said","Algeciras","F","","81701-2","2026-02-24","2026-02-23 09:07:00","Lituània","NOATUM MARITIME SPAIN SAU","LYBN"
"2026","","LV","2026-01-11 23:10:00","AQUARIUS","7,36","19,4","https://www.marinetraffic.com/en/ais/details/ships/mmsi:275535000","","08:29","2026-01-10 07:29:00","2026-01-10","2026-01-11 22:10:00","Portacontenidors","23:10","ESHUV","30A","275535000","9328651","ESHUV","Finalitzada","133,6","Huelva","Huelva","F","3-5","80767-2","2026-01-11","2026-01-10 08:29:00","Letònia","BERGE MARITIMA SL","YLSL"
"2026","","MH","2026-01-13 06:13:00","UGR AL REEF","9","31,5","https://www.marinetraffic.com/en/ais/details/ships/mmsi:538011969","","14:06","2026-01-10 13:06:00","2026-01-10","2026-01-13 05:13:00","Car-carrier","06:13","FRMRS","90A","538011969","9448138","FRTLN","Finalitzada","182,8","Toulon","Marseille","F","","80846-2","2026-01-13","2026-01-10 14:06:00","Illes Marshall","NOATUM MARITIME SPAIN SAU","V7A3741"
"2026","","MH","2026-01-13 06:40:00","SEA ALTUS","11,03","","https://www.marinetraffic.com/en/ais/details/ships/mmsi:538010133","","01:29","2026-01-13 00:29:00","2026-01-13","2026-01-13 05:40:00","Tancs","06:40","ZZZZZ","90A","538010133","9724570","PTSIE","Finalitzada","183,08","Sines","Desconegut","F","","80951-2","2026-01-13","2026-01-13 01:29:00","Illes Marshall","ALFASHIP MARITIME SERVICES SL ","V7A5659"
"2026","","MH","2026-01-15 03:13:00","ELEGANT VOYAGER","12,59","32,2","https://www.marinetraffic.com/en/ais/details/ships/mmsi:538010955","","14:20","2026-01-14 13:20:00","2026-01-14","2026-01-15 02:13:00","Tancs","03:13","CDBNW","90A","538010955","9547506","ESSCT","Finalitzada","179,99","Santa Cruz de Tenerife","Banana","F","","80952-3","2026-01-15","2026-01-14 14:20:00","Illes Marshall","ALFASHIP MARITIME SERVICES SL ","V7A6364"
"2026","","MH","2026-01-15 14:05:00","HELLAS MARGARITA","13,32","","https://www.marinetraffic.com/en/ais/details/ships/mmsi:538010142","","21:27","2026-01-14 20:27:00","2026-01-14","2026-01-15 13:05:00","Tancs","14:05","ESCAR","90A","538010142","9794721","MUPLU","Finalitzada","182,99","Port Louis","Cartagena","F","","80949-2","2026-01-15","2026-01-14 21:27:00","Illes Marshall","ALFASHIP MARITIME SERVICES SL ","V7A5669"
"2026","","MH","2026-01-18 02:02:00","TONDA","10,6","","https://www.marinetraffic.com/en/ais/details/ships/mmsi:538009156","","17:44","2026-01-17 16:44:00","2026-01-17","2026-01-18 01:02:00","Tancs","02:02","ESTAR","90A","538009156","9274654","EGSUZ","Finalitzada","185,6","El Suweis (= Suez)","Tarragona","F","","80836-2","2026-01-18","2026-01-17 17:44:00","Illes Marshall","IBERICA MARITIMA BARCELONA SA","V7A4391"
"2026","","MH","2026-01-19 15:12:00","DALE","11,52","","https://www.marinetraffic.com/en/ais/details/ships/mmsi:538008428","","09:28","2026-01-19 08:28:00","2026-01-19","2026-01-19 14:12:00","Tancs","15:12","GNCKY","90A","538008428","9353084","ITFAL","Finalitzada","184","Falconara","Conakry","F","","81147-2","2026-01-19","2026-01-19 09:28:00","Illes Marshall","NEXT MARITIME SL","V7A2348"
"2026","","MH","2026-01-22 09:45:00","EILEEN","2,2","9,5","https://www.marinetraffic.com/en/ais/details/ships/mmsi:538070845","","09:12","2026-01-15 08:12:00","2026-01-15","2026-01-22 08:45:00","Iot","09:45","ESBCN","12A","538070845","1007093","GIGIB","Finalitzada","49,9","Gibraltar","Barcelona","F","","80991-1","2026-01-22","2026-01-15 09:12:00","Illes Marshall","MARALA YACHT 2005 SL","V7YM3"
"2026","","MH","2026-01-26 01:48:00","SEAWAYS MUSE","13,15","32,2","https://www.marinetraffic.com/en/ais/details/ships/mmsi:538011488","","00:32","2026-01-22 23:32:00","2026-01-23","2026-01-26 00:48:00","Tancs","01:48","ZZZZZ","90A","538011488","9374301","PTSIE","Finalitzada","183","Sines","Desconegut","F","","81206-2","2026-01-26","2026-01-23 00:32:00","Illes Marshall","ALFASHIP MARITIME SERVICES SL ","V7A3031"
"2026","","MH","2026-01-28 01:13:00","STI CLAPHAM","11,92","27,4","https://www.marinetraffic.com/en/ais/details/ships/mmsi:538005407","","16:31","2026-01-27 15:31:00","2026-01-27","2026-01-28 00:13:00","Tancs","01:13","ITAUG","90A","538005407","9696577","ITSPA","Finalitzada","184","Santa Panagia","Augusta","F","","81305-3","2026-01-28","2026-01-27 16:31:00","Illes Marshall","NEXT MARITIME SL","V7DO7"
"2026","","MH","2026-01-28 15:54:00","SEAWAYS MUSE","13,15","32,2","https://www.marinetraffic.com/en/ais/details/ships/mmsi:538011488","","05:08","2026-01-28 04:08:00","2026-01-28","2026-01-28 14:54:00","Tancs","15:54","ZZZZZ","90A","538011488","9374301","PTSIE","Finalitzada","183","Sines","Desconegut","F","","81206-3","2026-01-28","2026-01-28 05:08:00","Illes Marshall","ALFASHIP MARITIME SERVICES SL ","V7A3031"
"2026","","MH","2026-01-28 22:24:00","LMZ VEGA","12,82","","https://www.marinetraffic.com/en/ais/details/ships/mmsi:538007150","","09:48","2026-01-28 08:48:00","2026-01-28","2026-01-28 21:24:00","Granelers","22:24","FRFOS","90A","538007150","9548574","ESSAG","Finalitzada","189,99","Sagunto","Fos-sur-Mer","F","","80809-2","2026-01-28","2026-01-28 09:48:00","Illes Marshall","INTRAMEDITERRANEO SA","V7XM3"
"2026","","MH","2026-01-28 23:26:00","SEAWAYS MUSE","13,15","32,2","https://www.marinetraffic.com/en/ais/details/ships/mmsi:538011488","","15:55","2026-01-28 14:55:00","2026-01-28","2026-01-28 22:26:00","Tancs","23:26","ZZZZZ","32C","538011488","9374301","PTSIE","Finalitzada","183","Sines","Desconegut","F","1","81206-4","2026-01-28","2026-01-28 15:55:00","Illes Marshall","ALFASHIP MARITIME SERVICES SL ","V7A3031"
"2026","","MH","2026-01-30 01:39:00","SEA CAELUM","12,32","32,2","https://www.marinetraffic.com/en/ais/details/ships/mmsi:538010127","","23:53","2026-01-28 22:53:00","2026-01-28","2026-01-30 00:39:00","Tancs","01:39","MRNDB","90A","538010127","9724582","MAMOH","Finalitzada","183,06","Mohammedia","Nouadhibou","F","","81418-3","2026-01-30","2026-01-28 23:53:00","Illes Marshall","IBERICA MARITIMA BARCELONA SA","V7A5653"
"2026","","MH","2026-02-01 16:53:00","STI CLAPHAM","11,92","27,4","https://www.marinetraffic.com/en/ais/details/ships/mmsi:538005407","","02:24","2026-01-30 01:24:00","2026-01-30","2026-02-01 15:53:00","Tancs","16:53","ITAUG","90A","538005407","9696577","ITSPA","Finalitzada","184","Santa Panagia","Augusta","F","","81305-4","2026-02-01","2026-01-30 02:24:00","Illes Marshall","NEXT MARITIME SL","V7DO7"
"2026","","MH","2026-02-04 05:39:00","AL JUBAIL","11,5","37,5","https://www.marinetraffic.com/en/ais/details/ships/mmsi:538010831","","00:07","2026-02-02 23:07:00","2026-02-03","2026-02-04 04:39:00","Ro-Ro","05:39","EGALY","90A","538010831","9547219","ESBCN","Finalitzada","239","Barcelona","El Iskandariya (= Alexandria)","F","","81547-2","2026-02-04","2026-02-03 00:07:00","Illes Marshall","NOATUM MARITIME SPAIN SAU","V7A7482"
"2026","","MH","2026-02-04 08:54:00","EILEEN","2,2","","https://www.marinetraffic.com/en/ais/details/ships/mmsi:538070845","","11:22","2026-02-02 10:22:00","2026-02-02","2026-02-04 07:54:00","Iot","08:54","ESBCN","08A","538070845","1007093","ESBCN","Finalitzada","49,9","Barcelona","Barcelona","F","1","81456-1","2026-02-04","2026-02-02 11:22:00","Illes Marshall","MARINA BARCELONA 92 SA","V7YM3"
"2026","","MH","2026-02-13 09:48:00","ARDMORE PURSUIT","13,31","","https://www.marinetraffic.com/en/ais/details/ships/mmsi:538009233","","05:40","2026-02-09 04:40:00","2026-02-09","2026-02-13 08:48:00","Tancs","09:48","ESALG","90A","538009233","9732931","USBTR","Finalitzada","183","Baton Rouge","Algeciras","F","","81707-2","2026-02-13","2026-02-09 05:40:00","Illes Marshall","INCHCAPE SHIPPING SERVICIOS ESPAÑA SA","V7A4485"
"2026","","MH","2026-02-19 23:04:00","HURON","9,82","22,9","https://www.marinetraffic.com/en/ais/details/ships/mmsi:538011029","","14:18","2026-02-18 13:18:00","2026-02-18","2026-02-19 22:04:00","Tancs","23:04","ZZZZZ","90A","538011029","9457878","FRFOS","Finalitzada","156,69","Fos-sur-Mer","Desconegut","F","","81201-2","2026-02-19","2026-02-18 14:18:00","Illes Marshall","ALFASHIP MARITIME SERVICES SL ","V7A6477"
"2026","","MH","2026-02-25 00:44:00","STALLION","13,3","32,2","https://www.marinetraffic.com/en/ais/details/ships/mmsi:538012282","","09:06","2026-02-22 08:06:00","2026-02-22","2026-02-24 23:44:00","Tancs","00:44","ITAUG","90A","538012282","9692129","ITPFX","Finalitzada","183","Porto Foxi (Sarroch)","Augusta","F","","82210-2","2026-02-25","2026-02-22 09:06:00","Illes Marshall","ALFASHIP MARITIME SERVICES SL ","V7B2625"
"2026","","MH","2026-03-09 04:38:00","CHEMICAL FRONTIER","8,86","21","https://www.marinetraffic.com/en/ais/details/ships/mmsi:538010262","","14:13","2026-03-07 13:13:00","2026-03-07","2026-03-09 03:38:00","Tancs","04:38","NLAMS","90A","538010262","9940734","ILHFA","Finalitzada","132","Haifa","Amsterdam","F","","82552-2","2026-03-09","2026-03-07 14:13:00","Illes Marshall","ALFASHIP MARITIME SERVICES SL ","V7A5820"
"2026","","MH","2026-03-13 06:25:00","SAPSAN","12,52","32,2","https://www.marinetraffic.com/en/ais/details/ships/mmsi:538008336","","22:55","2026-03-10 21:55:00","2026-03-10","2026-03-13 05:25:00","Tancs","06:25","LYTIP","90A","538008336","9311713","CYLMS","Finalitzada","183,28","Limassol","Tripoli","F","","82623-3","2026-03-13","2026-03-10 22:55:00","Illes Marshall","ALFASHIP MARITIME SERVICES SL ","V7A2250"
"2026","","MH","2026-03-17 15:44:00","EILEEN","2,2","","https://www.marinetraffic.com/en/ais/details/ships/mmsi:538070845","","08:55","2026-02-04 07:55:00","2026-02-04","2026-03-17 14:44:00","Iot","15:44","ESBCN","06C","538070845","1007093","ESBCN","Finalitzada","49,9","Barcelona","Barcelona","F","","81456-2","2026-03-17","2026-02-04 08:55:00","Illes Marshall","MARINA BARCELONA 92 SA","V7YM3"
"2026","","MT","2026-01-07 11:23:00","YM MARS","6,65","","https://www.marinetraffic.com/en/ais/details/ships/mmsi:215234000","","11:59","2026-01-06 10:59:00","2026-01-06","2026-01-07 10:23:00","Tancs","11:23","ESHUV","90A","215234000","9551806","FRBIA","Finalitzada","109","Bastia","Huelva","F","","80766-2","2026-01-07","2026-01-06 11:59:00","Malta","IBERICA MARITIMA BARCELONA SA","9HA2678"
"2026","","MT","2026-01-08 07:24:00","IMERA","8,7","","https://www.marinetraffic.com/en/ais/details/ships/mmsi:229561000","","21:52","2026-01-06 20:52:00","2026-01-06","2026-01-08 06:24:00","Tancs","07:24","ITAUG","90A","229561000","9458066","MAPTM","Finalitzada","142,98","Tanger Med","Augusta","F","","80752-2","2026-01-08","2026-01-06 21:52:00","Malta","ALFASHIP MARITIME SERVICES SL ","9HA3407"
"2026","","MT","2026-01-10 10:52:00","CHEMICAL TRAVELLER","8,71","","https://www.marinetraffic.com/en/ais/details/ships/mmsi:249066000","","18:26","2026-01-07 17:26:00","2026-01-07","2026-01-10 09:52:00","Tancs","10:52","ESALG","90A","249066000","9804851","ILHFA","Finalitzada","126","Haifa","Algeciras","F","","80753-2","2026-01-10","2026-01-07 18:26:00","Malta","ALFASHIP MARITIME SERVICES SL ","9HA6092"
"2026","","MT","2026-01-12 14:09:00","CGAS LION","7,06","","https://www.marinetraffic.com/en/ais/details/ships/mmsi:249230000","","15:31","2026-01-07 14:31:00","2026-01-07","2026-01-12 13:09:00","Petroliers","14:09","FRLAV","90A","249230000","9578036","FRLAV","Finalitzada","99,9","Lavera","Lavera","F","","80690-2","2026-01-12","2026-01-07 15:31:00","Malta","IBERICA MARITIMA BARCELONA SA","9HA6180"
"2026","","MT","2026-01-12 22:04:00","ZUGA","6,51","","https://www.marinetraffic.com/en/ais/details/ships/mmsi:229171000","","13:38","2026-01-11 12:38:00","2026-01-11","2026-01-12 21:04:00","Tancs","22:04","ITMNP","90A","229171000","9405784","ESSVQ","Finalitzada","100,12","Sevilla","Monopoli","F","","80879-2","2026-01-12","2026-01-11 13:38:00","Malta","ALFASHIP MARITIME SERVICES SL ","9HA2654"
"2026","","MT","2026-01-14 04:00:00","MERITO","8,6","","https://www.marinetraffic.com/en/ais/details/ships/mmsi:249096000","","21:17","2026-01-13 20:17:00","2026-01-13","2026-01-14 03:00:00","Portacontenidors","04:00","ESVLC","90A","249096000","9167942","DZORN","Finalitzada","150","Oran","Valencia","F","","80976-2","2026-01-14","2026-01-13 21:17:00","Malta","MEDITERRANEAN SHIPPING COM ESPAÑA SLU","9HKO9"
"2026","","MT","2026-01-14 05:11:00","EMEK-S","6,76","","https://www.marinetraffic.com/en/ais/details/ships/mmsi:249475000","","23:36","2026-01-12 22:36:00","2026-01-12","2026-01-14 04:11:00","Tancs","05:11","ZZZZZ","90A","249475000","9433561","ITLIV","Finalitzada","119,6","Livorno","Desconegut","F","","80888-2","2026-01-14","2026-01-12 23:36:00","Malta","IBERICA MARITIMA BARCELONA SA","9HTA9"
"2026","","MT","2026-01-14 07:28:00","SPRING S","8,71","","https://www.marinetraffic.com/en/ais/details/ships/mmsi:249821000","","08:00","2026-01-13 07:00:00","2026-01-13","2026-01-14 06:28:00","Tancs","07:28","GRPER","90A","249821000","9416812","PTSIE","Finalitzada","128,6","Sines","Perama","F","","80800-2","2026-01-14","2026-01-13 08:00:00","Malta","ERHARDT SHIPPING SERVICES SL","9HA6396"
"2026","","MT","2026-01-19 15:35:00","SEYMA","6,32","","https://www.marinetraffic.com/en/ais/details/ships/mmsi:229546000","","00:57","2026-01-14 23:57:00","2026-01-15","2026-01-19 14:35:00","Tancs","15:35","FRNOU","90A","229546000","9596777","FRNOU","Finalitzada","121,62","Port-la-Nouvelle","Port-la-Nouvelle","F","","81073-2","2026-01-19","2026-01-15 00:57:00","Malta","ALFASHIP MARITIME SERVICES SL ","9HA3396"
"2026","","MT","2026-01-25 17:25:00","SEYMA","6,32","","https://www.marinetraffic.com/en/ais/details/ships/mmsi:229546000","","05:59","2026-01-24 04:59:00","2026-01-24","2026-01-25 16:25:00","Tancs","17:25","FRFOS","90A","229546000","9596777","ESBCN","Finalitzada","121,62","Barcelona","Fos-sur-Mer","F","","81237-2","2026-01-25","2026-01-24 05:59:00","Malta","ALFASHIP MARITIME SERVICES SL ","9HA3396"
"2026","","MT","2026-01-28 00:17:00","CGAS LION","7,06","","https://www.marinetraffic.com/en/ais/details/ships/mmsi:249230000","","14:28","2026-01-26 13:28:00","2026-01-26","2026-01-27 23:17:00","Petroliers","00:17","FRLAV","90A","249230000","9578036","FRLAV","Finalitzada","99,9","Lavera","Lavera","F","","81150-2","2026-01-28","2026-01-26 14:28:00","Malta","IBERICA MARITIMA BARCELONA SA","9HA6180"
"2026","","MT","2026-01-28 12:02:00","HTM EVEREST","11,52","27,4","https://www.marinetraffic.com/en/ais/details/ships/mmsi:248029000","","20:23","2026-01-27 19:23:00","2026-01-27","2026-01-28 11:02:00","Tancs","12:02","ZZZZZ","90A","248029000","9470985","ITGOA","Finalitzada","184,32","Genoa","Desconegut","F","","81319-2","2026-01-28","2026-01-27 20:23:00","Malta","ITALMAR 3000 SL","9HA6483"
"2026","","MT","2026-01-31 04:55:00","SARAJEVO","8,15","","https://www.marinetraffic.com/en/ais/details/ships/mmsi:249343000","","19:31","2026-01-29 18:31:00","2026-01-29","2026-01-31 03:55:00","Tancs","04:55","ITGOA","90A","249343000","9477490","MTMLA","Finalitzada","129,5","Malta (Valetta)","Genoa","F","","81382-2","2026-01-31","2026-01-29 19:31:00","Malta","ERHARDT SHIPPING SERVICES SL","9HPX9"
"2026","","MT","2026-02-01 21:37:00","SILENDI","9,73","23,2","https://www.marinetraffic.com/en/ais/details/ships/mmsi:248333000","","17:18","2026-01-30 16:18:00","2026-01-30","2026-02-01 20:37:00","Tancs","21:37","ZZZZZ","90A","248333000","9508720","ITPFX","Finalitzada","149,9","Porto Foxi (Sarroch)","Desconegut","F","","81402-2","2026-02-01","2026-01-30 17:18:00","Malta","ALFASHIP MARITIME SERVICES SL ","9HA2323"
"2026","","MT","2026-02-02 07:52:00","HTM EVEREST","11,52","27,4","https://www.marinetraffic.com/en/ais/details/ships/mmsi:248029000","","05:03","2026-01-31 04:03:00","2026-01-31","2026-02-02 06:52:00","Tancs","07:52","ZZZZZ","90A","248029000","9470985","ITGOA","Finalitzada","184,32","Genoa","Desconegut","F","","81319-3","2026-02-02","2026-01-31 05:03:00","Malta","ITALMAR 3000 SL","9HA6483"
"2026","","MT","2026-02-02 10:15:00","VISBORG","6,41","25","https://www.marinetraffic.com/en/ais/details/ships/mmsi:229455000","","10:56","2026-01-31 09:56:00","2026-01-31","2026-02-02 09:15:00","Transbordadors","10:15","DZALG","90A","229455000","9223784","ESVLC","Finalitzada","196","Valencia","Alger (Algiers)","F","","81502-2","2026-02-02","2026-01-31 10:56:00","Malta","BALEARIA EUROLINEAS MARITIMAS SA ","9HA5499"
"2026","","MT","2026-02-03 01:45:00","HITRA","6,34","","https://www.marinetraffic.com/en/ais/details/ships/mmsi:249421000","","01:10","2026-02-02 00:10:00","2026-02-02","2026-02-03 00:45:00","Tancs","01:45","ITGOA","90A","249421000","9413652","NLRTM","Finalitzada","107,6","Rotterdam","Genoa","F","","81465-2","2026-02-03","2026-02-02 01:10:00","Malta","IBERICA MARITIMA BARCELONA SA","9HRO9"
"2026","","MT","2026-02-03 03:08:00","HISTRIA GEMMA","11","","https://www.marinetraffic.com/en/ais/details/ships/mmsi:256515000","","16:47","2026-01-31 15:47:00","2026-01-31","2026-02-03 02:08:00","Tancs","03:08","MTMLA","90A","256515000","9436719","FRDKK","Finalitzada","179,88","Dunkerque","Malta (Valetta)","F","","81340-2","2026-02-03","2026-01-31 16:47:00","Malta","ALFASHIP MARITIME SERVICES SL ","9HA5871"
"2026","","MT","2026-02-03 17:23:00","EMEK-S","6,76","16,89","https://www.marinetraffic.com/en/ais/details/ships/mmsi:249475000","","06:32","2026-02-02 05:32:00","2026-02-02","2026-02-03 16:23:00","Tancs","17:23","ZZZZZ","90A","249475000","9433561","ITLIV","Finalitzada","119,6","Livorno","Desconegut","F","","81467-2","2026-02-03","2026-02-02 06:32:00","Malta","IBERICA MARITIMA BARCELONA SA","9HTA9"
"2026","","MT","2026-02-03 21:06:00","SEYMA","6,32","","https://www.marinetraffic.com/en/ais/details/ships/mmsi:229546000","","01:19","2026-01-29 00:19:00","2026-01-29","2026-02-03 20:06:00","Tancs","21:06","ITSVN","90A","229546000","9596777","FRNOU","Finalitzada","121,62","Port-la-Nouvelle","Savona","F","","81412-2","2026-02-03","2026-01-29 01:19:00","Malta","IBERICA MARITIMA BARCELONA SA","9HA3396"
"2026","","MT","2026-02-04 23:36:00","VISBORG","6,41","25","https://www.marinetraffic.com/en/ais/details/ships/mmsi:229455000","","18:19","2026-02-04 17:19:00","2026-02-04","2026-02-04 22:36:00","Transbordadors","23:36","ESVLC","90A","229455000","9223784","DZALG","Finalitzada","196","Alger (Algiers)","Valencia","F","","81503-2","2026-02-04","2026-02-04 18:19:00","Malta","BALEARIA EUROLINEAS MARITIMAS SA ","9HA5499"
"2026","","MT","2026-02-05 00:17:00","VALTELLINA","11,32","","https://www.marinetraffic.com/en/ais/details/ships/mmsi:215054000","","18:13","2026-02-04 17:13:00","2026-02-04","2026-02-04 23:17:00","Tancs","00:17","LYTIP","90A","215054000","9384136","ITLIV","Finalitzada","184,32","Livorno","Tripoli","F","","81565-3","2026-02-05","2026-02-04 18:13:00","Malta","ITALMAR 3000 SL","9HA4937"
"2026","","MT","2026-02-05 06:15:00","CARPE DIEM","10,1","","https://www.marinetraffic.com/en/ais/details/ships/mmsi:249564000","","22:03","2026-02-02 21:03:00","2026-02-02","2026-02-05 05:15:00","Tancs","06:15","ESALG","90A","249564000","9428815","ESTAR","Finalitzada","170,1","Tarragona","Algeciras","F","","81544-2","2026-02-05","2026-02-02 22:03:00","Malta","ERHARDT SHIPPING SERVICES SL","9HA6305"
"2026","","MT","2026-02-07 15:09:00","HTM EVEREST","11,52","27,4","https://www.marinetraffic.com/en/ais/details/ships/mmsi:248029000","","22:46","2026-02-03 21:46:00","2026-02-03","2026-02-07 14:09:00","Tancs","15:09","ZZZZZ","29A","248029000","9470985","ITGOA","Finalitzada","184,32","Genoa","Desconegut","F","7-10","81319-5","2026-02-07","2026-02-03 22:46:00","Malta","ITALMAR 3000 SL","9HA6483"
"2026","","MT","2026-02-08 13:07:00","SAMU","8,7","21,7","https://www.marinetraffic.com/en/ais/details/ships/mmsi:248533000","","11:18","2026-02-05 10:18:00","2026-02-05","2026-02-08 12:07:00","Tancs","13:07","ZZZZZ","90A","248533000","9458054","GEKUL","Finalitzada","142,98","Kulevi","Desconegut","F","","81356-2","2026-02-08","2026-02-05 11:18:00","Malta","ALFASHIP MARITIME SERVICES SL ","9HA2401"
"2026","","MT","2026-02-08 15:45:00","SPRING S","8,71","","https://www.marinetraffic.com/en/ais/details/ships/mmsi:249821000","","11:14","2026-02-08 10:14:00","2026-02-08","2026-02-08 14:45:00","Tancs","15:45","ESTAR","90A","249821000","9416812","ESALG","Finalitzada","128,6","Algeciras","Tarragona","F","","81532-2","2026-02-08","2026-02-08 11:14:00","Malta","ERHARDT SHIPPING SERVICES SL","9HA6396"
"2026","","MT","2026-02-09 11:34:00","YM MIRANDA","8,51","20,6","https://www.marinetraffic.com/en/ais/details/ships/mmsi:229370000","","16:58","2026-01-23 15:58:00","2026-01-23","2026-02-09 10:34:00","Tancs","11:34","ESALG","90A","229370000","9554755","ITLIV","Finalitzada","135,6","Livorno","Algeciras","F","","81138-2","2026-02-09","2026-01-23 16:58:00","Malta","ITALMAR 3000 SL","9HA3277"
"2026","","MT","2026-02-10 01:03:00","DEFNE BAYRAK","6,7","16,6","https://www.marinetraffic.com/en/ais/details/ships/mmsi:215086000","","08:28","2026-02-07 07:28:00","2026-02-07","2026-02-10 00:03:00","Tancs","01:03","ITAUG","90A","215086000","9835032","FRLAV","Finalitzada","109,98","Lavera","Augusta","F","","81704-2","2026-02-10","2026-02-07 08:28:00","Malta","IBERICA MARITIMA BARCELONA SA","9HA4952"
"2026","","MT","2026-02-10 17:56:00","CIELO DI GAETA","10,5","32,2","https://www.marinetraffic.com/en/ais/details/ships/mmsi:229632000","","20:26","2026-01-30 19:26:00","2026-01-30","2026-02-10 16:56:00","Tancs","17:56","ESALG","90A","229632000","9669653","FRLAV","Finalitzada","183,06","Lavera","Algeciras","F","","81507-2","2026-02-10","2026-01-30 20:26:00","Malta","IBERICA MARITIMA BARCELONA SA","9HA3467"
"2026","","MT","2026-02-13 19:39:00","SEYMA","6,32","","https://www.marinetraffic.com/en/ais/details/ships/mmsi:229546000","","20:13","2026-02-10 19:13:00","2026-02-10","2026-02-13 18:39:00","Tancs","19:39","FRNOU","90A","229546000","9596777","ITSVN","Finalitzada","121,62","Savona","Port-la-Nouvelle","F","","81741-2","2026-02-13","2026-02-10 20:13:00","Malta","ALFASHIP MARITIME SERVICES SL ","9HA3396"
"2026","","MT","2026-02-14 19:11:00","SAMU","8,7","21,7","https://www.marinetraffic.com/en/ais/details/ships/mmsi:248533000","","19:44","2026-02-13 18:44:00","2026-02-13","2026-02-14 18:11:00","Tancs","19:11","FRLAV","90A","248533000","9458054","ESBCN","Finalitzada","142,98","Barcelona","Lavera","F","","81703-3","2026-02-14","2026-02-13 19:44:00","Malta","MH BLAND SL","9HA2401"
"2026","","MT","2026-02-18 18:27:00","CGAS LION","7,06","17,41","https://www.marinetraffic.com/en/ais/details/ships/mmsi:249230000","","13:20","2026-02-16 12:20:00","2026-02-16","2026-02-18 17:27:00","Petroliers","18:27","FRLAV","90A","249230000","9578036","FRLAV","Finalitzada","99,9","Lavera","Lavera","F","","81923-2","2026-02-18","2026-02-16 13:20:00","Malta","IBERICA MARITIMA BARCELONA SA","9HA6180"
"2026","","MT","2026-02-21 18:18:00","DIANE A","10","","https://www.marinetraffic.com/en/ais/details/ships/mmsi:229142000","","02:36","2026-02-21 01:36:00","2026-02-21","2026-02-21 17:18:00","Portacontenidors","18:18","FRFOS","90A","229142000","9385532","ESVLC","Finalitzada","184","Valencia","Fos-sur-Mer","F","","81081-2","2026-02-21","2026-02-21 02:36:00","Malta","ARKAS SPAIN SA","9HA5454"
"2026","","MT","2026-02-21 22:31:00","DUZGIT INTEGRITY","7,97","18,9","https://www.marinetraffic.com/en/ais/details/ships/mmsi:249379000","","12:49","2026-02-19 11:49:00","2026-02-19","2026-02-21 21:31:00","Tancs","22:31","ZZZZZ","90A","249379000","9380415","ESVLC","Finalitzada","131,85","Valencia","Desconegut","F","","82138-2","2026-02-21","2026-02-19 12:49:00","Malta","IBERICA MARITIMA BARCELONA SA","9HQS9"
"2026","","MT","2026-02-22 13:16:00","CMA CGM MALTA","11,5","","https://www.marinetraffic.com/en/ais/details/ships/mmsi:229340000","","15:23","2026-02-20 14:23:00","2026-02-20","2026-02-22 12:16:00","Portacontenidors","13:16","MAPTM","90A","229340000","9301433","ESALG","Finalitzada","210,06","Algeciras","Tanger Med","F","","82127-2","2026-02-22","2026-02-20 15:23:00","Malta","CMA CGM IBERICA SAU","9HA5471"
"2026","","MT","2026-02-23 12:56:00","MRC SEMIRAMIS","6,58","","https://www.marinetraffic.com/en/ais/details/ships/mmsi:249028000","","10:45","2026-02-20 09:45:00","2026-02-20","2026-02-23 11:56:00","Tancs","12:56","ITNAP","90A","249028000","9418793","LYZAW","Finalitzada","107,34","Az Zawiyah","Napoli","F","","82147-2","2026-02-23","2026-02-20 10:45:00","Malta","ALFASHIP MARITIME SERVICES SL ","9HIN9"
"2026","","MT","2026-02-23 17:52:00","CAPE TAINARO","16","","https://www.marinetraffic.com/en/ais/details/ships/mmsi:249982000","","12:01","2026-02-22 11:01:00","2026-02-22","2026-02-23 16:52:00","Portacontenidors","17:52","ESVLC","90A","249982000","9706205","ITSPE","Finalitzada","330","La Spezia","Valencia","F","","81554-2","2026-02-23","2026-02-22 12:01:00","Malta","MEDITERRANEAN SHIPPING COM ESPAÑA SLU","9HA4463"
"2026","","MT","2026-02-24 11:02:00","KAPTAN VEYSEL VARDAL","6,76","16,9","https://www.marinetraffic.com/en/ais/details/ships/mmsi:256752000","","23:20","2026-02-22 22:20:00","2026-02-22","2026-02-24 10:02:00","Tancs","11:02","ZZZZZ","90A","256752000","9362140","ESBIO","Finalitzada","119,1","Bilbao","Desconegut","F","","82144-2","2026-02-24","2026-02-22 23:20:00","Malta","ALFASHIP MARITIME SERVICES SL ","9HA5960"
"2026","","MT","2026-02-26 04:41:00","DENSA DERYA","6,86","","https://www.marinetraffic.com/en/ais/details/ships/mmsi:229259000","","08:22","2026-02-24 07:22:00","2026-02-24","2026-02-26 03:41:00","Tancs","04:41","TNSFA","90A","229259000","9367358","FRSET","Finalitzada","122,66","Sete","Sfax","F","","82181-2","2026-02-26","2026-02-24 08:22:00","Malta","IBERICA MARITIMA BARCELONA SA","9HA5428"
"2026","","MT","2026-02-26 06:57:00","MED TUNCER","7,24","","https://www.marinetraffic.com/en/ais/details/ships/mmsi:215033000","","18:42","2026-02-25 17:42:00","2026-02-25","2026-02-26 05:57:00","Tancs","06:57","ITGOA","90A","215033000","9830599","NLRTM","Finalitzada","123,25","Rotterdam","Genoa","F","","82292-2","2026-02-26","2026-02-25 18:42:00","Malta","ERHARDT SHIPPING SERVICES SL","9HA4930"
"2026","","MT","2026-02-27 03:46:00","NQ TULIPA","7,61","18,7","https://www.marinetraffic.com/en/ais/details/ships/mmsi:249502000","","15:23","2026-02-23 14:23:00","2026-02-23","2026-02-27 02:46:00","Tancs","03:46","ZZZZZ","90A","249502000","9312406","ESAVS","Finalitzada","115,5","Aviles","Desconegut","F","","82139-3","2026-02-27","2026-02-23 15:23:00","Malta","IBERICA MARITIMA BARCELONA SA","9HA4269"
"2026","","MT","2026-02-27 04:53:00","AA-D","7,1","17,2","https://www.marinetraffic.com/en/ais/details/ships/mmsi:256992000","","05:46","2026-02-25 04:46:00","2026-02-25","2026-02-27 03:53:00","Tancs","04:53","MAEUN","90A","256992000","9566708","ESALG","Finalitzada","109,92","Algeciras","Laayoune (El Aaiun)","F","","82172-4","2026-02-27","2026-02-25 05:46:00","Malta","ALFASHIP MARITIME SERVICES SL ","9HA2977"
"2026","","MT","2026-02-28 00:25:00","SAKURA THERESA","8,9","","https://www.marinetraffic.com/en/ais/details/ships/mmsi:249828000","","22:36","2026-02-26 21:36:00","2026-02-26","2026-02-27 23:25:00","Tancs","00:25","ESALG","90A","249828000","1026776","ITLIV","Finalitzada","119,16","Livorno","Algeciras","F","","82262-2","2026-02-28","2026-02-26 22:36:00","Malta","IBERICA MARITIMA BARCELONA SA","9HA6399"
"2026","","MT","2026-02-28 01:31:00","DENSA DERYA","6,86","","https://www.marinetraffic.com/en/ais/details/ships/mmsi:229259000","","15:52","2026-02-27 14:52:00","2026-02-27","2026-02-28 00:31:00","Tancs","01:31","TNSFA","90A","229259000","9367358","FRSET","Finalitzada","122,66","Sete","Sfax","F","","82181-3","2026-02-28","2026-02-27 15:52:00","Malta","IBERICA MARITIMA BARCELONA SA","9HA5428"
"2026","","MT","2026-02-28 11:27:00","VALTELLINA","11,32","","https://www.marinetraffic.com/en/ais/details/ships/mmsi:215054000","","10:39","2026-02-26 09:39:00","2026-02-26","2026-02-28 10:27:00","Tancs","11:27","ITPFX","90A","215054000","9384136","ITPFX","Finalitzada","184,32","Porto Foxi (Sarroch)","Porto Foxi (Sarroch)","F","","82322-2","2026-02-28","2026-02-26 10:39:00","Malta","ITALMAR 3000 SL","9HA4937"
"2026","","MT","2026-02-28 19:34:00","GALANI","10,93","","https://www.marinetraffic.com/en/ais/details/ships/mmsi:229821000","","10:44","2026-02-26 09:44:00","2026-02-26","2026-02-28 18:34:00","Portacontenidors","19:34","ESVLC","90A","229821000","9337597","ITGOA","Finalitzada","176,91","Genoa","Valencia","F","","81457-2","2026-02-28","2026-02-26 10:44:00","Malta","ANTILLAS SEA AGENCY SL","9HA3640"
"2026","","MT","2026-03-03 14:02:00","BOMAR VENUS","6,58","","https://www.marinetraffic.com/en/ais/details/ships/mmsi:215135000","","20:58","2026-02-26 19:58:00","2026-02-26","2026-03-03 13:02:00","Tancs","14:02","ESCAS","90A","215135000","9374014","ITLIV","Finalitzada","107,34","Livorno","Castellon de la Plana","F","","82273-2","2026-03-03","2026-02-26 20:58:00","Malta","ALFASHIP MARITIME SERVICES SL ","9HA2648"
"2026","","MT","2026-03-03 18:51:00","SINE A","12,02","","https://www.marinetraffic.com/en/ais/details/ships/mmsi:256318000","","09:48","2026-03-02 08:48:00","2026-03-02","2026-03-03 17:51:00","Portacontenidors","18:51","MACAS","90A","256318000","9343089","EGPSD","Finalitzada","222,15","Port Said","Casablanca","F","","82293-3","2026-03-03","2026-03-02 09:48:00","Malta","NOATUM MARITIME SPAIN SAU","9HA3885"
"2026","","MT","2026-03-04 02:31:00","DUZGIT INTEGRITY","7,97","","https://www.marinetraffic.com/en/ais/details/ships/mmsi:249379000","","05:43","2026-03-01 04:43:00","2026-03-01","2026-03-04 01:31:00","Tancs","02:31","FRFOS","90A","249379000","9380415","FRNOU","Finalitzada","131,85","Port-la-Nouvelle","Fos-sur-Mer","F","","82357-2","2026-03-04","2026-03-01 05:43:00","Malta","ALFASHIP MARITIME SERVICES SL ","9HQS9"
"2026","","MT","2026-03-07 21:25:00","TIGER EYE","13,31","32,2","https://www.marinetraffic.com/en/ais/details/ships/mmsi:256199000","","01:48","2026-03-02 00:48:00","2026-03-02","2026-03-07 20:25:00","Tancs","21:25","ITGOA","90A","256199000","9746255","ITMLZ","Finalitzada","183","Milazzo","Genoa","F","","82483-2","2026-03-07","2026-03-02 01:48:00","Malta","NEXT MARITIME SL","9HA5736"
"2026","","MT","2026-03-08 15:37:00","BOMAR MARS","6,58","","https://www.marinetraffic.com/en/ais/details/ships/mmsi:256784000","","09:54","2026-03-07 08:54:00","2026-03-07","2026-03-08 14:37:00","Tancs","15:37","ZZZZZ","90A","256784000","9377030","ITLIV","Finalitzada","107,34","Livorno","Desconegut","F","","82545-2","2026-03-08","2026-03-07 09:54:00","Malta","ALFASHIP MARITIME SERVICES SL ","9HCM9"
"2026","","MT","2026-03-10 05:21:00","HABIP BAYRAK","7,2","","https://www.marinetraffic.com/en/ais/details/ships/mmsi:229674000","","18:12","2026-03-08 17:12:00","2026-03-08","2026-03-10 04:21:00","Tancs","05:21","ZZZZZ","90A","229674000","9458183","ITAUG","Finalitzada","123,25","Augusta","Desconegut","F","","82499-2","2026-03-10","2026-03-08 18:12:00","Malta","IBERICA MARITIMA BARCELONA SA","9HA5554"
"2026","","MT","2026-03-10 08:10:00","TRANS CHEMICA","8,75","","https://www.marinetraffic.com/en/ais/details/ships/mmsi:256549000","","09:21","2026-03-09 08:21:00","2026-03-09","2026-03-10 07:10:00","Tancs","08:10","ESHUV","90A","256549000","9314715","ESTAR","Finalitzada","123,22","Tarragona","Huelva","F","","82564-2","2026-03-10","2026-03-09 09:21:00","Malta","IBERICA MARITIMA BARCELONA SA","9HA3947"
"2026","","MT","2026-03-10 13:23:00","VALSESIA","11,32","","https://www.marinetraffic.com/en/ais/details/ships/mmsi:215063000","","10:48","2026-03-07 09:48:00","2026-03-07","2026-03-10 12:23:00","Tancs","13:23","EGALY","90A","215063000","9385178","FRFOS","Finalitzada","184,32","Fos-sur-Mer","El Iskandariya (= Alexandria)","F","","82562-3","2026-03-10","2026-03-07 10:48:00","Malta","ITALMAR 3000 SL","9HA4940"
"2026","","MT","2026-03-10 15:47:00","OPTIMUS S","6,23","15,6","https://www.marinetraffic.com/en/ais/details/ships/mmsi:215825000","","00:06","2026-03-03 23:06:00","2026-03-04","2026-03-10 14:47:00","Tancs","15:47","ESCAR","90A","215825000","9291573","ESSVQ","Finalitzada","102,9","Sevilla","Cartagena","F","","82291-2","2026-03-10","2026-03-04 00:06:00","Malta","NEXT MARITIME SL","9HCA8"
"2026","","MT","2026-03-10 23:04:00","BOMAR MARS","6,58","","https://www.marinetraffic.com/en/ais/details/ships/mmsi:256784000","","12:09","2026-03-10 11:09:00","2026-03-10","2026-03-10 22:04:00","Tancs","23:04","MAAGA","90A","256784000","9377030","ESBCN","Finalitzada","107,34","Barcelona","Agadir","F","","82633-2","2026-03-10","2026-03-10 12:09:00","Malta","IBERICA MARITIMA BARCELONA SA","9HCM9"
"2026","","MT","2026-03-11 01:51:00","GALANI","10,93","","https://www.marinetraffic.com/en/ais/details/ships/mmsi:229821000","","08:23","2026-03-01 07:23:00","2026-03-01","2026-03-11 00:51:00","Portacontenidors","01:51","ESVLC","90A","229821000","9337597","ITGOA","Finalitzada","176,91","Genoa","Valencia","F","","81457-3","2026-03-11","2026-03-01 08:23:00","Malta","ANTILLAS SEA AGENCY SL","9HA3640"
"2026","","MT","2026-03-11 13:12:00","BARBARICA","8,9","23","https://www.marinetraffic.com/en/ais/details/ships/mmsi:256885000","","20:13","2026-03-10 19:13:00","2026-03-10","2026-03-11 12:12:00","Tancs","13:12","ITGOA","90A","256885000","9383443","ESHUV","Finalitzada","148,1","Huelva","Genoa","F","","82364-2","2026-03-11","2026-03-10 20:13:00","Malta","BERGE MARITIMA SL","9HA6020"
"2026","","MT","2026-03-12 09:22:00","CGAS LION","7,06","17,41","https://www.marinetraffic.com/en/ais/details/ships/mmsi:249230000","","11:40","2026-03-07 10:40:00","2026-03-07","2026-03-12 08:22:00","Petroliers","09:22","FRLAV","90A","249230000","9578036","FRLAV","Finalitzada","99,9","Lavera","Lavera","F","","82502-2","2026-03-12","2026-03-07 11:40:00","Malta","IBERICA MARITIMA BARCELONA SA","9HA6180"
"2026","","MT","2026-03-12 12:47:00","VB HISPANIA","6,2","13,8","https://www.marinetraffic.com/en/ais/details/ships/mmsi:249188000","","10:44","2026-03-12 09:44:00","2026-03-12","2026-03-12 11:47:00","Altres","12:47","ESTAR","90A","249188000","9476018","MTMLA","Finalitzada","49","Malta (Valetta)","Tarragona","F","","82702-1","2026-03-12","2026-03-12 10:44:00","Malta","TRANSCOMA BALEARES SA","9HA4144"
"2026","","MT","2026-03-12 17:03:00","HISTRIA NARVI","11,11","32,26","https://www.marinetraffic.com/en/ais/details/ships/mmsi:256945000","","10:58","2026-03-10 09:58:00","2026-03-10","2026-03-12 16:03:00","Tancs","17:03","ITPFX","90A","256945000","9800829","EGEDK","Finalitzada","180","El Dekheila","Porto Foxi (Sarroch)","F","","82635-2","2026-03-12","2026-03-10 10:58:00","Malta","ALFASHIP MARITIME SERVICES SL ","9HA6033"
"2026","","MT","2026-03-14 05:54:00","SEADRIVE","13,24","32,2","https://www.marinetraffic.com/en/ais/details/ships/mmsi:229472000","","13:02","2026-03-11 12:02:00","2026-03-11","2026-03-14 04:54:00","Tancs","05:54","GRPIR","90A","229472000","9934137","ILASH","Finalitzada","183,06","Ashdod","Piraeus","F","","82696-2","2026-03-14","2026-03-11 13:02:00","Malta","IBERICA MARITIMA BARCELONA SA","9HA5507"
"2026","","MT","2026-03-14 16:08:00","HISTRIA NARVI","11,11","32,26","https://www.marinetraffic.com/en/ais/details/ships/mmsi:256945000","","10:56","2026-03-14 09:56:00","2026-03-14","2026-03-14 15:08:00","Tancs","16:08","ITPFX","90A","256945000","9800829","EGEDK","Finalitzada","180","El Dekheila","Porto Foxi (Sarroch)","F","","82635-3","2026-03-14","2026-03-14 10:56:00","Malta","ALFASHIP MARITIME SERVICES SL ","9HA6033"
"2026","","MT","2026-03-15 12:47:00","MERITO","8,6","","https://www.marinetraffic.com/en/ais/details/ships/mmsi:249096000","","15:59","2026-03-14 14:59:00","2026-03-14","2026-03-15 11:47:00","Portacontenidors","12:47","ESAGP","90A","249096000","9167942","DZMOS","Finalitzada","150","Mostaganem","Malaga","F","","82648-2","2026-03-15","2026-03-14 15:59:00","Malta","MEDITERRANEAN SHIPPING COM ESPAÑA SLU","9HKO9"
"2026","","MT","2026-03-17 17:06:00","MRC EMIRHAN","6,58","15,8","https://www.marinetraffic.com/en/ais/details/ships/mmsi:249567000","","01:56","2026-03-14 00:56:00","2026-03-14","2026-03-17 16:06:00","Tancs","17:06","ZZZZZ","90A","249567000","9444936","ESHUV","Finalitzada","107,34","Huelva","Desconegut","F","","82695-2","2026-03-17","2026-03-14 01:56:00","Malta","IBERICA MARITIMA BARCELONA SA","9HUY9"
"2026","","NL","2026-02-03 17:53:00","IDUN R","3,95","14,01","https://www.marinetraffic.com/en/ais/details/ships/mmsi:246773000","","08:35","2026-01-17 07:35:00","2026-01-17","2026-02-03 16:53:00","Altres","17:53","ESALG","99B","246773000","8325250","PTFDF","Finalitzada","78,95","Figueira da Foz","Algeciras","F","","80964-1","2026-02-03","2026-01-17 08:35:00","Països Baixos","A PEREZ Y CIA SL","PCJJ"
"2026","","NL","2026-02-09 13:51:00","PERFECT","6,08","","https://www.marinetraffic.com/en/ais/details/ships/mmsi:244058000","","13:34","2026-02-07 12:34:00","2026-02-07","2026-02-09 12:51:00","Càrrega (Lo-Lo)","13:51","DEBRE","90A","244058000","9371854","ITPIO","Finalitzada","118,4","Piombino","Bremen","F","","81634-2","2026-02-09","2026-02-07 13:34:00","Països Baixos","ERSHIP SA","PBTA"
"2026","","NL","2026-02-11 01:54:00","VERTOM CYTA","6,23","14,3","https://www.marinetraffic.com/en/ais/details/ships/mmsi:244928000","","16:10","2026-02-10 15:10:00","2026-02-10","2026-02-11 00:54:00","Càrrega (Lo-Lo)","01:54","NOGLO","90A","244928000","9938731","ESSAG","Finalitzada","118,6","Sagunto","Glomfjord","F","","81692-2","2026-02-11","2026-02-10 16:10:00","Països Baixos","ERSHIP SA","PFSI"
"2026","","NL","2026-02-21 13:14:00","VERTOM PATTY","6,23","","https://www.marinetraffic.com/en/ais/details/ships/mmsi:246360000","","05:56","2026-02-20 04:56:00","2026-02-20","2026-02-21 12:14:00","Càrrega (Lo-Lo)","13:14","DEBRE","90A","246360000","9938729","ESSAG","Finalitzada","118,6","Sagunto","Bremen","F","","82208-2","2026-02-21","2026-02-20 05:56:00","Països Baixos","ERSHIP SA","PEXL"
"2026","","NO","2026-01-24 12:41:00","WILSON SAGA","6,69","","https://www.marinetraffic.com/en/ais/details/ships/mmsi:257077520","","10:05","2026-01-17 09:05:00","2026-01-17","2026-01-24 11:41:00","Càrrega (Lo-Lo)","12:41","NLAMS","90A","257077520","8918461","MANDR","Finalitzada","112,7","Nador","Amsterdam","F","","81124-2","2026-01-24","2026-01-17 10:05:00","Noruega","ERSHIP SA","LAII8"
"2026","","PA","2026-01-14 13:59:00","SWAN INDIAN","9,72","23,7","https://www.marinetraffic.com/en/ais/details/ships/mmsi:370568000","","11:01","2026-01-14 10:01:00","2026-01-14","2026-01-14 12:59:00","Tancs","13:59","ZZZZZ","90A","370568000","9724051","FRFOS","Finalitzada","145,5","Fos-sur-Mer","Desconegut","F","","80804-2","2026-01-14","2026-01-14 11:01:00","Panamà","ALFASHIP MARITIME SERVICES SL ","H9AQ"
"2026","","PA","2026-01-24 00:17:00","SWAN INDIAN","9,72","23,7","https://www.marinetraffic.com/en/ais/details/ships/mmsi:370568000","","22:26","2026-01-15 21:26:00","2026-01-15","2026-01-23 23:17:00","Tancs","00:17","ZZZZZ","90A","370568000","9724051","FRFOS","Finalitzada","145,5","Fos-sur-Mer","Desconegut","F","","80804-3","2026-01-24","2026-01-15 22:26:00","Panamà","ALFASHIP MARITIME SERVICES SL ","H9AQ"
"2026","","PA","2026-01-24 12:43:00","YEBA","7,15","","https://www.marinetraffic.com/en/ais/details/ships/mmsi:374552000","","04:34","2026-01-24 03:34:00","2026-01-24","2026-01-24 11:43:00","Càrrega (Lo-Lo)","12:43","MACAS","90A","374552000","9045728","ESTAR","Finalitzada","125,15","Tarragona","Casablanca","F","","81153-2","2026-01-24","2026-01-24 04:34:00","Panamà","INTRAMEDITERRANEO SA","3EBQ2"
"2026","","PA","2026-01-28 23:36:00","YEBA","7,15","","https://www.marinetraffic.com/en/ais/details/ships/mmsi:374552000","","22:06","2026-01-27 21:06:00","2026-01-27","2026-01-28 22:36:00","Càrrega (Lo-Lo)","23:36","MACAS","90A","374552000","9045728","ESTAR","Finalitzada","125,15","Tarragona","Casablanca","F","","81153-3","2026-01-28","2026-01-27 22:06:00","Panamà","INTRAMEDITERRANEO SA","3EBQ2"
"2026","","PA","2026-02-11 12:43:00","RAVYA","8,62","20,8","https://www.marinetraffic.com/en/ais/details/ships/mmsi:352003053","","12:00","2026-02-08 11:00:00","2026-02-08","2026-02-11 11:43:00","Tancs","12:43","TRTUZ","90A","352003053","9526708","EGSUZ","Finalitzada","142,6","El Suweis (= Suez)","Tuzla","F","","81245-2","2026-02-11","2026-02-08 12:00:00","Panamà","IBERICA MARITIMA BARCELONA SA","3E6601"
"2026","","PA","2026-02-11 14:59:00","CTM ISTMO","10,9","27,4","https://www.marinetraffic.com/en/ais/details/ships/mmsi:352003103","","22:31","2026-02-09 21:31:00","2026-02-09","2026-02-11 13:59:00","Portacontenidors","14:59","ESVLC","90A","352003103","9430870","ITGOA","Finalitzada","175,56","Genoa","Valencia","F","","80992-2","2026-02-11","2026-02-09 22:31:00","Panamà","ANTILLAS SEA AGENCY SL","3E5989"
"2026","","PA","2026-02-20 16:50:00","VEYSEL VARDAL","5,4","","https://www.marinetraffic.com/en/ais/details/ships/mmsi:352001336","","12:15","2026-02-18 11:15:00","2026-02-18","2026-02-20 15:50:00","Tancs","16:50","ZZZZZ","90A","352001336","9079303","UAILK","Finalitzada","84,35","Chornomorsk","Desconegut","F","","81713-2","2026-02-20","2026-02-18 12:15:00","Panamà","ALFASHIP MARITIME SERVICES SL ","TCHV"
"2026","","PA","2026-02-22 08:23:00","MSC LEVANTE F","8,5","","https://www.marinetraffic.com/en/ais/details/ships/mmsi:352898711","","08:23","2026-02-21 07:23:00","2026-02-21","2026-02-22 07:23:00","Portacontenidors","08:23","DZORN","90A","352898711","9330264","DZORN","Finalitzada","147,81","Oran","Oran","F","","81596-2","2026-02-22","2026-02-21 08:23:00","Panamà","MEDITERRANEAN SHIPPING COM ESPAÑA SLU","3E2007"
"2026","","PA","2026-02-24 01:02:00","CRYSTAL","15,2","44","https://www.marinetraffic.com/en/ais/details/ships/mmsi:352003342","","09:34","2026-02-22 08:34:00","2026-02-22","2026-02-24 00:02:00","Tancs","01:02","FRLAV","90A","352003342","9956020","ESCAS","Finalitzada","239,5","Castellon de la Plana","Lavera","F","","82036-3","2026-02-24","2026-02-22 09:34:00","Panamà","ERHARDT SHIPPING SERVICES SL","3E7498"
"2026","","PA","2026-02-27 20:38:00","RAVYA","8,62","20,8","https://www.marinetraffic.com/en/ais/details/ships/mmsi:352003053","","12:44","2026-02-11 11:44:00","2026-02-11","2026-02-27 19:38:00","Tancs","20:38","TRTUZ","01C","352003053","9526708","EGSUZ","Finalitzada","142,6","El Suweis (= Suez)","Tuzla","F","2-5","81245-1","2026-02-27","2026-02-11 12:44:00","Panamà","IBERICA MARITIMA BARCELONA SA","3E6601"
"2026","","PA","2026-02-28 12:58:00","LOIRE RIVER","5,06","16,5","https://www.marinetraffic.com/en/ais/details/ships/mmsi:353729000","","18:30","2026-02-25 17:30:00","2026-02-25","2026-02-28 11:58:00","Càrrega (Lo-Lo)","12:58","ITSVN","90A","353729000","9368584","FRSET","Finalitzada","121,7","Sete","Savona","F","","82342-2","2026-02-28","2026-02-25 18:30:00","Panamà","ERSHIP SA","3FVH7"
"2026","","PA","2026-03-04 04:12:00","BARBAROS HAYRETTIN VARDAL","6,29","","https://www.marinetraffic.com/en/ais/details/ships/mmsi:352002015","","10:15","2026-03-01 09:15:00","2026-03-01","2026-03-04 03:12:00","Tancs","04:12","ESSVQ","90A","352002015","9282675","FRLAV","Finalitzada","105,5","Lavera","Sevilla","F","","82480-2","2026-03-04","2026-03-01 10:15:00","Panamà","IBERICA MARITIMA BARCELONA SA","3E2183"
"2026","","PA","2026-03-09 13:03:00","RAVYA","8,62","20,8","https://www.marinetraffic.com/en/ais/details/ships/mmsi:352003053","","03:00","2026-03-07 02:00:00","2026-03-07","2026-03-09 12:03:00","Tancs","13:03","TRTUZ","01C","352003053","9526708","EGSUZ","Finalitzada","142,6","El Suweis (= Suez)","Tuzla","F","2-5","81245-4","2026-03-09","2026-03-07 03:00:00","Panamà","IBERICA MARITIMA BARCELONA SA","3E6601"
"2026","","PA","2026-03-10 07:19:00","TURKELI","13,02","32,2","https://www.marinetraffic.com/en/ais/details/ships/mmsi:352002699","","16:34","2026-03-09 15:34:00","2026-03-09","2026-03-10 06:19:00","Tancs","07:19","GIGIB","90A","352002699","9396749","TRMER","Finalitzada","183","Mersin","Gibraltar","F","","82579-2","2026-03-10","2026-03-09 16:34:00","Panamà","IBERICA MARITIMA BARCELONA SA","3E5013"
"2026","","PA","2026-03-13 03:28:00","PRECIOUS ADELAIDE","13,28","32,2","https://www.marinetraffic.com/en/ais/details/ships/mmsi:352004338","","13:41","2026-03-10 12:41:00","2026-03-10","2026-03-13 02:28:00","Tancs","03:28","MRNDB","90A","352004338","9982548","ITPFX","Finalitzada","183,07","Porto Foxi (Sarroch)","Nouadhibou","F","","82578-3","2026-03-13","2026-03-10 13:41:00","Panamà","ALFASHIP MARITIME SERVICES SL ","3E6658"
"2026","","PA","2026-03-14 10:36:00","VST OCEANIA","14,7","44","https://www.marinetraffic.com/en/ais/details/ships/mmsi:352003576","","00:31","2026-03-12 23:31:00","2026-03-13","2026-03-14 09:36:00","Granelers","10:36","MTMLA","90A","352003576","9740469","EGSUZ","Finalitzada","249,91","El Suweis (= Suez)","Malta (Valetta)","F","","82692-2","2026-03-14","2026-03-13 00:31:00","Panamà","IBERICA MARITIMA BARCELONA SA","3E5219"
"2026","","PH","2026-03-07 09:35:00","EVA PEARL","9,72","23,7","https://www.marinetraffic.com/en/ais/details/ships/mmsi:548748000","","18:20","2026-03-02 17:20:00","2026-03-02","2026-03-07 08:35:00","Tancs","09:35","ZZZZZ","90A","548748000","9985992","COCTG","Finalitzada","145,53","Cartagena","Desconegut","F","","82264-2","2026-03-07","2026-03-02 18:20:00","Filipines","ALFASHIP MARITIME SERVICES SL ","DYOX"
"2026","","PT","2026-01-06 11:00:00","TANKER BEE 11","6,86","","https://www.marinetraffic.com/en/ais/details/ships/mmsi:255915715","","01:29","2026-01-04 00:29:00","2026-01-04","2026-01-06 10:00:00","Tancs","11:00","ESTAR","90A","255915715","9356646","DZBJA","Finalitzada","122,66","Bejaia (ex Bougie)","Tarragona","F","","80761-2","2026-01-06","2026-01-04 01:29:00","Portugal","NEXT MARITIME SL","CQ2173"
"2026","","PT","2026-01-08 19:25:00","ORAMALIA","7,01","","https://www.marinetraffic.com/en/ais/details/ships/mmsi:255806229","","08:42","2026-01-08 07:42:00","2026-01-08","2026-01-08 18:25:00","Tancs","19:25","ESVLC","90A","255806229","9392640","ITCVV","Finalitzada","103","Civitavecchia","Valencia","F","","80822-2","2026-01-08","2026-01-08 08:42:00","Portugal","ALFASHIP MARITIME SERVICES SL ","CQAO3"
"2026","","PT","2026-01-16 17:40:00","KATHARINA","11,75","","https://www.marinetraffic.com/en/ais/details/ships/mmsi:255806525","","12:31","2026-01-14 11:31:00","2026-01-14","2026-01-16 16:40:00","Portacontenidors","17:40","ESSAG","90A","255806525","9584865","ESSAG","Finalitzada","151,72","Sagunto","Sagunto","F","","80830-2","2026-01-16","2026-01-14 12:31:00","Portugal","SOLUCIONES INTEGRALES MARITIMAS SLU","CQEZ2"
"2026","","PT","2026-01-23 18:06:00","HELENA","11,75","","https://www.marinetraffic.com/en/ais/details/ships/mmsi:255806505","","08:30","2026-01-22 07:30:00","2026-01-22","2026-01-23 17:06:00","Portacontenidors","18:06","ESSAG","90A","255806505","9584487","ESSAG","Finalitzada","151,72","Sagunto","Sagunto","F","","81051-4","2026-01-23","2026-01-22 08:30:00","Portugal","SOLUCIONES INTEGRALES MARITIMAS SLU","CQEW6"
"2026","","PT","2026-01-27 12:17:00","BALTIC STEEL","5,49","","https://www.marinetraffic.com/en/ais/details/ships/mmsi:255915583","","23:35","2026-01-25 22:35:00","2026-01-25","2026-01-27 11:17:00","Càrrega (Lo-Lo)","12:17","NLMOE","90A","255915583","9954008","ITVSO","Finalitzada","89,75","Vasto","Moerdijk","F","","81303-2","2026-01-27","2026-01-25 23:35:00","Portugal","ERSHIP SA","CQ2041"
"2026","","PT","2026-01-30 05:47:00","SONGA AURORA","8,9","","https://www.marinetraffic.com/en/ais/details/ships/mmsi:255806341","","20:50","2026-01-27 19:50:00","2026-01-27","2026-01-30 04:47:00","Tancs","05:47","ESBIO","90A","255806341","9373632","ESCAS","Finalitzada","144,19","Castellon de la Plana","Bilbao","F","","81325-2","2026-01-30","2026-01-27 20:50:00","Portugal","ALFASHIP MARITIME SERVICES SL ","CQEC2"
"2026","","PT","2026-01-30 16:01:00","KATHARINA","11,75","","https://www.marinetraffic.com/en/ais/details/ships/mmsi:255806525","","16:59","2026-01-29 15:59:00","2026-01-29","2026-01-30 15:01:00","Portacontenidors","16:01","ESSAG","90A","255806525","9584865","ESSAG","Finalitzada","151,72","Sagunto","Sagunto","F","","81175-2","2026-01-30","2026-01-29 16:59:00","Portugal","SOLUCIONES INTEGRALES MARITIMAS SLU","CQEZ2"
"2026","","PT","2026-02-02 19:17:00","EFE","6,86","","https://www.marinetraffic.com/en/ais/details/ships/mmsi:255915642","","10:38","2026-01-30 09:38:00","2026-01-30","2026-02-02 18:17:00","Tancs","19:17","FRFOS","90A","255915642","9558763","ESVLC","Finalitzada","123,5","Valencia","Fos-sur-Mer","F","","81320-2","2026-02-02","2026-01-30 10:38:00","Portugal","ALFASHIP MARITIME SERVICES SL ","CQ2100"
"2026","","PT","2026-02-04 14:53:00","RIO FREDRIKSTAD","6,29","","https://www.marinetraffic.com/en/ais/details/ships/mmsi:255916523","","07:24","2026-02-02 06:24:00","2026-02-02","2026-02-04 13:53:00","Tancs","14:53","ESCAR","90A","255916523","9401312","ITVSO","Finalitzada","105,5","Vasto","Cartagena","F","","81464-2","2026-02-04","2026-02-02 07:24:00","Portugal","ALFASHIP MARITIME SERVICES SL ","TCTR8"
"2026","","PT","2026-02-07 23:01:00","LIBERTAS-H","7,75","","https://www.marinetraffic.com/en/ais/details/ships/mmsi:255805480","","14:56","2026-02-07 13:56:00","2026-02-07","2026-02-07 22:01:00","Càrrega (Lo-Lo)","23:01","DZALG","90A","255805480","9388388","ITGOA","Finalitzada","126,85","Genoa","Alger (Algiers)","F","","81205-2","2026-02-07","2026-02-07 14:56:00","Portugal","BERGE MARITIMA SL","CQJB"
"2026","","PT","2026-02-10 04:59:00","CARLA","7,29","","https://www.marinetraffic.com/en/ais/details/ships/mmsi:255805984","","16:30","2026-02-09 15:30:00","2026-02-09","2026-02-10 03:59:00","Portacontenidors","04:59","ESVLC","90A","255805984","9319868","MACAS","Finalitzada","139,88","Casablanca","Valencia","F","","81025-3","2026-02-10","2026-02-09 16:30:00","Portugal","A PEREZ Y CIA SL","CQIK4"
"2026","","PT","2026-02-11 15:42:00","PANDA 003","9,6","26,9","https://www.marinetraffic.com/en/ais/details/ships/mmsi:255915662","","11:46","2026-02-10 10:46:00","2026-02-10","2026-02-11 14:42:00","Portacontenidors","15:42","MACAS","90A","255915662","9968891","ESCAD","Finalitzada","169,95","Cadiz","Casablanca","F","","81184-2","2026-02-11","2026-02-10 11:46:00","Portugal","MARTICO SL","CQ2120"
"2026","","PT","2026-02-13 13:28:00","KATHARINA","11,75","","https://www.marinetraffic.com/en/ais/details/ships/mmsi:255806525","","06:53","2026-02-13 05:53:00","2026-02-13","2026-02-13 12:28:00","Portacontenidors","13:28","ESSAG","90A","255806525","9584865","ESSAG","Finalitzada","151,72","Sagunto","Sagunto","F","","81553-2","2026-02-13","2026-02-13 06:53:00","Portugal","SOLUCIONES INTEGRALES MARITIMAS SLU","CQEZ2"
"2026","","PT","2026-02-14 02:07:00","PANDA 004","9,6","","https://www.marinetraffic.com/en/ais/details/ships/mmsi:255915663","","14:30","2026-02-13 13:30:00","2026-02-13","2026-02-14 01:07:00","Portacontenidors","02:07","NLMOE","90A","255915663","9968906","ESCAD","Finalitzada","169,95","Cadiz","Moerdijk","F","","81187-2","2026-02-14","2026-02-13 14:30:00","Portugal","MARTICO SL","CQ2121"
"2026","","PT","2026-02-14 15:12:00","MORAIME","6,7","","https://www.marinetraffic.com/en/ais/details/ships/mmsi:255804480","","19:00","2026-02-12 18:00:00","2026-02-12","2026-02-14 14:12:00","Càrrega (Lo-Lo)","15:12","ESCAS","22C","255804480","9423853","ESALD","Finalitzada","118","Alcudia","Castellon de la Plana","F","6-8","81609-2","2026-02-14","2026-02-12 19:00:00","Portugal","COMA Y RIBAS SL","CQSB"
"2026","","PT","2026-02-18 07:03:00","LIBERTAS-H","7,75","20,4","https://www.marinetraffic.com/en/ais/details/ships/mmsi:255805480","","21:26","2026-02-17 20:26:00","2026-02-17","2026-02-18 06:03:00","Càrrega (Lo-Lo)","07:03","FRFOS","30A","255805480","9388388","ESCAS","Finalitzada","126,85","Castellon de la Plana","Fos-sur-Mer","F","2-4","81566-2","2026-02-18","2026-02-17 21:26:00","Portugal","BERGE MARITIMA SL","CQJB"
"2026","","PT","2026-02-20 12:59:00","AS PETRONIA","11,5","","https://www.marinetraffic.com/en/ais/details/ships/mmsi:255806064","","20:32","2026-02-18 19:32:00","2026-02-18","2026-02-20 11:59:00","Portacontenidors","12:59","MAPTM","90A","255806064","9286786","ESALG","Finalitzada","210,08","Algeciras","Tanger Med","F","","81897-2","2026-02-20","2026-02-18 20:32:00","Portugal","NOATUM MARITIME SPAIN SAU","CQIT6"
"2026","","PT","2026-02-20 20:29:00","HELENA","11,75","","https://www.marinetraffic.com/en/ais/details/ships/mmsi:255806505","","20:33","2026-02-18 19:33:00","2026-02-18","2026-02-20 19:29:00","Portacontenidors","20:29","ESSAG","90A","255806505","9584487","ESSAG","Finalitzada","151,72","Sagunto","Sagunto","F","","81740-2","2026-02-20","2026-02-18 20:33:00","Portugal","SOLUCIONES INTEGRALES MARITIMAS SLU","CQEW6"
"2026","","PT","2026-02-23 20:33:00","MSC TIAN III","10","","https://www.marinetraffic.com/en/ais/details/ships/mmsi:255917251","","14:34","2026-02-22 13:34:00","2026-02-22","2026-02-23 19:33:00","Portacontenidors","20:33","ITNAP","90A","255917251","9359715","PTSIE","Finalitzada","199,9","Sines","Napoli","F","","82044-2","2026-02-23","2026-02-22 14:34:00","Portugal","MEDITERRANEAN SHIPPING COM ESPAÑA SLU","CQ2820"
"2026","","PT","2026-02-25 16:35:00","EFE","6,86","","https://www.marinetraffic.com/en/ais/details/ships/mmsi:255915642","","10:02","2026-02-25 09:02:00","2026-02-25","2026-02-25 15:35:00","Tancs","16:35","ITLIV","90A","255915642","9558763","ESALG","Finalitzada","123,5","Algeciras","Livorno","F","","82261-2","2026-02-25","2026-02-25 10:02:00","Portugal","IBERICA MARITIMA BARCELONA SA","CQ2100"
"2026","","PT","2026-02-28 03:49:00","KATHARINA","11,75","23,4","https://www.marinetraffic.com/en/ais/details/ships/mmsi:255806525","","19:05","2026-02-25 18:05:00","2026-02-25","2026-02-28 02:49:00","Portacontenidors","03:49","ESSAG","90A","255806525","9584865","ESSAG","Finalitzada","151,72","Sagunto","Sagunto","F","","82098-2","2026-02-28","2026-02-25 19:05:00","Portugal","SOLUCIONES INTEGRALES MARITIMAS SLU","CQEZ2"
"2026","","PT","2026-03-02 19:42:00","PANDA 003","9,6","","https://www.marinetraffic.com/en/ais/details/ships/mmsi:255915662","","09:31","2026-03-01 08:31:00","2026-03-01","2026-03-02 18:42:00","Portacontenidors","19:42","NLMOE","90A","255915662","9968891","NLMOE","Finalitzada","169,95","Moerdijk","Moerdijk","F","","81194-2","2026-03-02","2026-03-01 09:31:00","Portugal","MARTICO SL","CQ2120"
"2026","","PT","2026-03-10 20:23:00","K-OCEAN","6,69","18,2","https://www.marinetraffic.com/en/ais/details/ships/mmsi:255805996","","18:13","2026-03-07 17:13:00","2026-03-07","2026-03-10 19:23:00","Portacontenidors","20:23","ESVLC","90A","255805996","9143972","ESALG","Finalitzada","121,76","Algeciras","Valencia","F","","81336-3","2026-03-10","2026-03-07 18:13:00","Portugal","A PEREZ Y CIA SL","CQIL8"
"2026","","PT","2026-03-10 21:52:00","LIBERTAS-H","7,75","","https://www.marinetraffic.com/en/ais/details/ships/mmsi:255805480","","10:58","2026-03-07 09:58:00","2026-03-07","2026-03-10 20:52:00","Càrrega (Lo-Lo)","21:52","DZALG","90A","255805480","9388388","ITGOA","Finalitzada","126,85","Genoa","Alger (Algiers)","F","","81732-2","2026-03-10","2026-03-07 10:58:00","Portugal","BERGE MARITIMA SL","CQJB"
"2026","","PT","2026-03-11 01:53:00","WEC JAN STEEN","8,71","","https://www.marinetraffic.com/en/ais/details/ships/mmsi:255806280","","08:42","2026-03-08 07:42:00","2026-03-08","2026-03-11 00:53:00","Portacontenidors","01:53","ESLPA","90A","255806280","9354416","ESVLC","Finalitzada","134,44","Valencia","Las Palmas","F","","82259-2","2026-03-11","2026-03-08 08:42:00","Portugal","WEC LINES ESPAÑA SLU","CQAU6"
"2026","","PT","2026-03-11 05:58:00","SONGA ATLAS","9","","https://www.marinetraffic.com/en/ais/details/ships/mmsi:255916581","","20:10","2026-03-08 19:10:00","2026-03-08","2026-03-11 04:58:00","Tancs","05:58","ZZZZZ","90A","255916581","9580974","NLAMS","Finalitzada","161,68","Amsterdam","Desconegut","F","","82561-2","2026-03-11","2026-03-08 20:10:00","Portugal","NEXT MARITIME SL","CQ2890"
"2026","","PT","2026-03-13 11:12:00","KATHARINA","11,75","","https://www.marinetraffic.com/en/ais/details/ships/mmsi:255806525","","11:42","2026-03-11 10:42:00","2026-03-11","2026-03-13 10:12:00","Portacontenidors","11:12","ESSAG","90A","255806525","9584865","ESSAG","Finalitzada","151,72","Sagunto","Sagunto","F","","82569-4","2026-03-13","2026-03-11 11:42:00","Portugal","SOLUCIONES INTEGRALES MARITIMAS SLU","CQEZ2"
"2026","","PT","2026-03-14 12:32:00","PANDA 004","9,6","","https://www.marinetraffic.com/en/ais/details/ships/mmsi:255915663","","09:36","2026-03-11 08:36:00","2026-03-11","2026-03-14 11:32:00","Portacontenidors","12:32","NLMOE","90A","255915663","9968906","MACAS","Finalitzada","169,95","Casablanca","Moerdijk","F","","82069-2","2026-03-14","2026-03-11 09:36:00","Portugal","MARTICO SL","CQ2121"
"2026","","PT","2026-03-15 23:20:00","PANDA 005","9,6","","https://www.marinetraffic.com/en/ais/details/ships/mmsi:255915666","","11:16","2026-03-14 10:16:00","2026-03-14","2026-03-15 22:20:00","Portacontenidors","23:20","NLMOE","90A","255915666","9981063","MACAS","Finalitzada","169,95","Casablanca","Moerdijk","F","","82093-2","2026-03-15","2026-03-14 11:16:00","Portugal","MARTICO SL","CQ2124"
"2026","","PT","2026-03-16 16:56:00","SONGA ATLAS","9","","https://www.marinetraffic.com/en/ais/details/ships/mmsi:255916581","","02:30","2026-03-13 01:30:00","2026-03-13","2026-03-16 15:56:00","Tancs","16:56","ZZZZZ","90A","255916581","9580974","NLAMS","Finalitzada","161,68","Amsterdam","Desconegut","F","","82561-3","2026-03-16","2026-03-13 02:30:00","Portugal","NEXT MARITIME SL","CQ2890"
"2026","","SE","2026-01-06 14:00:00","FURE VITEN","9,36","22,8","https://www.marinetraffic.com/en/ais/details/ships/mmsi:265025000","","00:49","2026-01-03 23:49:00","2026-01-04","2026-01-06 13:00:00","Tancs","14:00","FRFOS","90A","265025000","9898204","FRFOS","Finalitzada","149,9","Fos-sur-Mer","Fos-sur-Mer","F","","80760-2","2026-01-06","2026-01-04 00:49:00","Suècia","IBERICA MARITIMA BARCELONA SA","SBOV"
"2026","","SG","2026-01-14 22:18:00","HENRIETTE MAERSK","10,22","","https://www.marinetraffic.com/en/ais/details/ships/mmsi:563097900","","15:47","2026-01-14 14:47:00","2026-01-14","2026-01-14 21:18:00","Tancs","22:18","ITPFX","90A","563097900","9399349","ITAUG","Finalitzada","180","Augusta","Porto Foxi (Sarroch)","F","","80950-2","2026-01-14","2026-01-14 15:47:00","Singapur","ALFASHIP MARITIME SERVICES SL ","9V3479"
"2026","","SG","2026-01-16 23:22:00","PIS PRECIOUS","13,32","","https://www.marinetraffic.com/en/ais/details/ships/mmsi:563648000","","11:24","2026-01-16 10:24:00","2026-01-16","2026-01-16 22:22:00","Tancs","23:22","MRNDB","90A","563648000","9689158","ESTAR","Finalitzada","183","Tarragona","Nouadhibou","F","","80993-3","2026-01-16","2026-01-16 11:24:00","Singapur","IBERICA MARITIMA BARCELONA SA","9V7493"
"2026","","SG","2026-01-19 13:29:00","HENRIETTE MAERSK","10,22","","https://www.marinetraffic.com/en/ais/details/ships/mmsi:563097900","","17:03","2026-01-17 16:03:00","2026-01-17","2026-01-19 12:29:00","Tancs","13:29","ITPFX","90A","563097900","9399349","ITAUG","Finalitzada","180","Augusta","Porto Foxi (Sarroch)","F","","80950-3","2026-01-19","2026-01-17 17:03:00","Singapur","ALFASHIP MARITIME SERVICES SL ","9V3479"
"2026","","SG","2026-02-12 21:57:00","HAFNIA BERING","11,9","27,4","https://www.marinetraffic.com/en/ais/details/ships/mmsi:566255000","","22:41","2026-02-10 21:41:00","2026-02-10","2026-02-12 20:57:00","Tancs","21:57","ZZZZZ","90A","566255000","9725603","ESALG","Finalitzada","184,26","Algeciras","Desconegut","F","","81709-2","2026-02-12","2026-02-10 22:41:00","Singapur","ERHARDT SHIPPING SERVICES SL","9V3278"
"2026","","SG","2026-02-22 21:42:00","GREAT KAPPA","13,32","","https://www.marinetraffic.com/en/ais/details/ships/mmsi:563260100","","20:27","2026-02-21 19:27:00","2026-02-21","2026-02-22 20:42:00","Tancs","21:42","NLAMS","90A","563260100","9873656","SGSIN","Finalitzada","183,24","Singapore","Amsterdam","F","","82140-2","2026-02-22","2026-02-21 20:27:00","Singapur","IBERICA MARITIMA BARCELONA SA","9VDY5"
"2026","","SG","2026-02-23 16:53:00","GINGA MERLIN","9,78","","https://www.marinetraffic.com/en/ais/details/ships/mmsi:564580000","","19:54","2026-02-22 18:54:00","2026-02-22","2026-02-23 15:53:00","Tancs","16:53","TNSFA","90A","564580000","9254252","ESCRS","Finalitzada","147,83","Carboneras","Sfax","F","","81606-2","2026-02-23","2026-02-22 19:54:00","Singapur","IBERICA MARITIMA BARCELONA SA","9V2695"
"2026","","SG","2026-02-25 11:37:00","ASIA LIBERTY","10,02","30","https://www.marinetraffic.com/en/ais/details/ships/mmsi:563080900","","06:18","2026-02-23 05:18:00","2026-02-23","2026-02-25 10:37:00","Tancs","11:37","LYTIP","90A","563080900","9752694","LYTIP","Finalitzada","179,95","Tripoli","Tripoli","F","","82183-2","2026-02-25","2026-02-23 06:18:00","Singapur","ALFASHIP MARITIME SERVICES SL ","9V5665"
"2026","","SG","2026-03-06 18:18:00","MTM VANCOUVER","10,17","24,6","https://www.marinetraffic.com/en/ais/details/ships/mmsi:563090600","","08:13","2026-02-27 07:13:00","2026-02-27","2026-03-06 17:18:00","Tancs","18:18","NLRTM","90A","563090600","9867607","IDDUM","Finalitzada","149,93","Dumai, Sumatra","Rotterdam","F","","82283-2","2026-03-06","2026-02-27 08:13:00","Singapur","IBERICA MARITIMA BARCELONA SA","9V6014"
"2026","","SG","2026-03-10 17:00:00","HAFNIA LYNX","13,28","32,2","https://www.marinetraffic.com/en/ais/details/ships/mmsi:563619000","","02:10","2026-03-10 01:10:00","2026-03-10","2026-03-10 16:00:00","Tancs","17:00","BEANR","90A","563619000","9635808","TRALI","Finalitzada","183","Aliaga","Anvers","F","","82622-2","2026-03-10","2026-03-10 02:10:00","Singapur","ALFASHIP MARITIME SERVICES SL ","9V2340"
"2026","","TG","2026-03-12 21:11:00","LADY EVA","5,81","","https://www.marinetraffic.com/en/ais/details/ships/mmsi:671929000","","09:07","2026-03-12 08:07:00","2026-03-12","2026-03-12 20:11:00","Càrrega (Lo-Lo)","21:11","FRFOS","90A","671929000","9008110","DZDJE","Finalitzada","112","Djen-Djen","Fos-sur-Mer","F","","82489-2","2026-03-12","2026-03-12 09:07:00","Togo","INTRAMEDITERRANEO SA","IBQP"
"2026","","TG","2026-03-18 11:48:00","LADY EVA","5,81","","https://www.marinetraffic.com/en/ais/details/ships/mmsi:671929000","","16:16","2026-03-17 15:16:00","2026-03-17","2026-03-18 10:48:00","Càrrega (Lo-Lo)","11:48","FRFOS","90A","671929000","9008110","DZDJE","Finalitzada","112","Djen-Djen","Fos-sur-Mer","F","","82489-3","2026-03-18","2026-03-17 16:16:00","Togo","INTRAMEDITERRANEO SA","IBQP"
"2026","","TR","2026-02-23 13:07:00","IASOS","12,02","","https://www.marinetraffic.com/en/ais/details/ships/mmsi:271045342","","06:57","2026-02-22 05:57:00","2026-02-22","2026-02-23 12:07:00","Granelers","13:07","ZZZZZ","90A","271045342","9233882","UAILK","Finalitzada","189,99","Chornomorsk","Desconegut","F","","82129-2","2026-02-23","2026-02-22 06:57:00","Turquia","ALFASHIP MARITIME SERVICES SL ","TCA4683"
"2026","","TR","2026-03-08 16:14:00","SAFFET BEY","8,82","","https://www.marinetraffic.com/en/ais/details/ships/mmsi:271000419","","11:04","2026-03-08 10:04:00","2026-03-08","2026-03-08 15:14:00","Ro-Ro","16:14","EGALY","90A","271000419","8417118","GRKLL","Finalitzada","163,81","Kalilimenes","El Iskandariya (= Alexandria)","F","","82507-2","2026-03-08","2026-03-08 11:04:00","Turquia","NOATUM MARITIME SPAIN SAU","TCUZ"
"2026","","VU","2026-02-07 13:00:00","DILEK","6,11","13,6","https://www.marinetraffic.com/en/ais/details/ships/mmsi:577005000","","05:46","2026-02-04 04:46:00","2026-02-04","2026-02-07 12:00:00","Càrrega (Lo-Lo)","13:00","ITOLB","90A","577005000","9169732","TRMER","Finalitzada","88,2","Mersin","Olbia","F","","80901-2","2026-02-07","2026-02-04 05:46:00","Vanuatu","COMA Y RIBAS SL","YJWR3"
"2026","","VU","2026-02-14 09:40:00","DILEK","6,11","13,6","https://www.marinetraffic.com/en/ais/details/ships/mmsi:577005000","","18:14","2026-02-12 17:14:00","2026-02-12","2026-02-14 08:40:00","Càrrega (Lo-Lo)","09:40","ITOLB","22C","577005000","9169732","TRMER","Finalitzada","88,2","Mersin","Olbia","F","2-3","80901-3","2026-02-14","2026-02-12 18:14:00","Vanuatu","COMA Y RIBAS SL","YJWR3"
"2026","","VU","2026-02-17 15:33:00","DILEK","6,11","13,6","https://www.marinetraffic.com/en/ais/details/ships/mmsi:577005000","","09:41","2026-02-14 08:41:00","2026-02-14","2026-02-17 14:33:00","Càrrega (Lo-Lo)","15:33","ITOLB","90A","577005000","9169732","TRMER","Finalitzada","88,2","Mersin","Olbia","F","","80901-4","2026-02-17","2026-02-14 09:41:00","Vanuatu","COMA Y RIBAS SL","YJWR3"
